order_id,order_date,customer_id,product_id,region,quantity,unit_price,discount,revenue
ORD-000001,2024-07-21,CUST-0090,PROD-003,North,13,59.37,0.15,656.04
ORD-000002,2024-02-22,CUST-0127,PROD-001,East,3,254.18,0.05,724.41
ORD-000003,2023-10-20,CUST-0001,PROD-006,North,10,59.68,0.15,507.28
ORD-000004,2024-02-10,CUST-0005,PROD-005,South,4,317.0,0.15,1077.8
ORD-000005,2023-02-25,CUST-0001,PROD-003,South,7,85.68,0.15,509.8
ORD-000006,2024-11-30,CUST-0152,PROD-008,South,10,150.6,0.05,1430.7
ORD-000007,2023-10-11,CUST-0101,PROD-017,South,9,205.84,0.15,1574.68
ORD-000008,2024-03-16,CUST-0003,PROD-018,South,3,395.2,0.1,1067.04
ORD-000009,2024-11-01,CUST-0109,PROD-001,South,6,433.8,0.15,2212.38
ORD-000010,2024-12-20,CUST-0086,PROD-017,South,13,93.9,0.0,1220.7
ORD-000011,2023-10-30,CUST-0004,PROD-005,South,6,480.49,0.1,2594.65
ORD-000012,2024-07-15,CUST-0145,PROD-009,West,14,138.0,0.0,1932.0
ORD-000013,2024-03-18,CUST-0032,PROD-022,South,2,28.01,0.2,44.82
ORD-000014,2024-07-17,CUST-0054,PROD-017,North,7,345.73,0.0,2420.11
ORD-000015,2024-04-11,CUST-0192,PROD-022,East,2,30.92,0.2,49.47
ORD-000016,2024-02-10,CUST-0166,PROD-015,South,12,200.57,0.05,2286.5
ORD-000017,2024-09-21,CUST-0001,PROD-005,West,2,267.28,0.05,507.83
ORD-000018,2023-08-28,CUST-0003,PROD-016,North,11,108.45,0.15,1014.01
ORD-000019,2023-05-12,CUST-0096,PROD-018,East,13,117.3,0.1,1372.41
ORD-000020,2024-08-22,CUST-0022,PROD-001,South,5,274.65,0.05,1304.59
ORD-000021,2024-10-14,CUST-0155,PROD-021,South,1,30.7,0.2,24.56
ORD-000022,2023-03-01,CUST-0061,PROD-024,West,1,17.11,0.2,13.69
ORD-000023,2024-03-12,CUST-0056,PROD-014,West,8,302.18,0.05,2296.57
ORD-000024,2023-01-27,CUST-0111,PROD-011,South,12,113.76,0.05,1296.86
ORD-000025,2023-09-16,CUST-0005,PROD-007,North,9,378.67,0.05,3237.63
ORD-000026,2023-08-28,CUST-0025,PROD-003,South,9,291.79,0.1,2363.5
ORD-000027,2024-03-02,CUST-0168,PROD-019,East,10,149.32,0.05,1418.54
ORD-000028,2024-10-18,CUST-0003,PROD-005,North,9,146.33,0.05,1251.12
ORD-000029,2023-06-14,CUST-0094,PROD-009,South,7,88.49,0.1,557.49
ORD-000030,2023-10-27,CUST-0002,PROD-011,West,4,51.86,0.05,197.07
ORD-000031,2023-07-08,CUST-0185,PROD-011,South,8,281.86,0.0,
ORD-000032,2024-07-15,CUST-0019,PROD-017,South,12,117.25,0.05,1336.65
ORD-000033,2024-07-14,CUST-0100,PROD-003,South,1,233.0,0.15,198.05
ORD-000034,2023-04-09,CUST-0013,PROD-001,South,5,66.23,0.0,331.15
ORD-000035,2024-03-10,CUST-0094,PROD-005,North,14,342.2,0.05,4551.26
ORD-000036,2023-04-01,CUST-0076,PROD-001,East,8,302.56,0.15,2057.41
ORD-000037,2024-09-06,CUST-0014,PROD-003,South,5,149.81,0.1,674.14
ORD-000038,2024-04-30,CUST-0042,PROD-008,North,8,224.07,0.05,1702.93
ORD-000039,2024-10-18,CUST-0063,PROD-017,North,1,205.72,0.05,195.43
ORD-000040,2024-02-01,CUST-0179,PROD-003,West,7,305.69,0.05,2032.84
ORD-000041,2023-04-12,CUST-0155,PROD-006,East,9,159.1,0.0,1431.9
ORD-000042,2024-07-22,CUST-0002,PROD-010,South,1,111.83,0.0,111.83
ORD-000043,2023-03-22,CUST-0005,PROD-015,East,4,302.79,0.05,1150.6
ORD-000044,2023-01-09,CUST-0026,PROD-005,North,4,124.92,0.05,474.7
ORD-000045,2023-09-08,CUST-0090,PROD-012,South,10,331.73,0.05,3151.44
ORD-000046,2023-03-15,CUST-0171,PROD-004,South,4,$424.49,0.0,1697.96
ORD-000047,2024-05-31,CUST-0122,PROD-023,South,1,17.61,0.2,14.09
ORD-000048,2024-09-05,CUST-0005,PROD-014,West,4,93.63,0.0,374.52
ORD-000049,2023-08-31,CUST-0005,PROD-009,South,10,430.3,0.0,4303.0
ORD-000050,2024-03-16,CUST-0090,PROD-002,South,7,222.86,0.05,1482.02
ORD-000051,2024-11-01,CUST-0003,PROD-007,North,4,216.29,0.15,735.39
ORD-000052,2023-08-16,CUST-0154,PROD-025,East,1,19.45,0.2,15.56
ORD-000053,2024-12-02,CUST-0063,PROD-017,South,7,335.9,0.0,2351.3
ORD-000054,2023-10-18,CUST-0062,PROD-017,North,13,200.42,0.15,2214.64
ORD-000055,2024-02-17,CUST-0175,PROD-017,South,2,291.14,0.1,524.05
ORD-000056,2023-04-24,CUST-0103,PROD-010,South,10,473.33,0.05,4496.64
ORD-000057,2023-10-26,CUST-0002,PROD-008,South,1,316.03,0.1,284.43
ORD-000058,2023-06-18,CUST-0001,PROD-003,North,3,306.31,0.1,827.04
ORD-000059,2024-06-10,CUST-0032,PROD-011,East,4,380.54,0.05,1446.05
ORD-000060,2023-05-30,CUST-0007,PROD-001,South,7,450.9,0.15,2682.85
ORD-000061,2023-05-13,CUST-0002,PROD-005,North,4,184.31,0.1,663.52
ORD-000062,2023-10-05,CUST-0005,PROD-009,North,2,386.51,0.1,695.72
ORD-000063,2024-11-23,CUST-0002,PROD-014,East,7,329.95,0.0,2309.65
ORD-000064,2023-12-20,CUST-0194,PROD-007,North,9,108.65,0.1,880.06
ORD-000065,2023-11-04,CUST-0098,PROD-011,South,6,481.01,0.0,2886.06
ORD-000066,2024-08-17,CUST-0005,PROD-012,North,7,96.03,0.05,638.6
ORD-000067,2023-04-10,CUST-0168,PROD-013,West,9,223.0,0.05,1906.65
ORD-000068,2024-10-29,CUST-0122,PROD-002,North,12,424.07,0.0,5088.84
ORD-000069,2023-03-02,CUST-0005,PROD-011,North,4,331.83,0.1,1194.59
ORD-000070,2024-03-21,CUST-0152,PROD-005,West,8,125.23,0.15,851.56
ORD-000071,2024-01-30,CUST-0081,PROD-013,South,11,217.08,0.05,2268.49
ORD-000072,2023-12-13,CUST-0129,PROD-011,South,8,262.85,0.1,1892.52
ORD-000073,2023-02-25,CUST-0003,PROD-002,South,12,229.24,0.15,2338.25
ORD-000074,2024-08-12,CUST-0057,PROD-015,West,12,239.67,0.15,2444.63
ORD-000075,2024-07-07,CUST-0118,PROD-008,North,9,402.8,0.15,3081.42
ORD-000076,2023-06-11,CUST-0047,PROD-021,West,1,28.9,0.2,23.12
ORD-000077,2023-12-12,CUST-0001,PROD-008,South,2,256.9,0.0,513.8
ORD-000078,2023-12-13,CUST-0146,PROD-007,West,1,277.56,0.15,235.93
ORD-000079,2023-06-17,CUST-0005,PROD-012,South,7,208.46,0.0,1459.22
ORD-000080,2024-01-29,CUST-0161,PROD-010,North,12,144.69,0.1,1562.65
ORD-000081,2023-12-04,CUST-0005,PROD-003,West,11,399.28,0.15,3733.27
ORD-000082,2023-02-08,CUST-0004,PROD-012,South,9,414.56,0.0,3731.04
ORD-000083,2023-09-03,CUST-0177,PROD-014,North,8,165.59,0.15,1126.01
ORD-000084,2024-06-06,CUST-0181,PROD-009,North,1,205.78,0.15,174.91
ORD-000085,2023-06-09,CUST-0171,PROD-007,West,8,359.47,0.15,2444.4
ORD-000086,2023-12-08,CUST-0004,PROD-024,North,1,31.24,0.2,24.99
ORD-000087,2024-03-19,CUST-0002,PROD-009,North,1,423.55,0.15,360.02
ORD-000088,2023-09-13,CUST-0177,PROD-017,South,13,183.41,0.1,2145.9
ORD-000089,2024-07-07,CUST-0003,PROD-015,East,9,257.53,0.05,2201.88
ORD-000090,2024-09-19,CUST-0123,PROD-009,North,3,422.93,0.15,1078.47
ORD-000091,2023-01-26,CUST-0139,PROD-015,South,6,$183.19,0.0,1099.14
ORD-000092,2023-02-05,CUST-0176,PROD-005,North,13,382.71,0.15,4228.95
ORD-000093,2024-10-06,CUST-0067,PROD-002,North,8,272.81,0.0,2182.48
ORD-000094,2024-06-19,CUST-0092,PROD-016,North,9,183.59,0.0,1652.31
ORD-000095,2024-05-24,CUST-0166,PROD-005,East,11,386.46,0.0,4251.06
ORD-000096,2023-01-22,CUST-0003,PROD-007,East,2,336.29,0.05,638.95
ORD-000097,2024-07-06,CUST-0005,PROD-017,South,9,352.48,0.1,2855.09
ORD-000098,2023-10-02,CUST-0070,PROD-007,South,10,261.67,0.05,2485.87
ORD-000099,2023-09-07,CUST-0022,PROD-004,North,2,419.71,0.15,713.51
ORD-000100,2024-05-31,CUST-0193,PROD-023,South,2,36.79,0.2,58.86
ORD-000101,2024-12-11,CUST-0180,PROD-007,West,13,15000.0,0.05,150000.0
ORD-000102,2023-09-29,CUST-0026,PROD-002,East,13,380.51,0.1,4451.97
ORD-000103,2023-11-26,CUST-0157,PROD-002,South,14,169.67,0.1,2137.84
ORD-000104,2023-07-19,CUST-0004,PROD-015,West,5,273.48,0.05,1299.03
ORD-000105,2024-07-08,CUST-0058,PROD-015,North,2,137.05,0.15,232.98
ORD-000106,2024-09-25,CUST-0027,PROD-014,East,9,354.02,0.0,3186.18
ORD-000107,2023-04-23,CUST-0199,PROD-012,North,5,406.06,0.05,1928.78
ORD-000108,2024-03-26,CUST-0199,PROD-012,East,4,200.61,0.05,762.32
ORD-000109,2023-06-14,CUST-0117,PROD-008,South,11,512.88,0.0,5641.68
ORD-000110,2023-01-09,CUST-0110,PROD-006,South,11,381.22,0.0,4193.42
ORD-000111,2024-11-26,CUST-0179,PROD-017,West,12,395.33,0.15,4032.37
ORD-000112,2023-01-14,CUST-0001,PROD-018,North,12,82.88,0.0,994.56
ORD-000113,2023-03-06,CUST-0004,PROD-007,South,2,509.75,0.05,968.52
ORD-000114,2024-05-18,CUST-0004,PROD-011,East,13,297.27,0.05,3671.28
ORD-000115,2024-03-10,CUST-0041,PROD-008,North,8,329.92,0.05,2507.39
ORD-000116,2024-07-25,CUST-0084,PROD-006,North,10,356.78,0.1,3211.02
ORD-000117,2024-04-14,CUST-0012,PROD-013,North,9,390.64,0.05,3339.97
ORD-000118,2023-08-29,CUST-0119,PROD-019,North,12,268.81,0.05,3064.43
ORD-000119,2024-04-21,CUST-0059,PROD-010,South,3,374.5,0.0,1123.5
ORD-000120,2023-11-02,CUST-0049,PROD-005,South,4,399.58,0.05,1518.4
ORD-000121,2024-12-21,CUST-0096,PROD-002,South,4,462.41,0.05,1757.16
ORD-000122,2024-08-01,CUST-0186,PROD-012,North,3,294.84,0.15,751.84
ORD-000123,2024-09-02,CUST-0100,PROD-010,South,12,234.65,0.05,2675.01
ORD-000124,2023-05-13,CUST-0062,PROD-015,East,14,230.19,0.0,3222.66
ORD-000125,2024-04-28,CUST-0089,PROD-002,South,3,363.82,0.1,982.31
ORD-000126,2024-03-05,CUST-0151,PROD-011,North,10,83.3,0.05,791.35
ORD-000127,2023-08-30,CUST-0105,PROD-008,North,11,420.2,0.0,4622.2
ORD-000128,2023-05-02,CUST-0005,PROD-012,South,5,420.71,0.15,1788.02
ORD-000129,2024-08-11,CUST-0108,PROD-018,North,14,76.98,0.1,969.95
ORD-000130,2023-06-18,CUST-0035,PROD-005,South,1,295.79,0.05,281.0
ORD-000131,2024-05-17,CUST-0043,PROD-021,North,2,39.33,0.2,62.93
ORD-000132,2024-02-28,CUST-0151,PROD-013,South,4,385.63,0.05,1465.39
ORD-000133,2024-06-19,CUST-0005,PROD-005,South,6,181.16,0.0,1086.96
ORD-000134,2024-09-03,CUST-0114,PROD-008,West,8,318.98,0.1,2296.66
ORD-000135,2024-11-10,CUST-0147,PROD-014,East,5,283.44,0.0,1417.2
ORD-000136,2023-03-19,CUST-0198,PROD-001,North,9,437.43,0.0,3936.87
ORD-000137,2024-07-25,CUST-0068,PROD-006,North,14,411.38,0.1,5183.39
ORD-000138,2024-08-12,CUST-0083,PROD-001,East,8,153.9,0.1,1108.08
ORD-000139,2023-01-05,CUST-0199,PROD-019,South,12,314.57,0.0,3774.84
ORD-000140,2023-06-23,CUST-0002,PROD-008,South,14,357.37,0.05,4753.02
ORD-000141,2023-12-05,CUST-0048,PROD-012,South,5,$246.46,0.0,1232.3
ORD-000142,2023-06-29,CUST-0087,PROD-018,North,12,422.88,0.0,5074.56
ORD-000143,2024-08-23,CUST-0117,PROD-004,North,11,201.33,0.15,1882.44
ORD-000144,2024-11-13,CUST-0005,PROD-014,South,11,487.97,0.15,4562.52
ORD-000145,2024-01-29,CUST-0146,PROD-013,South,4,439.54,0.05,1670.25
ORD-000146,2023-05-13,CUST-0005,PROD-017,East,10,114.83,0.15,976.06
ORD-000147,2024-12-03,CUST-0129,PROD-013,North,10,98.24,0.0,982.4
ORD-000148,2024-03-15,CUST-0137,PROD-015,East,10,111.17,0.0,1111.7
ORD-000149,2024-09-05,CUST-0154,PROD-004,West,2,306.19,0.15,520.52
ORD-000150,2023-11-06,CUST-0004,PROD-018,North,5,119.69,0.1,538.6
ORD-000151,2024-09-26,CUST-0150,PROD-023,North,2,20.15,0.2,32.24
ORD-000152,2024-04-10,CUST-0185,PROD-002,South,3,336.66,0.05,959.48
ORD-000153,2023-10-23,CUST-0024,PROD-019,North,4,333.87,0.05,1268.71
ORD-000154,2024-10-23,CUST-0097,PROD-009,East,8,178.43,0.05,1356.07
ORD-000155,2023-09-17,CUST-0130,PROD-012,South,11,356.28,0.15,3331.22
ORD-000156,2024-10-04,CUST-0125,PROD-006,North,2,437.74,0.05,831.71
ORD-000157,2023-09-22,CUST-0116,PROD-024,West,2,38.94,0.2,62.3
ORD-000158,2023-05-08,CUST-0002,PROD-016,East,12,171.65,0.15,1750.83
ORD-000159,2024-12-17,CUST-0023,PROD-008,North,6,437.11,0.15,2229.26
ORD-000160,2024-07-15,CUST-0084,PROD-018,South,8,408.65,0.0,3269.2
ORD-000161,2024-03-20,CUST-0005,PROD-021,North,1,21.58,0.2,17.26
ORD-000162,2023-09-20,CUST-0193,PROD-004,South,2,299.63,0.1,539.33
ORD-000163,2024-07-27,CUST-0012,PROD-010,North,6,369.72,0.1,1996.49
ORD-000164,2024-05-07,CUST-0067,PROD-014,North,9,179.17,0.1,1451.28
ORD-000165,2023-05-07,CUST-0020,PROD-010,East,9,251.31,0.0,2261.79
ORD-000166,2024-09-21,CUST-0110,PROD-014,West,13,161.14,0.1,1885.34
ORD-000167,2023-10-19,CUST-0136,PROD-004,South,9,170.81,0.0,1537.29
ORD-000168,2024-02-06,CUST-0141,PROD-018,West,13,86.98,0.05,1074.2
ORD-000169,2023-01-01,CUST-0151,PROD-019,South,5,420.25,0.05,1996.19
ORD-000170,2023-06-04,CUST-0159,PROD-009,North,7,147.08,0.1,926.6
ORD-000171,2023-02-24,CUST-0007,PROD-001,East,4,271.62,0.15,923.51
ORD-000172,2024-08-17,CUST-0052,PROD-006,North,7,333.86,0.0,2337.02
ORD-000173,2024-10-09,CUST-0003,PROD-014,North,7,337.44,0.05,2243.98
ORD-000174,2024-12-04,CUST-0005,PROD-025,South,2,32.02,0.2,51.23
ORD-000175,2023-05-19,CUST-0181,PROD-013,North,4,197.99,0.0,791.96
ORD-000176,2024-02-05,CUST-0183,PROD-004,North,2,180.0,0.15,306.0
ORD-000177,2024-04-20,CUST-0157,PROD-010,East,13,96.6,0.15,1067.43
ORD-000178,2024-07-28,CUST-0060,PROD-021,South,2,38.26,0.2,61.22
ORD-000179,2023-07-04,CUST-0034,PROD-008,East,1,264.88,0.15,225.15
ORD-000180,2023-11-25,CUST-0004,PROD-005,West,8,64.59,0.0,516.72
ORD-000181,2024-06-28,CUST-0152,PROD-024,North,1,24.69,0.2,19.75
ORD-000182,2023-12-04,CUST-0135,PROD-019,West,11,194.25,0.0,2136.75
ORD-000183,2024-04-27,CUST-0038,PROD-016,East,12,364.62,0.15,3719.12
ORD-000184,2024-07-15,CUST-0178,PROD-024,North,2,21.52,0.2,34.43
ORD-000185,2023-02-20,CUST-0114,PROD-004,West,12,216.02,0.05,2462.63
ORD-000186,2024-03-15,CUST-0032,PROD-002,North,11,71.84,0.0,790.24
ORD-000187,2024-11-08,CUST-0059,PROD-018,South,6,189.58,0.15,966.86
ORD-000188,2023-03-30,CUST-0120,PROD-007,South,1,182.59,0.1,164.33
ORD-000189,2023-07-04,CUST-0136,PROD-014,East,7,113.21,0.15,673.6
ORD-000190,2023-05-10,CUST-0022,PROD-013,North,2,96.56,0.0,193.12
ORD-000191,2024-06-13,CUST-0003,PROD-012,East,13,194.7,0.0,2531.1
ORD-000192,2024-03-06,CUST-0019,PROD-007,North,12,299.97,0.15,3059.69
ORD-000193,2023-11-13,CUST-0072,PROD-005,South,3,516.27,0.15,1316.49
ORD-000194,2023-05-22,CUST-0010,PROD-014,West,7,265.24,0.05,1763.85
ORD-000195,2023-09-17,CUST-0086,PROD-012,East,1,53.86,0.0,53.86
ORD-000196,2024-11-30,CUST-0070,PROD-005,South,10,232.58,0.0,2325.8
ORD-000197,2024-04-14,CUST-0002,PROD-008,East,7,51.13,0.05,340.01
ORD-000198,2023-05-02,CUST-0017,PROD-004,South,13,357.26,0.15,3947.72
ORD-000199,2023-03-18,CUST-0120,PROD-002,South,14,431.27,0.1,5434.0
ORD-000200,2023-01-17,CUST-0150,PROD-012,South,14,511.8,0.0,7165.2
ORD-000201,2024-07-29,CUST-0094,PROD-001,North,2,198.0,0.0,396.0
ORD-000202,2024-03-12,CUST-0118,PROD-017,East,6,272.66,0.15,1390.57
ORD-000203,2023-05-11,CUST-0124,PROD-009,East,10,255.72,0.0,2557.2
ORD-000204,2024-02-17,CUST-0003,PROD-025,West,2,27.95,0.2,44.72
ORD-000205,2023-08-07,CUST-0046,PROD-005,West,13,211.61,0.15,2338.29
ORD-000206,2024-08-08,CUST-0070,PROD-007,North,7,246.14,0.0,1722.98
ORD-000207,2024-07-23,CUST-0004,PROD-004,South,5,96.38,0.15,409.61
ORD-000208,2023-02-02,CUST-0183,PROD-010,South,6,260.14,0.0,1560.84
ORD-000209,2024-07-20,CUST-0184,PROD-022,South,2,29.05,0.2,46.48
ORD-000210,2023-09-10,CUST-0070,PROD-018,South,8,314.49,0.15,2138.53
ORD-000211,2024-02-13,CUST-0004,PROD-014,West,9,223.07,0.0,2007.63
ORD-000212,2023-07-07,CUST-0001,PROD-012,North,9,125.46,0.0,1129.14
ORD-000213,2023-04-21,CUST-0071,PROD-001,South,1,511.14,0.0,511.14
ORD-000214,2024-09-19,CUST-0001,PROD-006,East,14,210.41,0.0,2945.74
ORD-000215,2023-11-09,CUST-0057,PROD-002,South,3,361.19,0.05,1029.39
ORD-000216,2023-08-01,CUST-0003,PROD-019,East,1,120.48,0.1,108.43
ORD-000217,2024-09-28,CUST-0116,PROD-008,North,5,308.96,0.15,1313.08
ORD-000218,2024-09-27,CUST-0058,PROD-017,South,2,94.67,0.05,179.87
ORD-000219,2023-09-08,CUST-0006,PROD-018,South,11,417.9,0.1,4137.21
ORD-000220,2023-05-23,CUST-0004,PROD-004,South,5,353.73,0.1,1591.78
ORD-000221,2024-04-14,CUST-0042,PROD-006,South,12,$140.55,0.15,1433.61
ORD-000222,2024-09-17,CUST-0040,PROD-001,West,7,114.48,0.0,801.36
ORD-000223,2024-06-18,CUST-0198,PROD-019,East,9,331.26,0.05,2832.27
ORD-000224,2023-08-22,CUST-0021,PROD-002,West,4,398.98,0.05,1516.12
ORD-000225,2023-11-09,CUST-0001,PROD-004,South,9,439.45,0.05,3757.3
ORD-000226,2023-02-27,CUST-0005,PROD-006,East,2,88.76,0.15,150.89
ORD-000227,2023-08-18,CUST-0108,PROD-002,North,6,373.88,0.15,1906.79
ORD-000228,2024-01-19,CUST-0002,PROD-003,South,4,476.94,0.1,1716.98
ORD-000229,2023-11-25,CUST-0176,PROD-017,East,5,332.17,0.05,1577.81
ORD-000230,2024-12-15,CUST-0002,PROD-008,North,8,81.81,0.1,589.03
ORD-000231,2023-05-03,CUST-0087,PROD-023,North,2,36.66,0.2,58.66
ORD-000232,2023-06-07,CUST-0001,PROD-014,South,4,491.93,0.15,1672.56
ORD-000233,2023-06-19,CUST-0002,PROD-006,East,11,50.07,0.1,495.69
ORD-000234,2023-03-23,CUST-0100,PROD-003,North,3,431.07,0.05,1228.55
ORD-000235,2023-12-16,CUST-0014,PROD-016,South,9,197.96,0.1,1603.48
ORD-000236,2024-08-26,CUST-0173,PROD-009,East,11,269.88,0.0,2968.68
ORD-000237,2023-07-25,CUST-0005,PROD-008,West,1,134.66,0.15,114.46
ORD-000238,2024-02-19,CUST-0053,PROD-014,South,14,337.46,0.1,4252.0
ORD-000239,2024-10-21,CUST-0110,PROD-016,East,13,343.35,0.15,3794.02
ORD-000240,2023-01-26,CUST-0050,PROD-005,North,4,139.79,0.15,475.29
ORD-000241,2023-03-25,CUST-0068,PROD-002,South,8,499.9,0.15,3399.32
ORD-000242,2024-01-13,CUST-0076,PROD-015,North,9,186.21,0.15,1424.51
ORD-000243,2023-11-20,CUST-0020,PROD-019,North,4,315.42,0.15,1072.43
ORD-000244,2023-03-18,CUST-0086,PROD-002,North,11,341.28,0.0,3754.08
ORD-000245,2023-07-16,CUST-0145,PROD-022,North,1,18.5,0.2,14.8
ORD-000246,2023-07-22,CUST-0099,PROD-003,West,13,216.0,0.0,2808.0
ORD-000247,2024-01-13,CUST-0003,PROD-001,South,10,275.6,0.0,2756.0
ORD-000248,2024-02-22,CUST-0126,PROD-005,North,1,292.57,0.15,248.68
ORD-000249,2024-01-24,CUST-0039,PROD-011,West,14,397.49,0.0,5564.86
ORD-000250,2024-11-09,CUST-0019,PROD-008,South,13,389.88,0.15,4308.17
ORD-000251,2024-05-07,CUST-0197,PROD-023,South,-15,16.28,0.2,-1500.0
ORD-000252,2023-07-08,CUST-0082,PROD-004,South,14,429.16,0.15,5107.0
ORD-000253,2023-09-27,CUST-0084,PROD-012,South,10,211.09,0.0,2110.9
ORD-000254,2024-11-18,CUST-0194,PROD-013,North,10,248.33,0.1,2234.97
ORD-000255,2024-10-28,CUST-0084,PROD-002,North,13,80.58,0.15,890.41
ORD-000256,2024-12-24,CUST-0012,PROD-001,East,7,252.02,0.05,1675.93
ORD-000257,2024-10-26,CUST-0001,PROD-006,East,12,185.59,0.1,2004.37
ORD-000258,2023-11-10,CUST-0181,PROD-012,North,2,202.93,0.1,365.27
ORD-000259,2024-09-18,CUST-0104,PROD-004,West,12,290.94,0.1,3142.15
ORD-000260,2024-01-09,CUST-0165,PROD-001,South,4,219.59,0.05,834.44
ORD-000261,2024-04-16,CUST-0126,PROD-017,North,6,381.15,0.15,1943.86
ORD-000262,2023-09-24,CUST-0065,PROD-017,South,13,507.27,0.05,6264.78
ORD-000263,2023-01-21,CUST-0004,PROD-014,North,6,411.37,0.1,2221.4
ORD-000264,2023-04-27,CUST-0143,PROD-010,South,5,445.14,0.0,2225.7
ORD-000265,2024-11-28,CUST-0196,PROD-009,South,1,105.13,0.1,94.62
ORD-000266,2024-12-02,CUST-0022,PROD-005,North,9,268.18,0.05,2292.94
ORD-000267,2023-05-03,CUST-0131,PROD-013,South,3,145.61,0.0,436.83
ORD-000268,2023-09-07,CUST-0103,PROD-001,South,12,330.26,0.0,3963.12
ORD-000269,2023-11-21,CUST-0179,PROD-003,North,12,170.69,0.05,1945.87
ORD-000270,2024-02-20,CUST-0005,PROD-005,North,1,328.69,0.05,312.26
ORD-000271,2023-06-16,CUST-0011,PROD-015,West,12,63.29,0.05,721.51
ORD-000272,2024-07-31,CUST-0020,PROD-012,South,6,132.7,0.1,716.58
ORD-000273,2024-01-10,CUST-0070,PROD-004,South,6,302.71,0.05,1725.45
ORD-000274,2024-07-10,CUST-0179,PROD-018,North,12,373.59,0.1,4034.77
ORD-000275,2024-03-07,CUST-0073,PROD-025,East,1,31.0,0.2,24.8
ORD-000276,2023-08-06,CUST-0067,PROD-013,South,14,165.44,0.1,2084.54
ORD-000277,2023-01-14,CUST-0171,PROD-010,North,10,298.53,0.0,2985.3
ORD-000278,2023-09-19,CUST-0184,PROD-015,East,3,399.24,0.15,1018.06
ORD-000279,2024-12-27,CUST-0003,PROD-005,South,1,96.41,0.0,96.41
ORD-000280,2024-07-04,CUST-0127,PROD-003,East,2,86.54,0.1,155.77
ORD-000281,2023-12-22,CUST-0158,PROD-023,South,1,28.73,0.2,22.98
ORD-000282,2024-04-06,CUST-0045,PROD-006,North,2,84.59,0.1,152.26
ORD-000283,2024-09-06,CUST-0066,PROD-025,South,2,22.38,0.2,35.81
ORD-000284,2023-06-19,CUST-0120,PROD-007,South,5,448.21,0.0,2241.05
ORD-000285,2024-04-12,CUST-0053,PROD-017,West,7,226.08,0.05,1503.43
ORD-000286,2023-11-28,CUST-0148,PROD-014,East,2,299.88,0.15,509.8
ORD-000287,2023-08-10,CUST-0004,PROD-008,South,2,247.66,0.1,445.79
ORD-000288,2023-07-27,CUST-0075,PROD-017,South,9,65.06,0.05,556.26
ORD-000289,2024-07-25,CUST-0087,PROD-008,East,9,169.13,0.15,1293.84
ORD-000290,2024-06-24,CUST-0001,PROD-009,South,11,459.28,0.15,4294.27
ORD-000291,2024-07-29,CUST-0177,PROD-012,West,3,81.25,0.05,231.56
ORD-000292,2023-01-31,CUST-0120,PROD-015,North,7,152.88,0.1,963.14
ORD-000293,2024-05-01,CUST-0017,PROD-009,West,5,216.39,0.1,973.75
ORD-000294,2024-04-15,CUST-0048,PROD-009,South,3,273.25,0.05,778.76
ORD-000295,2024-04-08,CUST-0001,PROD-005,East,13,195.53,0.05,2414.8
ORD-000296,2023-06-04,CUST-0184,PROD-004,North,13,345.3,0.0,4488.9
ORD-000297,2023-08-04,CUST-0018,PROD-006,South,12,88.75,0.15,905.25
ORD-000298,2024-06-04,CUST-0013,PROD-022,South,1,21.69,0.2,17.35
ORD-000299,2024-09-01,CUST-0024,PROD-017,South,4,496.72,0.1,1788.19
ORD-000300,2023-12-26,CUST-0182,PROD-011,North,9,425.95,0.15,3258.52
ORD-000301,2023-10-18,CUST-0016,PROD-008,East,12,391.6,0.1,4229.28
ORD-000302,2024-02-25,CUST-0162,PROD-007,South,5,220.52,0.1,992.34
ORD-000303,2024-01-14,CUST-0016,PROD-004,South,13,508.26,0.1,5946.64
ORD-000304,2024-05-08,CUST-0200,PROD-004,North,8,80.29,0.0,642.32
ORD-000305,2024-11-15,CUST-0124,PROD-004,North,10,436.23,0.1,3926.07
ORD-000306,2024-07-27,CUST-0143,PROD-009,West,1,128.88,0.15,109.55
ORD-000307,2024-03-28,CUST-0045,PROD-013,West,5,234.54,0.15,996.8
ORD-000308,2023-10-11,CUST-0049,PROD-006,North,8,334.12,0.0,2672.96
ORD-000309,2024-10-11,CUST-0001,PROD-009,East,11,65.6,0.0,721.6
ORD-000310,2024-11-30,CUST-0005,PROD-014,North,5,294.05,0.05,1396.74
ORD-000311,2024-08-12,CUST-0141,PROD-003,North,14,$387.63,0.15,4612.8
ORD-000312,2023-06-02,CUST-0075,PROD-011,South,12,364.9,0.0,4378.8
ORD-000313,2023-05-24,CUST-0064,PROD-012,West,11,210.64,0.05,2201.19
ORD-000314,2024-03-09,CUST-0154,PROD-024,South,1,33.3,0.2,26.64
ORD-000315,2023-09-17,CUST-0080,PROD-008,East,13,348.98,0.05,4309.9
ORD-000316,2024-06-08,CUST-0039,PROD-018,South,6,454.12,0.15,2316.01
ORD-000317,2023-01-09,CUST-0156,PROD-011,South,5,166.04,0.15,705.67
ORD-000318,2023-05-10,CUST-0022,PROD-003,North,12,310.04,0.05,3534.46
ORD-000319,2024-10-20,CUST-0034,PROD-007,South,1,354.13,0.15,301.01
ORD-000320,2024-07-04,CUST-0091,PROD-017,West,2,397.35,0.0,794.7
ORD-000321,2024-02-16,CUST-0114,PROD-013,South,4,111.32,0.05,423.02
ORD-000322,2024-09-05,CUST-0001,PROD-002,East,8,148.87,0.0,1190.96
ORD-000323,2023-11-11,CUST-0149,PROD-019,East,3,100.34,0.1,270.92
ORD-000324,2024-10-14,CUST-0149,PROD-010,West,4,224.14,0.15,762.08
ORD-000325,2023-05-30,CUST-0112,PROD-014,South,9,230.78,0.05,1973.17
ORD-000326,2024-11-17,CUST-0024,PROD-004,North,2,352.95,0.15,600.02
ORD-000327,2024-04-22,CUST-0181,PROD-013,South,5,243.28,0.0,1216.4
ORD-000328,2024-07-12,CUST-0054,PROD-010,South,8,167.89,0.05,1275.96
ORD-000329,2023-01-08,CUST-0086,PROD-012,North,6,336.71,0.15,1717.22
ORD-000330,2024-06-25,CUST-0050,PROD-005,East,9,138.48,0.1,1121.69
ORD-000331,2023-05-13,CUST-0118,PROD-016,South,8,411.93,0.05,3130.67
ORD-000332,2024-03-07,CUST-0002,PROD-002,North,14,279.75,0.1,3524.85
ORD-000333,2024-04-03,CUST-0048,PROD-005,North,6,355.58,0.1,1920.13
ORD-000334,2024-01-07,CUST-0088,PROD-015,South,7,275.08,0.0,1925.56
ORD-000335,2023-03-31,CUST-0057,PROD-009,South,13,129.69,0.05,1601.67
ORD-000336,2023-09-02,CUST-0063,PROD-016,West,13,381.48,0.0,4959.24
ORD-000337,2023-08-16,CUST-0096,PROD-018,North,1,64.7,0.15,55.0
ORD-000338,2023-04-01,CUST-0162,PROD-004,East,8,296.7,0.1,2136.24
ORD-000339,2024-05-30,CUST-0193,PROD-016,North,6,100.62,0.15,513.16
ORD-000340,2024-08-07,CUST-0123,PROD-004,North,12,166.67,0.15,1700.03
ORD-000341,2024-08-18,CUST-0003,PROD-019,North,3,59.68,0.15,152.18
ORD-000342,2023-04-29,CUST-0005,PROD-012,South,1,490.42,0.0,490.42
ORD-000343,2024-06-18,CUST-0003,PROD-018,North,9,318.9,0.0,2870.1
ORD-000344,2023-02-22,CUST-0033,PROD-007,South,7,155.54,0.1,979.9
ORD-000345,2024-07-27,CUST-0024,PROD-010,North,9,432.44,0.05,3697.36
ORD-000346,2023-11-25,CUST-0002,PROD-009,West,5,116.44,0.15,494.87
ORD-000347,2023-11-05,CUST-0131,PROD-003,South,2,195.8,0.05,372.02
ORD-000348,2024-05-18,CUST-0157,PROD-009,South,6,381.59,0.1,2060.59
ORD-000349,2024-03-31,CUST-0034,PROD-006,North,11,315.27,0.0,3467.97
ORD-000350,2024-05-05,CUST-0059,PROD-004,North,1,100.07,0.0,100.07
ORD-000351,2023-04-24,CUST-0048,PROD-024,West,2,24.34,0.2,38.94
ORD-000352,2023-02-06,CUST-0007,PROD-004,North,3,423.67,0.15,1080.36
ORD-000353,2024-06-13,CUST-0006,PROD-017,North,10,58.2,0.05,552.9
ORD-000354,2023-08-27,CUST-0001,PROD-015,West,4,202.04,0.0,808.16
ORD-000355,2023-11-17,CUST-0003,PROD-010,West,2,299.92,0.15,509.86
ORD-000356,2024-04-22,CUST-0004,PROD-021,East,1,15.4,0.2,12.32
ORD-000357,2023-02-26,CUST-0178,PROD-001,West,11,258.18,0.05,2697.98
ORD-000358,2024-11-25,CUST-0019,PROD-013,East,8,120.1,0.05,912.76
ORD-000359,2024-01-10,CUST-0008,PROD-022,South,1,38.02,0.2,30.42
ORD-000360,2024-03-02,CUST-0028,PROD-005,North,9,68.48,0.1,554.69
ORD-000361,2023-11-28,CUST-0004,PROD-008,North,4,260.98,0.1,939.53
ORD-000362,2024-11-14,CUST-0150,PROD-013,South,4,333.56,0.1,1200.82
ORD-000363,2023-02-11,CUST-0129,PROD-014,North,6,307.24,0.0,1843.44
ORD-000364,2024-11-05,CUST-0092,PROD-007,South,3,435.43,0.15,1110.35
ORD-000365,2023-11-22,CUST-0004,PROD-010,East,7,139.21,0.0,974.47
ORD-000366,2023-09-16,CUST-0055,PROD-005,East,4,271.28,0.0,1085.12
ORD-000367,2024-01-05,CUST-0061,PROD-019,West,13,226.1,0.05,2792.33
ORD-000368,2024-01-16,CUST-0076,PROD-003,East,14,203.72,0.05,2709.48
ORD-000369,2023-08-05,CUST-0160,PROD-015,North,7,220.4,0.1,1388.52
ORD-000370,2023-01-02,CUST-0018,PROD-001,East,14,56.7,0.1,714.42
ORD-000371,2024-06-18,CUST-0004,PROD-002,West,9,124.16,0.1,1005.7
ORD-000372,2023-06-29,CUST-0147,PROD-008,South,11,318.38,0.1,3151.96
ORD-000373,2024-07-04,CUST-0168,PROD-001,West,13,225.04,0.1,2632.97
ORD-000374,2024-02-04,CUST-0005,PROD-007,North,8,321.45,0.1,2314.44
ORD-000375,2023-03-25,CUST-0058,PROD-001,East,1,263.97,0.1,237.57
ORD-000376,2023-02-20,CUST-0117,PROD-016,North,9,336.56,0.0,3029.04
ORD-000377,2024-01-27,CUST-0080,PROD-012,East,3,149.93,0.1,404.81
ORD-000378,2023-11-26,CUST-0173,PROD-011,South,5,251.43,0.0,1257.15
ORD-000379,2024-08-09,CUST-0004,PROD-008,West,4,346.77,0.15,1179.02
ORD-000380,2024-04-18,CUST-0045,PROD-010,South,13,268.11,0.1,3136.89
ORD-000381,2023-09-13,CUST-0004,PROD-011,South,10,224.22,0.15,1905.87
ORD-000382,2023-01-07,CUST-0049,PROD-002,South,13,112.17,0.15,1239.48
ORD-000383,2023-02-18,CUST-0101,PROD-007,East,10,315.48,0.1,2839.32
ORD-000384,2024-05-04,CUST-0071,PROD-006,North,13,116.09,0.15,1282.79
ORD-000385,2024-07-07,CUST-0036,PROD-010,North,12,237.46,0.0,2849.52
ORD-000386,2024-06-04,CUST-0057,PROD-002,North,14,389.43,0.05,5179.42
ORD-000387,2024-01-06,CUST-0002,PROD-019,South,10,270.1,0.05,2565.95
ORD-000388,2024-08-04,CUST-0195,PROD-001,South,14,187.63,0.15,2232.8
ORD-000389,2023-12-05,CUST-0135,PROD-007,South,5,435.8,0.15,1852.15
ORD-000390,2023-12-03,CUST-0101,PROD-001,West,12,126.03,0.0,1512.36
ORD-000391,2023-07-09,CUST-0163,PROD-014,South,2,421.62,0.0,843.24
ORD-000392,2024-10-17,CUST-0157,PROD-013,West,6,83.01,0.15,423.35
ORD-000393,2023-07-01,CUST-0003,PROD-011,North,13,343.05,0.15,3790.7
ORD-000394,2024-05-07,CUST-0095,PROD-025,South,1,18.25,0.2,14.6
ORD-000395,2023-01-17,CUST-0158,PROD-016,South,5,170.57,0.05,810.21
ORD-000396,2023-01-13,CUST-0100,PROD-023,West,2,29.08,0.2,46.53
ORD-000397,2024-03-31,CUST-0025,PROD-025,West,1,33.33,0.2,26.66
ORD-000398,2024-05-08,CUST-0048,PROD-011,South,14,234.03,0.15,2784.96
ORD-000399,2024-01-21,CUST-0012,PROD-017,South,10,390.37,0.0,3903.7
ORD-000400,2024-01-03,CUST-0155,PROD-018,West,8,379.59,0.0,3036.72
ORD-000401,2024-04-06,CUST-0089,PROD-010,South,6,136.07,0.15,693.96
ORD-000402,2024-08-14,CUST-0002,PROD-014,North,14,78.33,0.05,1041.79
ORD-000403,2024-07-22,CUST-0012,PROD-006,North,3,301.03,0.05,857.94
ORD-000404,2023-10-21,CUST-0066,PROD-011,South,8,108.18,0.1,778.9
ORD-000405,2023-02-07,CUST-0158,PROD-016,South,14,364.87,0.1,4597.36
ORD-000406,2024-01-02,CUST-0155,PROD-009,West,3,120.19,0.0,360.57
ORD-000407,2024-10-17,CUST-0008,PROD-014,North,4,188.79,0.0,755.16
ORD-000408,2024-12-13,CUST-0094,PROD-014,East,11,326.29,0.1,3230.27
ORD-000409,2023-06-03,CUST-0102,PROD-015,South,5,306.1,0.0,1530.5
ORD-000410,2024-07-08,CUST-0056,PROD-011,West,14,270.7,0.0,3789.8
ORD-000411,2023-06-19,CUST-0049,PROD-013,South,4,160.78,0.05,610.96
ORD-000412,2024-10-17,CUST-0002,PROD-011,East,12,266.03,0.05,3032.74
ORD-000413,2023-04-11,CUST-0152,PROD-016,North,12,242.82,0.0,2913.84
ORD-000414,2023-11-19,CUST-0183,PROD-022,West,1,19.77,0.2,15.82
ORD-000415,2023-09-11,CUST-0145,PROD-015,North,7,378.44,0.0,2649.08
ORD-000416,2024-07-12,CUST-0005,PROD-016,West,9,222.4,0.15,1701.36
ORD-000417,2024-05-16,CUST-0002,PROD-007,North,4,215.22,0.15,731.75
ORD-000418,2023-04-02,CUST-0134,PROD-014,South,6,169.57,0.1,915.68
ORD-000419,2024-11-11,CUST-0191,PROD-003,East,12,221.77,0.05,2528.18
ORD-000420,2024-08-25,CUST-0200,PROD-006,South,14,180.02,0.05,2394.27
ORD-000421,2023-09-26,CUST-0031,PROD-005,South,14,514.78,0.1,6486.23
ORD-000422,2023-06-10,CUST-0127,PROD-013,South,13,461.15,0.05,5695.2
ORD-000423,2023-02-09,CUST-0004,PROD-015,South,13,107.67,0.05,1329.72
ORD-000424,2023-06-23,CUST-0072,PROD-015,West,11,256.48,0.0,2821.28
ORD-000425,2023-12-07,CUST-0002,PROD-017,East,14,399.85,0.15,4758.22
ORD-000426,2023-10-02,CUST-0171,PROD-025,East,2,23.51,0.2,37.62
ORD-000427,2024-01-08,CUST-0108,PROD-001,North,9,223.7,0.05,1912.63
ORD-000428,2024-12-28,CUST-0009,PROD-012,East,1,320.68,0.0,320.68
ORD-000429,2024-03-20,CUST-0001,PROD-010,South,14,90.26,0.1,1137.28
ORD-000430,2023-04-02,CUST-0005,PROD-008,East,7,374.57,0.05,2490.89
ORD-000431,2023-02-18,CUST-0054,PROD-017,South,3,255.45,0.15,651.4
ORD-000432,2023-01-22,CUST-0083,PROD-017,West,6,287.47,0.05,1638.58
ORD-000433,2023-08-04,CUST-0068,PROD-017,North,11,185.81,0.0,2043.91
ORD-000434,2023-01-08,CUST-0188,PROD-003,East,14,77.63,0.1,978.14
ORD-000435,2024-09-12,CUST-0097,PROD-008,South,8,234.49,0.15,1594.53
ORD-000436,2023-05-25,CUST-0004,PROD-014,South,13,268.26,0.05,3313.01
ORD-000437,2023-05-19,CUST-0001,PROD-008,South,10,145.62,0.15,1237.77
ORD-000438,2024-08-19,CUST-0003,PROD-012,East,10,300.99,0.1,2708.91
ORD-000439,2024-10-07,CUST-0087,PROD-016,West,1,204.02,0.05,193.82
ORD-000440,2023-05-15,CUST-0177,PROD-001,South,4,196.02,0.1,705.67
ORD-000441,2024-11-24,CUST-0025,PROD-005,South,6,475.6,0.15,2425.56
ORD-000442,2023-06-09,CUST-0149,PROD-008,South,7,383.36,0.15,2280.99
ORD-000443,2023-10-19,CUST-0003,PROD-005,South,10,327.47,0.1,2947.23
ORD-000444,2023-09-21,CUST-0197,PROD-022,South,1,32.49,0.2,25.99
ORD-000445,2024-03-26,CUST-0002,PROD-008,West,13,136.19,0.15,1504.9
ORD-000446,2024-12-19,CUST-0184,PROD-012,South,1,273.36,0.15,232.36
ORD-000447,2024-12-23,CUST-0002,PROD-015,North,1,84.43,0.1,75.99
ORD-000448,2023-09-14,CUST-0017,PROD-013,South,1,444.74,0.15,378.03
ORD-000449,2023-12-18,CUST-0005,PROD-013,East,1,146.52,0.15,124.54
ORD-000450,2024-11-11,CUST-0049,PROD-002,South,10,491.38,0.05,4668.11
ORD-000451,2023-10-25,CUST-0146,PROD-014,South,14,96.14,0.15,1144.07
ORD-000452,2023-06-24,CUST-0163,PROD-023,North,2,28.77,0.2,46.03
ORD-000453,2023-10-22,CUST-0061,PROD-007,East,11,386.79,0.1,3829.22
ORD-000454,2023-09-17,CUST-0142,PROD-015,North,14,124.98,0.1,1574.75
ORD-000455,2023-01-22,CUST-0002,PROD-013,West,2,244.96,0.05,465.42
ORD-000456,2023-08-20,CUST-0045,PROD-007,West,8,212.61,0.1,1530.79
ORD-000457,2024-04-08,CUST-0146,PROD-025,North,1,24.96,0.2,19.97
ORD-000458,2023-11-21,CUST-0094,PROD-014,West,12,182.66,0.1,1972.73
ORD-000459,2024-01-01,CUST-0002,PROD-005,North,10,275.62,0.15,2342.77
ORD-000460,2024-10-07,CUST-0043,PROD-004,North,4,145.05,0.1,522.18
ORD-000461,2023-09-10,CUST-0022,PROD-016,North,7,157.38,0.1,991.49
ORD-000462,2024-07-23,CUST-0001,PROD-009,West,9,113.41,0.1,918.62
ORD-000463,2024-10-09,CUST-0030,PROD-002,North,13,272.69,0.1,3190.47
ORD-000464,2024-07-06,CUST-0002,PROD-009,West,9,281.6,0.15,2154.24
ORD-000465,2023-09-03,CUST-0005,PROD-013,South,7,126.63,0.15,753.45
ORD-000466,2023-07-24,CUST-0002,PROD-023,South,2,29.35,0.2,46.96
ORD-000467,2023-10-14,CUST-0006,PROD-011,South,10,332.7,0.0,3327.0
ORD-000468,2024-02-18,CUST-0003,PROD-008,South,7,125.04,0.1,787.75
ORD-000469,2024-02-06,CUST-0043,PROD-017,South,8,183.02,0.15,1244.54
ORD-000470,2024-11-10,CUST-0093,PROD-005,South,14,192.28,0.05,2557.32
ORD-000471,2024-07-03,CUST-0037,PROD-015,South,4,380.68,0.15,1294.31
ORD-000472,2023-04-28,CUST-0027,PROD-006,North,4,211.97,0.15,720.7
ORD-000473,2024-05-11,CUST-0005,PROD-002,South,13,177.17,0.05,2188.05
ORD-000474,2023-07-09,CUST-0164,PROD-019,West,3,276.84,0.15,705.94
ORD-000475,2024-05-05,CUST-0132,PROD-005,East,4,279.74,0.1,1007.06
ORD-000476,2023-09-21,CUST-0034,PROD-021,North,2,27.62,0.2,44.19
ORD-000477,2023-03-27,CUST-0163,PROD-019,South,5,414.44,0.1,1864.98
ORD-000478,2023-10-28,CUST-0017,PROD-016,North,14,64.06,0.1,807.16
ORD-000479,2024-05-18,CUST-0004,PROD-015,East,2,138.75,0.0,277.5
ORD-000480,2024-10-11,CUST-0181,PROD-002,West,10,352.95,0.15,3000.08
ORD-000481,2023-02-14,CUST-0003,PROD-012,South,3,372.8,0.0,1118.4
ORD-000482,2024-11-20,CUST-0004,PROD-010,East,12,380.07,0.0,4560.84
ORD-000483,2024-04-01,CUST-0005,PROD-013,East,6,92.7,0.05,528.39
ORD-000484,2023-02-02,CUST-0089,PROD-008,East,9,212.87,0.0,1915.83
ORD-000485,2024-03-30,CUST-0039,PROD-001,East,3,241.85,0.15,616.72
ORD-000486,2023-12-26,CUST-0194,PROD-024,North,1,29.42,0.2,23.54
ORD-000487,2024-02-16,CUST-0005,PROD-014,North,2,408.15,0.15,693.85
ORD-000488,2023-04-21,CUST-0022,PROD-016,East,13,365.09,0.0,4746.17
ORD-000489,2023-08-13,CUST-0038,PROD-013,East,11,78.58,0.0,864.38
ORD-000490,2024-04-28,CUST-0198,PROD-017,North,13,377.35,0.0,4905.55
ORD-000491,2023-09-08,CUST-0001,PROD-012,South,2,209.81,0.1,377.66
ORD-000492,2023-10-21,CUST-0079,PROD-003,East,1,244.02,0.05,231.82
ORD-000493,2023-01-10,CUST-0035,PROD-006,North,9,202.86,0.05,1734.45
ORD-000494,2024-03-19,CUST-0001,PROD-011,North,7,435.12,0.15,2588.96
ORD-000495,2023-10-23,CUST-0004,PROD-001,South,10,281.79,0.0,2817.9
ORD-000496,2023-10-21,CUST-0029,PROD-001,North,3,339.32,0.0,1017.96
ORD-000497,2024-02-27,CUST-0073,PROD-019,East,6,398.14,0.1,2149.96
ORD-000498,2024-03-27,CUST-0004,PROD-013,South,6,170.81,0.15,871.13
ORD-000499,2023-04-02,CUST-0002,PROD-013,West,12,320.03,0.15,3264.31
ORD-000500,2023-02-11,CUST-0183,PROD-010,South,11,489.31,0.05,5113.29
ORD-000501,2023-12-30,CUST-0113,PROD-001,East,3,15000.0,0.1,150000.0
ORD-000502,2023-04-10,CUST-0005,PROD-012,West,10,319.66,0.15,2717.11
ORD-000503,2023-09-19,CUST-0001,PROD-004,West,11,375.72,0.1,3719.63
ORD-000504,2023-11-28,CUST-0173,PROD-011,North,9,200.47,0.05,1714.02
ORD-000505,2023-12-07,CUST-0003,PROD-017,South,3,270.54,0.05,771.04
ORD-000506,2024-11-17,CUST-0179,PROD-023,West,1,30.41,0.2,24.33
ORD-000507,2023-11-30,CUST-0007,PROD-018,North,1,113.3,0.05,107.64
ORD-000508,2023-07-11,CUST-0003,PROD-001,North,12,205.82,0.05,2346.35
ORD-000509,2023-01-28,CUST-0004,PROD-018,North,9,92.96,0.15,711.14
ORD-000510,2023-09-10,CUST-0123,PROD-014,East,9,188.71,0.15,1443.63
ORD-000511,2024-10-03,CUST-0031,PROD-017,North,7,416.73,0.05,2771.25
ORD-000512,2023-12-10,CUST-0003,PROD-012,North,14,193.52,0.05,2573.82
ORD-000513,2023-07-22,CUST-0002,PROD-013,West,6,302.72,0.15,1543.87
ORD-000514,2024-08-08,CUST-0101,PROD-022,North,1,18.73,0.2,14.98
ORD-000515,2024-07-27,CUST-0149,PROD-025,North,1,29.17,0.2,23.34
ORD-000516,2023-09-14,CUST-0004,PROD-023,North,1,37.56,0.2,30.05
ORD-000517,2023-10-07,CUST-0187,PROD-011,South,4,155.73,0.15,529.48
ORD-000518,2023-09-15,CUST-0172,PROD-010,East,9,205.89,0.0,1853.01
ORD-000519,2023-10-30,CUST-0156,PROD-019,West,7,217.42,0.05,1445.84
ORD-000520,2023-05-15,CUST-0042,PROD-010,South,11,368.27,0.1,3645.87
ORD-000521,2024-04-01,CUST-0002,PROD-015,South,3,88.27,0.1,238.33
ORD-000522,2024-09-16,CUST-0008,PROD-015,West,4,52.57,0.1,189.25
ORD-000523,2023-02-21,CUST-0009,PROD-013,North,5,73.75,0.1,331.88
ORD-000524,2024-07-21,CUST-0113,PROD-001,East,10,381.09,0.05,3620.35
ORD-000525,2023-11-28,CUST-0089,PROD-014,North,14,149.65,0.0,2095.1
ORD-000526,2023-02-13,CUST-0025,PROD-013,East,11,244.16,0.05,2551.47
ORD-000527,2024-05-05,CUST-0003,PROD-009,South,8,362.1,0.15,2462.28
ORD-000528,2023-09-02,CUST-0003,PROD-006,South,8,208.49,0.05,1584.52
ORD-000529,2023-12-24,CUST-0002,PROD-002,South,10,313.85,0.05,2981.58
ORD-000530,2023-08-31,CUST-0111,PROD-011,East,3,397.38,0.0,1192.14
ORD-000531,2024-05-16,CUST-0193,PROD-019,West,2,333.66,0.15,567.22
ORD-000532,2023-11-03,CUST-0123,PROD-021,North,1,32.3,0.2,25.84
ORD-000533,2023-04-13,CUST-0077,PROD-016,North,12,315.05,0.15,3213.51
ORD-000534,2024-12-26,CUST-0085,PROD-009,South,1,226.24,0.1,203.62
ORD-000535,2024-05-03,CUST-0158,PROD-018,North,7,148.86,0.0,1042.02
ORD-000536,2023-12-11,CUST-0088,PROD-008,North,3,191.61,0.05,546.09
ORD-000537,2023-02-01,CUST-0109,PROD-008,East,13,220.86,0.1,2584.06
ORD-000538,2023-08-20,CUST-0004,PROD-018,West,9,223.68,0.0,2013.12
ORD-000539,2023-06-27,CUST-0066,PROD-003,South,1,106.6,0.05,101.27
ORD-000540,2024-06-05,CUST-0003,PROD-004,South,9,75.27,0.15,575.82
ORD-000541,2023-03-30,CUST-0147,PROD-016,North,6,406.52,0.0,2439.12
ORD-000542,2023-08-28,CUST-0002,PROD-013,South,6,333.29,0.05,1899.75
ORD-000543,2024-03-25,CUST-0002,PROD-018,South,12,71.65,0.0,859.8
ORD-000544,2024-08-15,CUST-0009,PROD-004,South,1,74.16,0.1,66.74
ORD-000545,2024-02-11,CUST-0079,PROD-002,East,13,376.11,0.05,4644.96
ORD-000546,2024-06-21,CUST-0003,PROD-021,South,2,21.4,0.2,34.24
ORD-000547,2023-06-11,CUST-0120,PROD-005,South,10,479.84,0.0,4798.4
ORD-000548,2024-07-08,CUST-0023,PROD-007,South,5,490.22,0.05,2328.54
ORD-000549,2023-09-30,CUST-0002,PROD-017,West,13,285.1,0.0,3706.3
ORD-000550,2023-11-09,CUST-0195,PROD-018,North,11,303.41,0.15,2836.88
ORD-000551,2024-04-09,CUST-0001,PROD-012,North,7,349.6,0.05,2324.84
ORD-000552,2023-05-14,CUST-0049,PROD-023,West,2,17.06,0.2,27.3
ORD-000553,2024-03-13,CUST-0173,PROD-010,North,2,160.37,0.05,304.7
ORD-000554,2024-05-18,CUST-0153,PROD-023,West,2,21.09,0.2,33.74
ORD-000555,2023-08-12,CUST-0005,PROD-016,South,5,375.61,0.1,1690.24
ORD-000556,2024-07-02,CUST-0059,PROD-013,East,1,259.24,0.15,220.35
ORD-000557,2024-05-09,CUST-0104,PROD-001,South,11,164.06,0.1,1624.19
ORD-000558,2023-10-07,CUST-0117,PROD-004,South,5,297.56,0.1,1339.02
ORD-000559,2023-12-15,CUST-0003,PROD-003,East,4,214.08,0.15,727.87
ORD-000560,2024-05-23,CUST-0024,PROD-018,South,2,204.37,0.05,388.3
ORD-000561,2023-02-04,CUST-0036,PROD-015,West,3,270.37,0.0,811.11
ORD-000562,2023-08-06,CUST-0160,PROD-017,East,13,391.52,0.05,4835.27
ORD-000563,2023-07-06,CUST-0002,PROD-006,North,14,433.35,0.05,5763.56
ORD-000564,2023-12-13,CUST-0094,PROD-003,North,5,370.8,0.05,1761.3
ORD-000565,2024-05-06,CUST-0130,PROD-007,South,2,404.6,0.0,809.2
ORD-000566,2024-12-27,CUST-0016,PROD-005,North,8,239.3,0.05,1818.68
ORD-000567,2023-06-10,CUST-0064,PROD-002,South,7,407.55,0.1,2567.56
ORD-000568,2023-02-19,CUST-0097,PROD-004,East,4,134.76,0.1,485.14
ORD-000569,2023-10-01,CUST-0105,PROD-006,North,14,144.6,0.1,1821.96
ORD-000570,2024-07-01,CUST-0184,PROD-013,South,1,267.1,0.1,240.39
ORD-000571,2024-08-18,CUST-0182,PROD-022,West,2,26.52,0.2,42.43
ORD-000572,2024-12-22,CUST-0040,PROD-001,North,4,436.97,0.15,1485.7
ORD-000573,2024-09-21,CUST-0009,PROD-024,South,2,20.87,0.2,33.39
ORD-000574,2024-08-20,CUST-0166,PROD-017,South,1,171.27,0.1,154.14
ORD-000575,2023-05-15,CUST-0004,PROD-011,North,4,366.03,0.1,1317.71
ORD-000576,2023-08-30,CUST-0112,PROD-017,South,6,210.78,0.0,1264.68
ORD-000577,2024-09-08,CUST-0119,PROD-012,West,2,368.3,0.0,736.6
ORD-000578,2023-02-01,CUST-0001,PROD-016,West,12,204.02,0.05,2325.83
ORD-000579,2023-01-10,CUST-0074,PROD-017,North,9,364.15,0.1,2949.62
ORD-000580,2023-05-26,CUST-0046,PROD-014,South,14,267.68,0.15,3185.39
ORD-000581,2024-05-19,CUST-0140,PROD-009,South,4,366.83,0.1,1320.59
ORD-000582,2024-02-04,CUST-0045,PROD-013,South,7,183.72,0.1,1157.44
ORD-000583,2023-09-15,CUST-0003,PROD-002,South,7,442.26,0.15,2631.45
ORD-000584,2024-12-17,CUST-0154,PROD-003,North,7,298.81,0.0,2091.67
ORD-000585,2024-11-15,CUST-0032,PROD-011,West,7,337.11,0.0,2359.77
ORD-000586,2023-08-18,CUST-0071,PROD-004,North,5,202.12,0.0,1010.6
ORD-000587,2023-11-07,CUST-0051,PROD-016,West,9,234.13,0.05,2001.81
ORD-000588,2024-08-24,CUST-0186,PROD-004,South,2,467.08,0.1,840.74
ORD-000589,2023-05-26,CUST-0002,PROD-010,North,9,289.78,0.1,2347.22
ORD-000590,2023-03-05,CUST-0110,PROD-017,South,8,479.43,0.05,3643.67
ORD-000591,2023-10-18,CUST-0068,PROD-018,South,14,158.64,0.1,1998.86
ORD-000592,2023-06-25,CUST-0074,PROD-018,North,10,119.0,0.0,1190.0
ORD-000593,2024-03-13,CUST-0157,PROD-018,South,11,400.76,0.15,3747.11
ORD-000594,2024-02-27,CUST-0155,PROD-005,South,7,403.48,0.15,2400.71
ORD-000595,2023-12-22,CUST-0177,PROD-003,East,2,371.03,0.1,667.85
ORD-000596,2024-02-20,CUST-0063,PROD-017,East,7,341.53,0.15,2032.1
ORD-000597,2024-08-02,CUST-0046,PROD-001,West,1,57.01,0.05,54.16
ORD-000598,2024-05-06,CUST-0092,PROD-016,North,7,343.51,0.1,2164.11
ORD-000599,2023-03-24,CUST-0121,PROD-003,North,4,259.57,0.05,986.37
ORD-000600,2024-11-29,CUST-0140,PROD-001,North,13,293.04,0.05,3619.04
ORD-000601,2029-06-15,CUST-0004,PROD-022,South,1,23.95,0.2,19.16
ORD-000602,2023-09-01,CUST-0002,PROD-014,North,3,244.56,0.15,623.63
ORD-000603,2024-07-15,CUST-0162,PROD-014,West,6,224.04,0.15,1142.6
ORD-000604,2023-03-29,CUST-0117,PROD-007,South,3,219.7,0.1,593.19
ORD-000605,2024-09-13,CUST-0069,PROD-003,South,10,401.64,0.0,4016.4
ORD-000606,2024-01-26,CUST-0001,PROD-008,North,5,377.06,0.05,1791.04
ORD-000607,2024-09-18,CUST-0014,PROD-010,North,12,129.26,0.1,1396.01
ORD-000608,2023-07-09,CUST-0145,PROD-019,South,1,321.81,0.15,273.54
ORD-000609,2023-05-08,CUST-0121,PROD-005,East,3,372.91,0.0,1118.73
ORD-000610,2024-06-10,CUST-0011,PROD-012,South,9,250.59,0.05,2142.54
ORD-000611,2023-09-02,CUST-0004,PROD-004,North,13,203.44,0.0,2644.72
ORD-000612,2024-04-25,CUST-0149,PROD-007,North,4,410.22,0.1,1476.79
ORD-000613,2023-07-30,CUST-0189,PROD-012,East,10,372.19,0.05,3535.8
ORD-000614,2023-02-06,CUST-0003,PROD-008,North,5,254.43,0.0,1272.15
ORD-000615,2023-07-25,CUST-0018,PROD-021,North,2,35.94,0.2,57.5
ORD-000616,2023-06-25,CUST-0180,PROD-010,South,10,277.15,0.1,2494.35
ORD-000617,2023-01-27,CUST-0031,PROD-021,South,1,21.27,0.2,17.02
ORD-000618,2023-03-15,CUST-0179,PROD-018,North,14,189.83,0.15,2258.98
ORD-000619,2023-03-19,CUST-0004,PROD-002,South,10,321.91,0.0,3219.1
ORD-000620,2024-03-14,CUST-0147,PROD-019,East,10,315.22,0.05,2994.59
ORD-000621,2023-05-04,CUST-0136,PROD-016,South,5,139.89,0.05,664.48
ORD-000622,2023-07-02,CUST-0123,PROD-012,South,2,72.29,0.15,122.89
ORD-000623,2024-01-24,CUST-0127,PROD-012,West,7,253.6,0.15,1508.92
ORD-000624,2024-08-08,CUST-0074,PROD-009,South,5,208.88,0.1,939.96
ORD-000625,2023-05-28,CUST-0160,PROD-015,West,4,314.76,0.0,1259.04
ORD-000626,2023-06-02,CUST-0151,PROD-016,East,13,101.79,0.1,1190.94
ORD-000627,2024-09-10,CUST-0189,PROD-008,South,5,209.65,0.15,891.01
ORD-000628,2023-11-22,CUST-0009,PROD-003,East,5,391.94,0.05,1861.72
ORD-000629,2024-07-02,CUST-0078,PROD-006,West,4,269.98,0.1,971.93
ORD-000630,2024-05-26,CUST-0074,PROD-025,East,1,24.68,0.2,19.74
ORD-000631,2023-07-26,CUST-0146,PROD-024,South,1,25.13,0.2,20.1
ORD-000632,2023-06-24,CUST-0053,PROD-003,North,14,139.23,0.1,1754.3
ORD-000633,2023-07-20,CUST-0173,PROD-010,North,12,143.7,0.05,1638.18
ORD-000634,2023-12-13,CUST-0112,PROD-003,South,14,467.38,0.1,5888.99
ORD-000635,2023-01-13,CUST-0132,PROD-009,South,4,294.61,0.05,1119.52
ORD-000636,2024-11-12,CUST-0159,PROD-016,South,3,299.09,0.1,807.54
ORD-000637,2024-10-26,CUST-0111,PROD-004,East,14,185.12,0.15,2202.93
ORD-000638,2024-07-06,CUST-0124,PROD-025,East,2,33.17,0.2,53.07
ORD-000639,2024-09-30,CUST-0004,PROD-024,South,2,27.82,0.2,44.51
ORD-000640,2023-08-01,CUST-0158,PROD-014,North,14,252.58,0.15,3005.7
ORD-000641,2024-07-23,CUST-0004,PROD-023,North,2,35.51,0.2,56.82
ORD-000642,2023-01-06,CUST-0197,PROD-010,North,6,190.48,0.15,971.45
ORD-000643,2023-02-06,CUST-0078,PROD-017,South,9,86.41,0.05,738.81
ORD-000644,2023-04-09,CUST-0166,PROD-019,North,4,271.35,0.0,1085.4
ORD-000645,2024-07-10,CUST-0177,PROD-012,West,10,228.38,0.0,2283.8
ORD-000646,2024-10-14,CUST-0127,PROD-024,South,2,28.68,0.2,45.89
ORD-000647,2024-10-12,CUST-0175,PROD-019,South,1,519.45,0.1,467.51
ORD-000648,2024-08-22,CUST-0153,PROD-006,North,13,154.64,0.15,1708.77
ORD-000649,2023-03-26,CUST-0112,PROD-019,West,5,249.8,0.1,1124.1
ORD-000650,2024-08-02,CUST-0135,PROD-010,North,10,417.81,0.0,4178.1
ORD-000651,2023-01-11,CUST-0100,PROD-005,South,7,459.57,0.05,3056.14
ORD-000652,2024-01-28,CUST-0173,PROD-021,North,1,16.44,0.2,13.15
ORD-000653,2024-09-08,CUST-0152,PROD-018,South,10,515.58,0.15,4382.43
ORD-000654,2023-04-08,CUST-0023,PROD-015,East,12,133.88,0.15,1365.58
ORD-000655,2023-12-20,CUST-0109,PROD-001,East,5,128.53,0.0,642.65
ORD-000656,2023-06-22,CUST-0004,PROD-016,South,14,101.22,0.15,1204.52
ORD-000657,2024-09-22,CUST-0172,PROD-002,South,7,241.89,0.15,1439.25
ORD-000658,2023-12-01,CUST-0200,PROD-003,North,2,150.34,0.15,255.58
ORD-000659,2024-05-18,CUST-0156,PROD-011,East,14,290.72,0.1,3663.07
ORD-000660,2023-03-29,CUST-0001,PROD-012,South,10,210.93,0.05,2003.84
ORD-000661,2023-01-05,CUST-0194,PROD-012,East,10,325.22,0.1,2926.98
ORD-000662,2024-05-12,CUST-0119,PROD-022,East,2,39.66,0.2,63.46
ORD-000663,2023-07-23,CUST-0070,PROD-018,North,3,416.06,0.05,1185.77
ORD-000664,2024-11-26,CUST-0001,PROD-002,South,4,105.75,0.15,359.55
ORD-000665,2023-06-24,CUST-0137,PROD-019,South,5,242.87,0.15,1032.2
ORD-000666,2024-09-28,CUST-0101,PROD-023,North,1,21.69,0.2,17.35
ORD-000667,2023-11-12,CUST-0141,PROD-017,South,4,207.34,0.1,746.42
ORD-000668,2024-04-09,CUST-0066,PROD-011,West,11,318.19,0.1,3150.08
ORD-000669,2023-04-11,CUST-0140,PROD-007,West,7,68.4,0.0,478.8
ORD-000670,2024-04-28,CUST-0097,PROD-016,North,13,55.8,0.15,616.59
ORD-000671,2023-09-01,CUST-0184,PROD-002,North,3,74.7,0.1,201.69
ORD-000672,2023-11-24,CUST-0191,PROD-002,South,2,268.01,0.15,455.62
ORD-000673,2023-04-08,CUST-0125,PROD-014,West,6,155.63,0.15,793.71
ORD-000674,2024-07-14,CUST-0093,PROD-017,South,4,185.83,0.05,706.15
ORD-000675,2024-01-21,CUST-0117,PROD-019,South,10,185.63,0.1,1670.67
ORD-000676,2024-05-19,CUST-0003,PROD-002,East,14,283.43,0.15,3372.82
ORD-000677,2023-03-19,CUST-0045,PROD-013,North,11,139.65,0.1,1382.54
ORD-000678,2023-04-10,CUST-0053,PROD-016,South,3,399.84,0.0,1199.52
ORD-000679,2024-09-18,CUST-0126,PROD-011,South,1,519.18,0.1,467.26
ORD-000680,2024-06-13,CUST-0046,PROD-024,East,1,32.02,0.2,25.62
ORD-000681,2024-10-03,CUST-0156,PROD-011,North,6,281.52,0.1,1520.21
ORD-000682,2023-09-22,CUST-0192,PROD-009,East,2,212.27,0.05,403.31
ORD-000683,2024-11-08,CUST-0085,PROD-021,North,1,26.95,0.2,21.56
ORD-000684,2023-09-17,CUST-0026,PROD-015,East,11,85.89,0.15,803.07
ORD-000685,2024-03-12,CUST-0120,PROD-011,West,5,354.27,0.1,1594.22
ORD-000686,2024-08-22,CUST-0174,PROD-008,South,8,268.0,0.1,1929.6
ORD-000687,2023-05-21,CUST-0191,PROD-024,South,2,36.09,0.2,57.74
ORD-000688,2023-11-16,CUST-0015,PROD-010,South,13,395.99,0.15,4375.69
ORD-000689,2023-05-18,CUST-0001,PROD-016,South,6,87.3,0.05,497.61
ORD-000690,2023-05-29,CUST-0091,PROD-019,West,1,268.98,0.15,228.63
ORD-000691,2024-06-06,CUST-0042,PROD-014,East,2,286.67,0.0,573.34
ORD-000692,2024-03-28,CUST-0153,PROD-003,South,6,328.33,0.05,1871.48
ORD-000693,2024-07-21,CUST-0002,PROD-025,South,2,36.27,0.2,58.03
ORD-000694,2023-07-28,CUST-0129,PROD-025,North,2,20.25,0.2,32.4
ORD-000695,2024-07-29,CUST-0004,PROD-025,East,1,15.37,0.2,12.3
ORD-000696,2024-11-03,CUST-0003,PROD-015,West,9,172.77,0.0,1554.93
ORD-000697,2024-07-05,CUST-0141,PROD-018,South,2,199.14,0.05,378.37
ORD-000698,2023-02-10,CUST-0007,PROD-001,East,5,381.55,0.05,1812.36
ORD-000699,2024-10-24,CUST-0117,PROD-013,South,1,278.42,0.1,250.58
ORD-000700,2023-08-10,CUST-0001,PROD-019,South,1,113.79,0.1,102.41
ORD-000701,2023-04-06,CUST-0005,PROD-004,North,4,146.19,0.05,555.52
ORD-000702,2023-09-16,CUST-0021,PROD-012,North,7,61.8,0.0,432.6
ORD-000703,2023-01-29,CUST-0159,PROD-014,North,1,117.99,0.15,100.29
ORD-000704,2023-01-05,CUST-0186,PROD-015,North,3,362.44,0.1,978.59
ORD-000705,2023-06-13,CUST-0132,PROD-007,East,14,203.22,0.1,2560.57
ORD-000706,2024-02-23,CUST-0171,PROD-013,South,10,400.53,0.0,4005.3
ORD-000707,2023-12-13,CUST-0029,PROD-014,West,9,140.0,0.15,1071.0
ORD-000708,2024-07-31,CUST-0185,PROD-007,East,11,278.3,0.1,2755.17
ORD-000709,2024-09-26,CUST-0002,PROD-016,South,9,431.5,0.0,3883.5
ORD-000710,2023-07-13,CUST-0037,PROD-002,North,12,297.62,0.0,3571.44
ORD-000711,2024-12-14,CUST-0003,PROD-012,West,13,335.58,0.0,4362.54
ORD-000712,2023-07-10,CUST-0003,PROD-019,South,13,477.28,0.1,5584.18
ORD-000713,2024-08-22,CUST-0001,PROD-012,South,2,175.89,0.0,351.78
ORD-000714,2024-09-07,CUST-0056,PROD-002,North,5,247.51,0.1,1113.8
ORD-000715,2023-09-21,CUST-0026,PROD-006,North,11,205.26,0.0,2257.86
ORD-000716,2024-10-09,CUST-0103,PROD-018,North,5,296.31,0.15,1259.32
ORD-000717,2023-01-13,CUST-0002,PROD-008,West,2,106.88,0.0,213.76
ORD-000718,2023-05-21,CUST-0075,PROD-008,East,3,53.02,0.15,135.2
ORD-000719,2024-04-06,CUST-0178,PROD-024,North,1,18.64,0.2,14.91
ORD-000720,2024-10-02,CUST-0135,PROD-012,South,8,172.71,0.15,1174.43
ORD-000721,2023-02-20,CUST-0013,PROD-023,North,1,16.32,0.2,13.06
ORD-000722,2024-05-26,CUST-0039,PROD-016,South,1,124.46,0.05,118.24
ORD-000723,2024-10-31,CUST-0146,PROD-008,East,12,117.31,0.1,1266.95
ORD-000724,2023-06-08,CUST-0006,PROD-012,South,3,354.87,0.1,958.15
ORD-000725,2023-04-05,CUST-0005,PROD-010,South,5,202.59,0.0,1012.95
ORD-000726,2023-05-01,CUST-0051,PROD-003,North,6,202.09,0.05,1151.91
ORD-000727,2024-12-19,CUST-0147,PROD-007,North,9,122.29,0.0,1100.61
ORD-000728,2024-12-05,CUST-0129,PROD-018,South,12,100.78,0.05,1148.89
ORD-000729,2023-01-19,CUST-0004,PROD-014,North,13,147.01,0.05,1815.57
ORD-000730,2023-01-31,CUST-0074,PROD-019,South,2,187.33,0.05,355.93
ORD-000731,2024-05-11,CUST-0003,PROD-016,East,1,92.56,0.05,87.93
ORD-000732,2023-08-14,CUST-0065,PROD-010,South,11,249.94,0.15,2336.94
ORD-000733,2023-01-28,CUST-0123,PROD-003,South,12,435.24,0.05,4961.74
ORD-000734,2023-05-27,CUST-0137,PROD-005,East,3,248.61,0.05,708.54
ORD-000735,2024-01-28,CUST-0165,PROD-011,North,7,154.24,0.15,917.73
ORD-000736,2024-02-18,CUST-0021,PROD-013,West,5,210.85,0.1,948.82
ORD-000737,2024-08-20,CUST-0001,PROD-006,North,9,112.51,0.0,1012.59
ORD-000738,2024-01-27,CUST-0001,PROD-003,East,12,316.89,0.05,3612.55
ORD-000739,2024-04-02,CUST-0131,PROD-005,South,8,399.44,0.0,3195.52
ORD-000740,2023-04-07,CUST-0116,PROD-013,North,10,384.62,0.05,3653.89
ORD-000741,2024-10-31,CUST-0004,PROD-018,East,7,85.41,0.0,597.87
ORD-000742,2024-12-02,CUST-0063,PROD-016,West,9,317.1,0.05,2711.2
ORD-000743,2023-04-03,CUST-0060,PROD-003,West,10,295.12,0.1,2656.08
ORD-000744,2024-09-14,CUST-0005,PROD-011,North,1,193.11,0.0,193.11
ORD-000745,2023-10-15,CUST-0077,PROD-014,East,1,341.18,0.05,324.12
ORD-000746,2024-03-05,CUST-0019,PROD-003,West,8,220.27,0.15,1497.84
ORD-000747,2024-02-11,CUST-0011,PROD-017,West,7,163.1,0.05,1084.62
ORD-000748,2023-07-31,CUST-0021,PROD-004,South,1,148.92,0.05,141.47
ORD-000749,2023-12-01,CUST-0004,PROD-006,East,3,221.25,0.1,597.38
ORD-000750,2023-09-05,CUST-0002,PROD-013,North,10,370.05,0.05,3515.48
ORD-000751,2024-09-30,CUST-0059,PROD-010,South,1,301.24,0.15,
ORD-000752,2023-03-01,CUST-0091,PROD-018,South,14,187.73,0.05,2496.81
ORD-000753,2023-12-27,CUST-0002,PROD-003,North,11,439.79,0.1,4353.92
ORD-000754,2024-09-23,CUST-0147,PROD-011,North,5,132.27,0.0,661.35
ORD-000755,2024-01-29,CUST-0004,PROD-018,South,6,355.02,0.05,2023.61
ORD-000756,2024-01-24,CUST-0136,PROD-005,North,2,119.73,0.05,227.49
ORD-000757,2023-01-21,CUST-0139,PROD-012,North,3,74.37,0.05,211.95
ORD-000758,2024-01-04,CUST-0002,PROD-019,North,6,244.99,0.15,1249.45
ORD-000759,2023-08-08,CUST-0004,PROD-021,South,1,39.66,0.2,31.73
ORD-000760,2023-02-10,CUST-0003,PROD-017,South,11,137.59,0.05,1437.82
ORD-000761,2024-01-20,CUST-0005,PROD-015,North,7,250.48,0.15,1490.36
ORD-000762,2023-03-26,CUST-0001,PROD-023,West,2,18.39,0.2,29.42
ORD-000763,2023-04-17,CUST-0034,PROD-015,East,11,273.54,0.15,2557.6
ORD-000764,2023-06-27,CUST-0004,PROD-007,East,7,362.9,0.1,2286.27
ORD-000765,2024-04-19,CUST-0028,PROD-014,South,2,423.97,0.15,720.75
ORD-000766,2023-12-29,CUST-0100,PROD-017,South,2,134.8,0.1,242.64
ORD-000767,2024-02-17,CUST-0007,PROD-007,South,14,237.57,0.1,2993.38
ORD-000768,2024-04-03,CUST-0108,PROD-007,South,6,479.66,0.1,2590.16
ORD-000769,2024-01-01,CUST-0083,PROD-011,North,8,388.73,0.1,2798.86
ORD-000770,2024-05-01,CUST-0003,PROD-016,South,3,341.06,0.15,869.7
ORD-000771,2023-05-17,CUST-0001,PROD-015,South,11,73.23,0.1,724.98
ORD-000772,2023-10-11,CUST-0123,PROD-001,South,10,280.21,0.05,2662.0
ORD-000773,2023-04-25,CUST-0002,PROD-023,West,1,22.58,0.2,18.06
ORD-000774,2024-04-10,CUST-0002,PROD-010,South,2,502.53,0.15,854.3
ORD-000775,2023-07-06,CUST-0127,PROD-019,South,11,93.41,0.15,873.38
ORD-000776,2023-06-01,CUST-0126,PROD-010,North,2,171.63,0.1,308.93
ORD-000777,2023-10-12,CUST-0084,PROD-003,West,12,285.22,0.05,3251.51
ORD-000778,2024-06-12,CUST-0008,PROD-023,South,1,19.09,0.2,15.27
ORD-000779,2024-02-17,CUST-0002,PROD-012,North,1,397.13,0.05,377.27
ORD-000780,2024-05-04,CUST-0188,PROD-013,South,5,208.13,0.0,1040.65
ORD-000781,2023-01-22,CUST-0065,PROD-022,North,1,38.77,0.2,31.02
ORD-000782,2023-10-26,CUST-0001,PROD-004,North,7,217.28,0.05,1444.91
ORD-000783,2024-06-27,CUST-0004,PROD-012,South,8,112.87,0.15,767.52
ORD-000784,2024-04-20,CUST-0080,PROD-011,East,8,258.69,0.0,2069.52
ORD-000785,2024-12-30,CUST-0003,PROD-010,South,14,505.63,0.15,6017.0
ORD-000786,2024-11-28,CUST-0119,PROD-024,West,1,28.54,0.2,22.83
ORD-000787,2024-04-04,CUST-0143,PROD-015,South,1,442.74,0.15,376.33
ORD-000788,2024-03-25,CUST-0014,PROD-013,South,7,402.3,0.1,2534.49
ORD-000789,2024-11-22,CUST-0005,PROD-019,South,3,470.89,0.1,1271.4
ORD-000790,2024-04-03,CUST-0037,PROD-008,North,1,335.0,0.0,335.0
ORD-000791,2024-05-21,CUST-0126,PROD-008,West,7,371.56,0.0,2600.92
ORD-000792,2024-05-14,CUST-0004,PROD-016,West,3,232.95,0.15,594.02
ORD-000793,2023-08-18,CUST-0090,PROD-012,North,7,207.48,0.0,1452.36
ORD-000794,2023-08-16,CUST-0103,PROD-006,West,10,360.6,0.15,3065.1
ORD-000795,2023-02-12,CUST-0062,PROD-016,South,8,421.9,0.05,3206.44
ORD-000796,2024-03-07,CUST-0184,PROD-006,East,11,283.05,0.1,2802.2
ORD-000797,2023-03-25,CUST-0046,PROD-008,South,11,363.85,0.05,3802.23
ORD-000798,2024-03-10,CUST-0104,PROD-012,North,2,74.09,0.05,140.77
ORD-000799,2023-11-11,CUST-0135,PROD-025,South,1,20.76,0.2,16.61
ORD-000800,2024-05-15,CUST-0158,PROD-010,West,3,334.01,0.05,951.93
ORD-000801,2024-09-13,CUST-0177,PROD-010,South,11,359.62,0.1,3560.24
ORD-000802,2024-02-04,CUST-0145,PROD-012,North,5,335.11,0.1,1508.0
ORD-000803,2023-12-19,CUST-0002,PROD-011,North,7,118.02,0.0,826.14
ORD-000804,2024-03-16,CUST-0129,PROD-005,South,4,234.19,0.0,936.76
ORD-000805,2023-04-17,CUST-0071,PROD-011,North,9,87.63,0.1,709.8
ORD-000806,2023-07-29,CUST-0083,PROD-007,North,8,356.4,0.15,2423.52
ORD-000807,2023-01-23,CUST-0190,PROD-002,South,7,511.25,0.1,3220.88
ORD-000808,2024-06-22,CUST-0016,PROD-005,North,1,335.96,0.15,285.57
ORD-000809,2024-09-01,CUST-0194,PROD-011,South,8,213.38,0.05,1621.69
ORD-000810,2023-02-25,CUST-0157,PROD-022,South,1,30.59,0.2,24.47
ORD-000811,2024-12-09,CUST-0030,PROD-001,North,1,248.57,0.05,236.14
ORD-000812,2024-06-26,CUST-0101,PROD-003,East,2,59.06,0.1,106.31
ORD-000813,2023-09-25,CUST-0154,PROD-002,South,7,372.79,0.15,2218.1
ORD-000814,2023-09-18,CUST-0089,PROD-007,East,4,208.32,0.15,708.29
ORD-000815,2024-10-05,CUST-0016,PROD-025,South,2,38.14,0.2,61.02
ORD-000816,2024-01-03,CUST-0086,PROD-018,North,6,212.97,0.1,1150.04
ORD-000817,2024-06-08,CUST-0001,PROD-003,South,3,453.75,0.05,1293.19
ORD-000818,2023-10-12,CUST-0004,PROD-017,West,8,236.72,0.0,1893.76
ORD-000819,2024-11-20,CUST-0074,PROD-006,South,4,491.14,0.1,1768.1
ORD-000820,2023-05-23,CUST-0037,PROD-022,South,2,31.57,0.2,50.51
ORD-000821,2024-03-06,CUST-0005,PROD-003,North,10,350.36,0.05,3328.42
ORD-000822,2023-05-06,CUST-0170,PROD-007,East,11,336.23,0.1,3328.68
ORD-000823,2024-05-01,CUST-0152,PROD-009,North,10,228.17,0.05,2167.61
ORD-000824,2023-06-15,CUST-0056,PROD-015,North,13,400.96,0.05,4951.86
ORD-000825,2023-05-19,CUST-0143,PROD-009,West,8,200.12,0.15,1360.82
ORD-000826,2023-11-02,CUST-0042,PROD-001,South,2,228.35,0.1,411.03
ORD-000827,2023-09-11,CUST-0088,PROD-024,East,2,24.86,0.2,39.78
ORD-000828,2024-08-01,CUST-0036,PROD-013,South,8,303.04,0.05,2303.1
ORD-000829,2024-02-10,CUST-0075,PROD-011,North,13,322.24,0.05,3979.66
ORD-000830,2023-10-20,CUST-0131,PROD-023,South,2,20.44,0.2,32.7
ORD-000831,2024-05-09,CUST-0160,PROD-001,East,8,263.52,0.05,2002.75
ORD-000832,2023-08-04,CUST-0052,PROD-002,North,14,369.92,0.0,5178.88
ORD-000833,2023-07-15,CUST-0005,PROD-009,South,6,164.31,0.05,936.57
ORD-000834,2024-09-17,CUST-0005,PROD-019,North,5,397.21,0.05,1886.75
ORD-000835,2023-11-09,CUST-0005,PROD-002,North,14,237.53,0.15,2826.61
ORD-000836,2023-06-13,CUST-0132,PROD-013,West,9,112.26,0.0,1010.34
ORD-000837,2023-06-23,CUST-0003,PROD-003,West,9,348.71,0.05,2981.47
ORD-000838,2024-12-27,CUST-0003,PROD-009,North,10,269.78,0.0,2697.8
ORD-000839,2024-03-04,CUST-0105,PROD-002,South,9,195.52,0.0,1759.68
ORD-000840,2024-03-12,CUST-0002,PROD-014,North,4,144.43,0.1,519.95
ORD-000841,2023-07-12,CUST-0196,PROD-012,South,3,195.7,0.05,557.74
ORD-000842,2023-01-11,CUST-0167,PROD-007,South,5,293.93,0.15,1249.2
ORD-000843,2023-07-20,CUST-0034,PROD-016,North,1,266.96,0.0,266.96
ORD-000844,2023-09-01,CUST-0005,PROD-017,South,12,502.53,0.15,5125.81
ORD-000845,2023-05-18,CUST-0003,PROD-003,South,13,262.13,0.1,3066.92
ORD-000846,2024-08-20,CUST-0059,PROD-006,West,14,69.08,0.1,870.41
ORD-000847,2024-08-03,CUST-0004,PROD-003,North,9,366.63,0.15,2804.72
ORD-000848,2024-01-15,CUST-0070,PROD-002,West,10,93.55,0.0,935.5
ORD-000849,2023-10-23,CUST-0005,PROD-010,West,14,177.16,0.1,2232.22
ORD-000850,2023-09-25,CUST-0004,PROD-018,North,9,331.89,0.05,2837.66
ORD-000851,2023-03-04,CUST-0002,PROD-006,West,14,349.28,0.95,4400.93
ORD-000852,2024-11-10,CUST-0070,PROD-011,West,14,397.23,0.1,5005.1
ORD-000853,2024-04-07,CUST-0019,PROD-010,South,9,156.29,0.1,1265.95
ORD-000854,2023-10-14,CUST-0156,PROD-009,South,13,398.44,0.15,4402.76
ORD-000855,2023-09-06,CUST-0194,PROD-008,East,10,142.96,0.0,1429.6
ORD-000856,2023-01-08,CUST-0126,PROD-011,South,14,159.13,0.0,2227.82
ORD-000857,2024-09-06,CUST-0169,PROD-018,North,4,202.67,0.05,770.15
ORD-000858,2023-12-19,CUST-0002,PROD-019,South,8,82.19,0.1,591.77
ORD-000859,2024-07-10,CUST-0145,PROD-009,East,14,366.17,0.15,4357.42
ORD-000860,2024-12-14,CUST-0003,PROD-004,South,11,306.7,0.05,3205.02
ORD-000861,2023-10-28,CUST-0005,PROD-004,West,11,63.85,0.0,702.35
ORD-000862,2023-10-07,CUST-0154,PROD-013,South,7,259.34,0.1,1633.84
ORD-000863,2023-02-09,CUST-0004,PROD-010,North,14,174.36,0.05,2318.99
ORD-000864,2024-03-08,CUST-0001,PROD-013,North,14,394.76,0.15,4697.64
ORD-000865,2024-07-31,CUST-0003,PROD-016,South,14,311.05,0.0,4354.7
ORD-000866,2023-08-02,CUST-0033,PROD-012,South,2,200.66,0.05,381.25
ORD-000867,2024-05-19,CUST-0199,PROD-010,West,14,251.97,0.05,3351.2
ORD-000868,2023-10-29,CUST-0190,PROD-019,North,2,250.85,0.0,501.7
ORD-000869,2024-11-13,CUST-0087,PROD-008,East,6,60.87,0.15,310.44
ORD-000870,2024-08-08,CUST-0054,PROD-018,South,9,272.31,0.05,2328.25
ORD-000871,2023-09-10,CUST-0003,PROD-005,North,7,320.66,0.15,1907.93
ORD-000872,2023-10-03,CUST-0004,PROD-005,North,3,60.97,0.0,182.91
ORD-000873,2023-07-24,CUST-0144,PROD-019,South,4,168.82,0.15,573.99
ORD-000874,2024-08-19,CUST-0168,PROD-015,West,11,306.45,0.15,2865.31
ORD-000875,2023-10-07,CUST-0010,PROD-009,South,13,267.81,0.15,2959.3
ORD-000876,2024-10-31,CUST-0004,PROD-011,West,9,102.71,0.05,878.17
ORD-000877,2023-02-27,CUST-0014,PROD-008,East,5,234.54,0.1,1055.43
ORD-000878,2023-12-08,CUST-0144,PROD-014,South,14,474.32,0.05,6308.46
ORD-000879,2023-12-02,CUST-0014,PROD-015,South,7,218.71,0.15,1301.32
ORD-000880,2023-12-30,CUST-0001,PROD-024,South,2,16.86,0.2,26.98
ORD-000881,2024-01-03,CUST-0113,PROD-007,South,7,182.3,0.15,1084.69
ORD-000882,2023-11-12,CUST-0152,PROD-011,North,11,163.96,0.05,1713.38
ORD-000883,2023-03-04,CUST-0028,PROD-012,South,10,334.58,0.05,3178.51
ORD-000884,2024-09-03,CUST-0070,PROD-025,North,2,38.98,0.2,62.37
ORD-000885,2024-03-23,CUST-0002,PROD-010,South,13,254.24,0.05,3139.86
ORD-000886,2023-06-04,CUST-0052,PROD-012,South,4,213.74,0.1,769.46
ORD-000887,2024-05-20,CUST-0061,PROD-019,North,10,86.74,0.0,867.4
ORD-000888,2023-02-21,CUST-0107,PROD-018,South,10,317.13,0.05,3012.74
ORD-000889,2023-04-29,CUST-0057,PROD-007,North,9,103.62,0.1,839.32
ORD-000890,2024-04-24,CUST-0034,PROD-003,North,8,398.11,0.05,3025.64
ORD-000891,2023-11-20,CUST-0156,PROD-002,North,14,250.78,0.05,3335.37
ORD-000892,2023-12-04,CUST-0098,PROD-022,South,2,27.49,0.2,43.98
ORD-000893,2023-11-17,CUST-0187,PROD-013,North,11,396.43,0.1,3924.66
ORD-000894,2024-08-12,CUST-0005,PROD-018,South,12,245.99,0.0,2951.88
ORD-000895,2023-06-20,CUST-0093,PROD-003,North,2,201.27,0.0,402.54
ORD-000896,2023-07-05,CUST-0002,PROD-016,West,7,360.32,0.15,2143.9
ORD-000897,2023-04-06,CUST-0114,PROD-015,East,10,356.25,0.05,3384.38
ORD-000898,2023-03-24,CUST-0003,PROD-007,West,8,365.89,0.1,2634.41
ORD-000899,2023-07-15,CUST-0004,PROD-005,North,9,93.95,0.1,761.0
ORD-000900,2024-10-27,CUST-0003,PROD-009,West,10,88.51,0.05,840.84
ORD-000901,2023-09-08,CUST-0004,PROD-003,North,6,389.49,0.05,2220.09
ORD-000902,2024-07-04,CUST-0199,PROD-005,West,6,69.6,0.1,375.84
ORD-000903,2024-09-21,CUST-0157,PROD-011,South,2,487.88,0.1,878.18
ORD-000904,2023-08-23,CUST-0002,PROD-013,North,9,153.67,0.05,1313.88
ORD-000905,2024-08-19,CUST-0031,PROD-023,North,2,26.2,0.2,41.92
ORD-000906,2023-11-22,CUST-0002,PROD-010,West,10,356.25,0.05,3384.38
ORD-000907,2023-11-12,CUST-0033,PROD-013,East,11,358.35,0.0,3941.85
ORD-000908,2023-06-01,CUST-0072,PROD-001,North,12,333.11,0.15,3397.72
ORD-000909,2024-02-04,CUST-0131,PROD-011,South,13,504.63,0.0,6560.19
ORD-000910,2023-04-05,CUST-0017,PROD-018,North,3,329.85,0.05,940.07
ORD-000911,2024-07-30,CUST-0015,PROD-011,South,7,67.46,0.15,401.39
ORD-000912,2024-12-23,CUST-0065,PROD-009,South,6,170.82,0.05,973.67
ORD-000913,2023-12-19,CUST-0003,PROD-012,East,14,251.66,0.15,2994.75
ORD-000914,2024-09-20,CUST-0046,PROD-016,West,7,372.7,0.15,2217.56
ORD-000915,2024-04-22,CUST-0036,PROD-017,North,13,104.35,0.1,1220.9
ORD-000916,2023-11-29,CUST-0115,PROD-014,North,1,60.2,0.15,51.17
ORD-000917,2024-02-02,CUST-0122,PROD-001,South,12,310.98,0.0,3731.76
ORD-000918,2023-05-23,CUST-0001,PROD-016,East,11,285.97,0.15,2673.82
ORD-000919,2023-08-06,CUST-0081,PROD-023,North,2,25.07,0.2,40.11
ORD-000920,2024-03-05,CUST-0104,PROD-002,South,2,346.62,0.1,623.92
ORD-000921,2023-03-11,CUST-0128,PROD-016,West,14,256.25,0.05,3408.12
ORD-000922,2023-07-23,CUST-0003,PROD-023,South,1,22.53,0.2,18.02
ORD-000923,2024-04-01,CUST-0197,PROD-004,South,3,506.65,0.1,1367.96
ORD-000924,2023-02-21,CUST-0045,PROD-019,South,5,378.0,0.1,1701.0
ORD-000925,2023-08-11,CUST-0002,PROD-015,South,5,150.55,0.15,639.84
ORD-000926,2023-10-31,CUST-0017,PROD-010,North,10,311.33,0.05,2957.64
ORD-000927,2023-06-07,CUST-0059,PROD-023,South,1,20.27,0.2,16.22
ORD-000928,2023-06-16,CUST-0002,PROD-017,South,14,407.89,0.0,5710.46
ORD-000929,2023-09-05,CUST-0151,PROD-005,East,11,118.29,0.05,1236.13
ORD-000930,2023-11-16,CUST-0029,PROD-003,South,1,502.13,0.05,477.02
ORD-000931,2023-07-07,CUST-0185,PROD-024,North,2,28.94,0.2,46.3
ORD-000932,2024-09-25,CUST-0167,PROD-005,East,6,157.96,0.1,852.98
ORD-000933,2024-01-10,CUST-0138,PROD-009,North,13,226.99,0.05,2803.33
ORD-000934,2023-02-09,CUST-0005,PROD-001,East,2,197.31,0.0,394.62
ORD-000935,2024-11-30,CUST-0191,PROD-018,West,8,261.26,0.0,2090.08
ORD-000936,2024-09-12,CUST-0180,PROD-005,South,1,190.69,0.05,181.16
ORD-000937,2024-02-11,CUST-0054,PROD-001,West,1,115.08,0.15,97.82
ORD-000938,2024-12-27,CUST-0002,PROD-010,South,12,405.5,0.0,4866.0
ORD-000939,2023-02-11,CUST-0179,PROD-018,South,14,424.17,0.05,5641.46
ORD-000940,2024-03-03,CUST-0199,PROD-019,North,9,141.46,0.1,1145.83
ORD-000941,2023-11-29,CUST-0004,PROD-005,North,9,167.58,0.0,1508.22
ORD-000942,2023-02-14,CUST-0070,PROD-006,North,4,374.41,0.1,1347.88
ORD-000943,2023-03-18,CUST-0192,PROD-005,North,13,315.12,0.1,3686.9
ORD-000944,2024-01-06,CUST-0110,PROD-007,North,1,167.68,0.0,167.68
ORD-000945,2024-10-14,CUST-0004,PROD-023,West,2,28.56,0.2,45.7
ORD-000946,2023-04-19,CUST-0004,PROD-011,East,11,296.92,0.15,2776.2
ORD-000947,2023-09-28,CUST-0027,PROD-013,East,8,127.73,0.0,1021.84
ORD-000948,2024-01-16,CUST-0005,PROD-018,South,1,118.49,0.1,106.64
ORD-000949,2024-08-14,CUST-0002,PROD-008,South,3,145.39,0.0,436.17
ORD-000950,2023-08-17,CUST-0016,PROD-015,West,6,332.01,0.05,1892.46
ORD-000951,2023-08-17,CUST-0038,PROD-016,South,4,355.54,0.15,1208.84
ORD-000952,2024-06-27,CUST-0072,PROD-012,West,9,305.33,0.0,2747.97
ORD-000953,2024-01-10,CUST-0178,PROD-004,North,13,287.24,0.05,3547.41
ORD-000954,2024-10-09,CUST-0094,PROD-010,East,9,391.02,0.0,3519.18
ORD-000955,2023-11-16,CUST-0001,PROD-004,South,1,210.41,0.05,199.89
ORD-000956,2024-07-22,CUST-0171,PROD-001,South,1,151.38,0.0,151.38
ORD-000957,2024-05-03,CUST-0007,PROD-005,North,5,247.64,0.0,1238.2
ORD-000958,2024-05-04,CUST-0010,PROD-015,South,13,415.25,0.0,5398.25
ORD-000959,2023-08-24,CUST-0164,PROD-001,West,13,152.06,0.0,1976.78
ORD-000960,2023-02-09,CUST-0163,PROD-003,West,13,224.74,0.05,2775.54
ORD-000961,2024-06-29,CUST-0193,PROD-019,South,3,334.81,0.1,903.99
ORD-000962,2023-04-03,CUST-0164,PROD-013,North,1,93.49,0.05,88.82
ORD-000963,2024-04-15,CUST-0004,PROD-004,South,14,309.51,0.1,3899.83
ORD-000964,2023-03-09,CUST-0046,PROD-016,South,5,130.78,0.05,621.2
ORD-000965,2024-11-04,CUST-0050,PROD-001,North,8,97.21,0.15,661.03
ORD-000966,2024-10-21,CUST-0003,PROD-019,South,11,431.96,0.05,4513.98
ORD-000967,2023-04-14,CUST-0080,PROD-019,South,12,328.82,0.15,3353.96
ORD-000968,2024-03-16,CUST-0120,PROD-018,South,9,267.36,0.15,2045.3
ORD-000969,2024-06-25,CUST-0076,PROD-009,South,12,301.33,0.05,3435.16
ORD-000970,2024-06-30,CUST-0070,PROD-016,South,8,327.61,0.1,2358.79
ORD-000971,2024-06-04,CUST-0032,PROD-019,North,9,304.49,0.1,2466.37
ORD-000972,2024-01-03,CUST-0005,PROD-010,East,3,270.7,0.05,771.49
ORD-000973,2024-10-17,CUST-0072,PROD-012,North,12,165.42,0.1,1786.54
ORD-000974,2023-12-24,CUST-0021,PROD-019,South,13,164.79,0.15,1820.93
ORD-000975,2024-03-16,CUST-0004,PROD-012,West,7,142.22,0.15,846.21
ORD-000976,2024-08-07,CUST-0175,PROD-005,North,12,150.33,0.05,1713.76
ORD-000977,2023-07-07,CUST-0001,PROD-018,South,1,274.07,0.1,246.66
ORD-000978,2024-01-12,CUST-0189,PROD-022,South,1,28.52,0.2,22.82
ORD-000979,2024-06-06,CUST-0076,PROD-012,North,9,206.07,0.15,1576.44
ORD-000980,2023-05-27,CUST-0005,PROD-001,North,3,288.19,0.05,821.34
ORD-000981,2024-09-04,CUST-0035,PROD-003,North,11,233.91,0.1,2315.71
ORD-000982,2024-09-06,CUST-0146,PROD-004,South,9,202.96,0.0,1826.64
ORD-000983,2023-07-02,CUST-0165,PROD-016,East,7,130.97,0.0,916.79
ORD-000984,2024-10-05,CUST-0125,PROD-006,North,12,429.66,0.05,4898.12
ORD-000985,2023-11-10,CUST-0114,PROD-011,West,7,379.06,0.1,2388.08
ORD-000986,2024-03-21,CUST-0004,PROD-006,West,6,311.33,0.05,1774.58
ORD-000987,2024-02-06,CUST-0003,PROD-011,West,2,160.81,0.15,273.38
ORD-000988,2024-02-21,CUST-0163,PROD-003,East,12,363.78,0.05,4147.09
ORD-000989,2023-12-25,CUST-0097,PROD-013,South,12,85.32,0.0,1023.84
ORD-000990,2023-04-06,CUST-0047,PROD-006,East,11,238.12,0.0,2619.32
ORD-000991,2024-05-11,CUST-0026,PROD-011,North,13,213.22,0.0,2771.86
ORD-000992,2023-11-15,CUST-0003,PROD-003,West,1,87.03,0.0,87.03
ORD-000993,2024-07-17,CUST-0197,PROD-015,South,6,267.52,0.1,1444.61
ORD-000994,2024-01-08,CUST-0024,PROD-010,North,6,401.98,0.0,2411.88
ORD-000995,2023-04-16,CUST-0172,PROD-019,West,13,171.01,0.1,2000.82
ORD-000996,2023-02-16,CUST-0003,PROD-016,North,2,393.77,0.1,708.79
ORD-000997,2023-04-20,CUST-0024,PROD-004,South,13,123.47,0.1,1444.6
ORD-000998,2023-07-20,CUST-0154,PROD-019,South,5,138.55,0.1,623.48
ORD-000999,2023-01-27,CUST-0073,PROD-010,West,13,298.21,0.1,3489.06
ORD-001000,2024-03-25,CUST-0032,PROD-010,East,13,324.38,0.1,3795.25
ORD-001001,2023-08-06,CUST-0005,PROD-002,North,2,99.97,0.05,189.94
ORD-001002,2024-04-02,CUST-0153,PROD-010,South,11,108.57,0.05,1134.56
ORD-001003,2023-03-16,CUST-0004,PROD-002,North,9,314.05,0.0,2826.45
ORD-001004,2024-04-09,CUST-0200,PROD-010,South,12,471.81,0.05,5378.63
ORD-001005,2023-07-02,CUST-0105,PROD-014,South,2,440.93,0.0,881.86
ORD-001006,2024-07-20,CUST-0004,PROD-010,East,9,88.25,0.1,714.82
ORD-001007,2024-09-13,CUST-0010,PROD-007,East,1,209.93,0.05,199.43
ORD-001008,2023-01-30,CUST-0062,PROD-003,East,1,354.57,0.1,319.11
ORD-001009,2023-11-17,CUST-0063,PROD-013,South,12,245.92,0.05,2803.49
ORD-001010,2023-05-14,CUST-0039,PROD-004,North,14,207.74,0.0,2908.36
ORD-001011,2024-12-05,CUST-0049,PROD-002,South,11,253.76,0.05,2651.79
ORD-001012,2023-02-20,CUST-0186,PROD-015,South,10,233.23,0.0,2332.3
ORD-001013,2024-11-25,CUST-0114,PROD-016,South,4,365.63,0.0,1462.52
ORD-001014,2023-10-31,CUST-0005,PROD-006,East,10,236.31,0.0,2363.1
ORD-001015,2024-10-28,CUST-0191,PROD-011,North,10,435.48,0.05,4137.06
ORD-001016,2023-10-09,CUST-0138,PROD-004,West,2,269.33,0.05,511.73
ORD-001017,2023-12-31,CUST-0110,PROD-019,South,2,397.65,0.15,676.0
ORD-001018,2024-08-26,CUST-0151,PROD-011,North,7,307.15,0.0,2150.05
ORD-001019,2023-09-04,CUST-0121,PROD-019,South,2,419.16,0.05,796.4
ORD-001020,2024-02-14,CUST-0086,PROD-024,North,1,39.1,0.2,31.28
ORD-001021,2024-01-29,CUST-0002,PROD-010,South,6,315.77,0.0,1894.62
ORD-001022,2023-01-17,CUST-0063,PROD-019,South,2,439.83,0.15,747.71
ORD-001023,2024-10-15,CUST-0099,PROD-004,South,6,248.04,0.15,1265.0
ORD-001024,2024-02-22,CUST-0113,PROD-015,North,14,194.83,0.1,2454.86
ORD-001025,2024-08-11,CUST-0065,PROD-018,South,10,286.31,0.1,2576.79
ORD-001026,2024-04-26,CUST-0051,PROD-015,West,7,153.15,0.1,964.84
ORD-001027,2023-02-20,CUST-0161,PROD-017,West,13,167.19,0.15,1847.45
ORD-001028,2023-09-24,CUST-0037,PROD-017,West,6,160.84,0.15,820.28
ORD-001029,2024-03-01,CUST-0134,PROD-021,East,2,17.77,0.2,28.43
ORD-001030,2023-10-24,CUST-0001,PROD-022,East,1,18.94,0.2,15.15
ORD-001031,2023-05-08,CUST-0004,PROD-016,East,4,87.14,0.1,313.7
ORD-001032,2023-08-17,CUST-0058,PROD-002,South,7,178.39,0.1,1123.86
ORD-001033,2023-09-13,CUST-0079,PROD-006,North,4,133.15,0.0,532.6
ORD-001034,2024-01-20,CUST-0005,PROD-005,South,14,351.25,0.05,4671.62
ORD-001035,2023-01-04,CUST-0066,PROD-015,South,5,228.76,0.0,1143.8
ORD-001036,2024-03-07,CUST-0124,PROD-018,West,10,267.96,0.0,2679.6
ORD-001037,2024-12-28,CUST-0001,PROD-012,South,12,210.55,0.05,2400.27
ORD-001038,2024-04-24,CUST-0071,PROD-022,South,2,27.37,0.2,43.79
ORD-001039,2023-04-08,CUST-0074,PROD-017,West,9,263.08,0.05,2249.33
ORD-001040,2023-09-02,CUST-0134,PROD-011,West,13,204.45,0.05,2524.96
ORD-001041,2024-05-05,CUST-0020,PROD-005,West,5,319.96,0.15,1359.83
ORD-001042,2024-08-29,CUST-0178,PROD-007,West,10,140.66,0.15,1195.61
ORD-001043,2023-06-25,CUST-0150,PROD-019,South,3,296.39,0.05,844.71
ORD-001044,2024-12-20,CUST-0067,PROD-003,North,7,85.28,0.05,567.11
ORD-001045,2024-09-18,CUST-0001,PROD-019,North,5,103.49,0.15,439.83
ORD-001046,2024-02-12,CUST-0005,PROD-013,West,10,325.03,0.1,2925.27
ORD-001047,2023-07-27,CUST-0085,PROD-011,South,12,121.84,0.15,1242.77
ORD-001048,2023-12-08,CUST-0047,PROD-008,West,7,84.32,0.0,590.24
ORD-001049,2024-08-28,CUST-0081,PROD-006,South,3,193.28,0.0,579.84
ORD-001050,2023-12-10,CUST-0024,PROD-016,North,6,296.08,0.15,1510.01
ORD-001051,2024-07-11,CUST-0142,PROD-019,North,1,238.28,0.1,214.45
ORD-001052,2023-10-17,CUST-0158,PROD-011,East,11,225.08,0.1,2228.29
ORD-001053,2023-11-06,CUST-0003,PROD-021,North,2,29.06,0.2,46.5
ORD-001054,2024-05-04,CUST-0108,PROD-007,East,13,81.37,0.1,952.03
ORD-001055,2024-06-28,CUST-0004,PROD-016,South,5,292.06,0.05,1387.28
ORD-001056,2024-09-12,CUST-0157,PROD-007,East,5,134.53,0.1,605.38
ORD-001057,2023-01-02,CUST-0044,PROD-008,North,11,347.87,0.1,3443.91
ORD-001058,2023-10-04,CUST-0026,PROD-023,North,2,22.73,0.2,36.37
ORD-001059,2023-03-27,CUST-0001,PROD-023,West,1,16.6,0.2,13.28
ORD-001060,2024-09-21,CUST-0003,PROD-015,West,14,311.56,0.0,4361.84
ORD-001061,2024-04-22,CUST-0001,PROD-008,North,14,148.15,0.05,1970.39
ORD-001062,2024-05-06,CUST-0055,PROD-015,South,9,155.01,0.15,1185.83
ORD-001063,2024-11-29,CUST-0040,PROD-014,South,11,498.76,0.0,5486.36
ORD-001064,2023-11-15,CUST-0134,PROD-012,North,2,76.46,0.15,129.98
ORD-001065,2023-05-05,CUST-0022,PROD-007,West,13,51.06,0.0,663.78
ORD-001066,2023-03-22,CUST-0091,PROD-007,North,8,252.84,0.05,1921.58
ORD-001067,2024-11-13,CUST-0168,PROD-001,South,4,216.55,0.15,736.27
ORD-001068,2024-02-10,CUST-0051,PROD-016,South,10,367.63,0.1,3308.67
ORD-001069,2024-06-19,CUST-0150,PROD-017,South,5,467.25,0.1,2102.62
ORD-001070,2024-06-04,CUST-0048,PROD-018,East,3,210.06,0.0,630.18
ORD-001071,2023-04-29,CUST-0037,PROD-010,North,8,225.98,0.15,1536.66
ORD-001072,2023-10-13,CUST-0143,PROD-021,North,1,34.68,0.2,27.74
ORD-001073,2024-01-31,CUST-0004,PROD-002,South,12,366.07,0.15,3733.91
ORD-001074,2024-05-07,CUST-0007,PROD-016,East,4,330.9,0.1,1191.24
ORD-001075,2023-10-11,CUST-0107,PROD-015,South,14,516.74,0.15,6149.21
ORD-001076,2023-02-18,CUST-0093,PROD-009,North,5,318.28,0.15,1352.69
ORD-001077,2023-12-21,CUST-0197,PROD-009,North,12,206.37,0.05,2352.62
ORD-001078,2023-05-08,CUST-0149,PROD-018,South,12,221.75,0.15,2261.85
ORD-001079,2023-06-07,CUST-0100,PROD-017,South,1,279.0,0.1,251.1
ORD-001080,2024-07-20,CUST-0003,PROD-003,East,6,191.01,0.1,1031.45
ORD-001081,2024-04-23,CUST-0193,PROD-001,South,3,65.62,0.0,196.86
ORD-001082,2024-06-05,CUST-0004,PROD-015,West,11,137.45,0.0,1511.95
ORD-001083,2023-04-24,CUST-0181,PROD-019,South,14,244.49,0.05,3251.72
ORD-001084,2024-11-30,CUST-0005,PROD-011,South,12,293.66,0.1,3171.53
ORD-001085,2024-04-09,CUST-0089,PROD-007,East,8,290.36,0.1,2090.59
ORD-001086,2023-06-25,CUST-0035,PROD-003,West,3,209.96,0.1,566.89
ORD-001087,2024-10-09,CUST-0101,PROD-009,South,9,290.86,0.15,2225.08
ORD-001088,2023-11-18,CUST-0140,PROD-012,South,3,502.13,0.15,1280.43
ORD-001089,2024-03-02,CUST-0192,PROD-016,South,10,465.59,0.1,4190.31
ORD-001090,2024-12-11,CUST-0008,PROD-003,South,6,143.12,0.1,772.85
ORD-001091,2023-07-04,CUST-0010,PROD-002,East,3,71.03,0.15,181.13
ORD-001092,2023-12-31,CUST-0003,PROD-013,North,13,435.08,0.15,4807.63
ORD-001093,2024-03-18,CUST-0004,PROD-005,South,7,150.57,0.15,895.89
ORD-001094,2023-01-18,CUST-0004,PROD-017,East,10,387.0,0.15,3289.5
ORD-001095,2024-10-28,CUST-0010,PROD-006,North,9,304.54,0.15,2329.73
ORD-001096,2024-01-04,CUST-0107,PROD-002,East,12,151.32,0.05,1725.05
ORD-001097,2024-08-31,CUST-0033,PROD-024,East,1,37.52,0.2,30.02
ORD-001098,2024-08-24,CUST-0108,PROD-012,East,12,303.55,0.0,3642.6
ORD-001099,2024-04-30,CUST-0139,PROD-008,South,10,179.69,0.15,1527.36
ORD-001100,2024-12-14,CUST-0130,PROD-025,South,1,22.19,0.2,17.75
ORD-001101,2023-04-28,CUST-0005,PROD-004,South,3,283.73,0.0,851.19
ORD-001102,2023-03-15,CUST-0001,PROD-010,North,3,143.74,0.15,366.54
ORD-001103,2024-06-23,CUST-0021,PROD-011,North,6,82.0,0.0,492.0
ORD-001104,2023-04-03,CUST-0005,PROD-012,North,7,326.35,0.15,1941.78
ORD-001105,2024-12-11,CUST-0172,PROD-013,South,13,322.73,0.15,3566.17
ORD-001106,2023-01-12,CUST-0003,PROD-005,South,1,296.7,0.05,281.86
ORD-001107,2024-06-07,CUST-0194,PROD-018,North,1,115.76,0.0,115.76
ORD-001108,2024-07-11,CUST-0050,PROD-008,South,8,193.31,0.05,1469.16
ORD-001109,2024-07-14,CUST-0005,PROD-007,South,11,81.62,0.15,763.15
ORD-001110,2024-04-22,CUST-0164,PROD-016,East,3,132.88,0.15,338.84
ORD-001111,2024-12-25,CUST-0002,PROD-013,South,13,243.11,0.0,3160.43
ORD-001112,2024-03-01,CUST-0166,PROD-013,South,7,205.5,0.0,1438.5
ORD-001113,2024-03-02,CUST-0004,PROD-004,West,14,52.93,0.05,703.97
ORD-001114,2023-01-14,CUST-0018,PROD-010,East,5,233.95,0.0,1169.75
ORD-001115,2023-01-22,CUST-0046,PROD-005,East,3,262.79,0.05,748.95
ORD-001116,2024-03-30,CUST-0046,PROD-014,North,11,322.66,0.1,3194.33
ORD-001117,2023-05-27,CUST-0146,PROD-013,North,12,313.53,0.0,3762.36
ORD-001118,2024-10-31,CUST-0002,PROD-013,North,14,280.27,0.05,3727.59
ORD-001119,2024-11-16,CUST-0044,PROD-006,West,6,294.34,0.1,1589.44
ORD-001120,2023-10-19,CUST-0095,PROD-012,South,7,337.35,0.1,2125.31
ORD-001121,2023-08-24,CUST-0004,PROD-013,North,14,355.5,0.15,4230.45
ORD-001122,2023-09-23,CUST-0029,PROD-009,North,6,434.77,0.05,2478.19
ORD-001123,2023-05-23,CUST-0128,PROD-017,South,9,508.48,0.15,3889.87
ORD-001124,2023-11-20,CUST-0095,PROD-016,North,9,115.64,0.0,1040.76
ORD-001125,2023-01-05,CUST-0126,PROD-012,North,13,142.56,0.05,1760.62
ORD-001126,2023-03-20,CUST-0004,PROD-008,South,8,231.74,0.15,1575.83
ORD-001127,2023-12-04,CUST-0022,PROD-013,North,7,137.82,0.0,964.74
ORD-001128,2024-11-10,CUST-0062,PROD-002,South,7,416.93,0.0,2918.51
ORD-001129,2023-08-24,CUST-0178,PROD-015,North,11,228.46,0.05,2387.41
ORD-001130,2024-11-27,CUST-0137,PROD-006,East,6,73.36,0.0,440.16
ORD-001131,2024-05-10,CUST-0093,PROD-009,North,12,181.57,0.05,2069.9
ORD-001132,2024-05-16,CUST-0120,PROD-011,South,12,381.91,0.05,4353.77
ORD-001133,2024-09-02,CUST-0163,PROD-019,East,13,245.56,0.15,2713.44
ORD-001134,2023-08-05,CUST-0001,PROD-005,North,2,257.26,0.0,514.52
ORD-001135,2024-05-18,CUST-0020,PROD-005,East,7,316.24,0.15,1881.63
ORD-001136,2023-09-25,CUST-0005,PROD-006,South,11,345.65,0.05,3612.04
ORD-001137,2023-01-29,CUST-0051,PROD-004,North,4,93.99,0.1,338.36
ORD-001138,2023-10-06,CUST-0005,PROD-024,North,2,21.11,0.2,33.78
ORD-001139,2024-02-14,CUST-0050,PROD-017,South,6,399.75,0.05,2278.57
ORD-001140,2024-12-19,CUST-0018,PROD-012,South,9,78.66,0.05,672.54
ORD-001141,2024-01-13,CUST-0008,PROD-011,North,2,378.31,0.15,643.13
ORD-001142,2024-02-25,CUST-0102,PROD-014,West,7,253.37,0.1,1596.23
ORD-001143,2024-09-14,CUST-0016,PROD-006,East,2,146.64,0.15,249.29
ORD-001144,2023-01-23,CUST-0157,PROD-019,South,8,402.05,0.15,2733.94
ORD-001145,2024-01-17,CUST-0141,PROD-013,South,2,405.22,0.1,729.4
ORD-001146,2023-08-29,CUST-0005,PROD-019,South,5,237.39,0.15,1008.91
ORD-001147,2023-02-21,CUST-0111,PROD-004,North,2,276.92,0.15,470.76
ORD-001148,2023-04-26,CUST-0002,PROD-013,South,1,261.92,0.0,261.92
ORD-001149,2024-06-07,CUST-0103,PROD-016,West,1,268.36,0.15,228.11
ORD-001150,2024-03-16,CUST-0108,PROD-017,West,7,363.27,0.0,2542.89
ORD-001151,2024-10-13,CUST-0090,PROD-017,East,1,237.29,0.15,201.7
ORD-001152,2024-01-16,CUST-0097,PROD-018,South,13,228.75,0.15,2527.69
ORD-001153,2023-10-23,CUST-0114,PROD-006,South,3,256.04,0.05,729.71
ORD-001154,2023-10-25,CUST-0113,PROD-002,North,10,370.05,0.15,3145.42
ORD-001155,2023-05-04,CUST-0005,PROD-005,South,2,478.59,0.05,909.32
ORD-001156,2024-11-12,CUST-0003,PROD-017,South,11,143.35,0.0,1576.85
ORD-001157,2023-04-07,CUST-0024,PROD-023,South,1,21.85,0.2,17.48
ORD-001158,2023-05-26,CUST-0136,PROD-023,South,1,19.79,0.2,15.83
ORD-001159,2023-05-03,CUST-0137,PROD-019,South,13,65.02,0.0,845.26
ORD-001160,2024-12-19,CUST-0191,PROD-006,East,11,339.96,0.05,3552.58
ORD-001161,2024-12-01,CUST-0095,PROD-004,North,14,391.96,0.05,5213.07
ORD-001162,2024-11-11,CUST-0126,PROD-003,South,12,174.92,0.05,1994.09
ORD-001163,2024-11-18,CUST-0032,PROD-006,South,8,270.4,0.05,2055.04
ORD-001164,2024-09-09,CUST-0003,PROD-013,South,8,439.35,0.1,3163.32
ORD-001165,2024-11-07,CUST-0140,PROD-010,North,3,102.19,0.15,260.58
ORD-001166,2023-06-13,CUST-0168,PROD-023,South,2,27.41,0.2,43.86
ORD-001167,2024-05-18,CUST-0035,PROD-014,South,2,268.83,0.0,537.66
ORD-001168,2023-11-25,CUST-0060,PROD-015,South,12,163.42,0.05,1862.99
ORD-001169,2023-08-27,CUST-0001,PROD-015,South,11,377.76,0.1,3739.82
ORD-001170,2023-05-11,CUST-0176,PROD-014,East,2,158.42,0.0,316.84
ORD-001171,2024-07-07,CUST-0001,PROD-016,South,8,191.43,0.15,1301.72
ORD-001172,2023-02-28,CUST-0062,PROD-010,North,9,336.94,0.05,2880.84
ORD-001173,2024-03-20,CUST-0114,PROD-014,North,2,275.86,0.15,468.96
ORD-001174,2024-11-23,CUST-0067,PROD-004,West,1,142.79,0.1,128.51
ORD-001175,2023-07-08,CUST-0002,PROD-017,South,7,224.87,0.15,1337.98
ORD-001176,2023-09-11,CUST-0042,PROD-011,East,8,325.01,0.15,2210.07
ORD-001177,2024-04-18,CUST-0002,PROD-003,East,11,76.02,0.15,710.79
ORD-001178,2024-07-05,CUST-0111,PROD-001,South,11,306.2,0.15,2862.97
ORD-001179,2023-10-10,CUST-0117,PROD-006,South,14,221.45,0.15,2635.25
ORD-001180,2024-01-31,CUST-0176,PROD-004,East,1,163.63,0.05,155.45
ORD-001181,2024-09-17,CUST-0127,PROD-009,South,12,331.58,0.05,3780.01
ORD-001182,2024-09-15,CUST-0025,PROD-019,East,2,235.97,0.05,448.34
ORD-001183,2023-06-29,CUST-0039,PROD-015,North,8,391.35,0.15,2661.18
ORD-001184,2023-12-26,CUST-0100,PROD-023,North,1,39.66,0.2,31.73
ORD-001185,2024-06-06,CUST-0003,PROD-018,North,7,82.14,0.05,546.23
ORD-001186,2024-12-29,CUST-0103,PROD-023,South,2,26.51,0.2,42.42
ORD-001187,2023-12-23,CUST-0091,PROD-017,South,10,70.73,0.05,671.94
ORD-001188,2023-06-19,CUST-0004,PROD-017,North,1,97.5,0.0,97.5
ORD-001189,2024-10-16,CUST-0094,PROD-013,North,7,410.88,0.1,2588.54
ORD-001190,2024-03-25,CUST-0025,PROD-016,South,10,92.08,0.0,920.8
ORD-001191,2024-08-23,CUST-0054,PROD-013,South,6,395.13,0.15,2015.16
ORD-001192,2023-05-01,CUST-0006,PROD-014,South,7,507.34,0.0,3551.38
ORD-001193,2023-02-02,CUST-0181,PROD-004,West,8,269.19,0.05,2045.84
ORD-001194,2023-11-16,CUST-0002,PROD-017,South,1,220.48,0.05,209.46
ORD-001195,2024-04-28,CUST-0090,PROD-009,North,14,411.43,0.15,4896.02
ORD-001196,2023-07-26,CUST-0072,PROD-001,East,7,160.53,0.1,1011.34
ORD-001197,2024-08-18,CUST-0009,PROD-015,West,3,151.93,0.05,433.0
ORD-001198,2023-01-06,CUST-0001,PROD-024,East,2,27.58,0.2,44.13
ORD-001199,2024-04-10,CUST-0045,PROD-005,South,1,290.37,0.05,275.85
ORD-001200,2023-02-24,CUST-0082,PROD-014,North,12,265.0,0.05,3021.0
ORD-001201,2023-12-05,CUST-0102,PROD-012,South,11,15000.0,0.1,150000.0
ORD-001202,2023-08-11,CUST-0004,PROD-016,East,2,235.3,0.05,447.07
ORD-001203,2023-07-05,CUST-0192,PROD-013,North,12,431.89,0.05,4923.55
ORD-001204,2024-12-22,CUST-0004,PROD-003,West,11,196.43,0.1,1944.66
ORD-001205,2024-03-17,CUST-0048,PROD-019,North,4,188.19,0.1,677.48
ORD-001206,2024-07-28,CUST-0005,PROD-010,South,12,499.27,0.1,5392.12
ORD-001207,2024-05-28,CUST-0126,PROD-001,South,10,190.18,0.05,1806.71
ORD-001208,2024-05-23,CUST-0008,PROD-012,North,5,309.57,0.1,1393.06
ORD-001209,2023-09-06,CUST-0168,PROD-015,North,2,390.64,0.1,703.15
ORD-001210,2023-02-14,CUST-0150,PROD-015,South,1,179.78,0.1,161.8
ORD-001211,2023-06-11,CUST-0041,PROD-025,South,2,25.53,0.2,40.85
ORD-001212,2023-02-20,CUST-0152,PROD-010,North,2,104.22,0.15,177.17
ORD-001213,2024-06-14,CUST-0002,PROD-022,East,2,19.68,0.2,31.49
ORD-001214,2024-10-25,CUST-0118,PROD-025,North,1,34.35,0.2,27.48
ORD-001215,2024-08-17,CUST-0002,PROD-013,North,8,210.62,0.1,1516.46
ORD-001216,2023-03-18,CUST-0062,PROD-007,West,12,204.75,0.1,2211.3
ORD-001217,2023-12-10,CUST-0160,PROD-014,West,6,131.74,0.15,671.87
ORD-001218,2023-10-09,CUST-0066,PROD-010,South,3,429.37,0.05,1223.7
ORD-001219,2023-01-14,CUST-0001,PROD-002,North,12,250.52,0.05,2855.93
ORD-001220,2024-05-05,CUST-0007,PROD-005,East,7,228.95,0.15,1362.25
ORD-001221,2023-07-01,CUST-0175,PROD-007,South,10,488.45,0.05,4640.27
ORD-001222,2024-02-13,CUST-0170,PROD-023,South,1,32.66,0.2,26.13
ORD-001223,2024-07-25,CUST-0077,PROD-004,North,8,109.2,0.15,742.56
ORD-001224,2023-02-20,CUST-0023,PROD-004,North,9,407.06,0.15,3114.01
ORD-001225,2024-02-09,CUST-0175,PROD-017,North,3,223.88,0.0,671.64
ORD-001226,2023-08-21,CUST-0003,PROD-004,East,3,236.2,0.15,602.31
ORD-001227,2023-05-31,CUST-0120,PROD-014,South,6,504.46,0.15,2572.75
ORD-001228,2023-11-26,CUST-0018,PROD-017,South,6,256.9,0.05,1464.33
ORD-001229,2023-12-17,CUST-0004,PROD-021,North,1,34.83,0.2,27.86
ORD-001230,2023-04-07,CUST-0200,PROD-008,North,9,276.48,0.15,2115.07
ORD-001231,2023-04-02,CUST-0192,PROD-006,South,3,340.1,0.1,918.27
ORD-001232,2024-01-08,CUST-0072,PROD-012,North,12,254.31,0.0,3051.72
ORD-001233,2023-07-13,CUST-0127,PROD-024,East,1,31.19,0.2,24.95
ORD-001234,2023-09-07,CUST-0102,PROD-010,East,14,397.09,0.15,4725.37
ORD-001235,2024-04-12,CUST-0001,PROD-009,West,2,174.39,0.15,296.46
ORD-001236,2024-04-07,CUST-0099,PROD-017,East,11,144.98,0.0,1594.78
ORD-001237,2023-11-04,CUST-0040,PROD-004,East,1,367.1,0.0,367.1
ORD-001238,2024-05-22,CUST-0148,PROD-008,West,1,57.0,0.0,57.0
ORD-001239,2024-07-10,CUST-0001,PROD-006,North,12,411.41,0.0,4936.92
ORD-001240,2023-08-28,CUST-0001,PROD-004,South,2,372.49,0.15,633.23
ORD-001241,2023-11-10,CUST-0141,PROD-011,South,9,116.46,0.05,995.73
ORD-001242,2023-01-24,CUST-0165,PROD-012,South,9,274.48,0.15,2099.77
ORD-001243,2023-07-20,CUST-0126,PROD-015,North,3,432.29,0.1,1167.18
ORD-001244,2023-12-14,CUST-0130,PROD-007,North,12,117.59,0.05,1340.53
ORD-001245,2024-10-30,CUST-0001,PROD-016,South,3,423.2,0.05,1206.12
ORD-001246,2023-08-03,CUST-0001,PROD-009,East,7,256.88,0.05,1708.25
ORD-001247,2023-02-01,CUST-0140,PROD-015,West,6,354.27,0.05,2019.34
ORD-001248,2024-02-14,CUST-0005,PROD-009,South,6,431.74,0.05,2460.92
ORD-001249,2024-06-15,CUST-0077,PROD-011,North,12,134.03,0.0,1608.36
ORD-001250,2023-07-12,CUST-0025,PROD-011,South,1,399.15,0.05,379.19
ORD-001251,2023-11-05,CUST-0069,PROD-019,North,13,398.14,0.15,4399.45
ORD-001252,2023-05-12,CUST-0004,PROD-018,North,11,331.78,0.15,3102.14
ORD-001253,2024-08-02,CUST-0026,PROD-013,West,13,58.09,0.1,679.65
ORD-001254,2023-12-12,CUST-0032,PROD-016,North,14,66.71,0.15,793.85
ORD-001255,2023-01-14,CUST-0158,PROD-002,South,14,120.75,0.0,1690.5
ORD-001256,2023-09-26,CUST-0113,PROD-003,West,12,276.51,0.0,3318.12
ORD-001257,2024-09-01,CUST-0161,PROD-018,West,7,383.43,0.1,2415.61
ORD-001258,2023-03-21,CUST-0039,PROD-014,North,1,131.58,0.15,111.84
ORD-001259,2023-01-09,CUST-0079,PROD-004,North,6,406.76,0.05,2318.53
ORD-001260,2023-11-18,CUST-0047,PROD-010,North,12,225.5,0.1,2435.4
ORD-001261,2024-06-25,CUST-0052,PROD-018,East,1,319.48,0.05,303.51
ORD-001262,2024-02-06,CUST-0114,PROD-014,North,5,184.67,0.05,877.18
ORD-001263,2024-12-13,CUST-0005,PROD-002,West,3,186.42,0.05,531.3
ORD-001264,2024-11-24,CUST-0084,PROD-007,North,1,390.1,0.15,331.58
ORD-001265,2023-06-10,CUST-0192,PROD-003,North,14,419.93,0.1,5291.12
ORD-001266,2024-08-20,CUST-0152,PROD-005,South,13,163.8,0.1,1916.46
ORD-001267,2024-06-26,CUST-0155,PROD-014,South,9,492.4,0.1,3988.44
ORD-001268,2024-07-10,CUST-0132,PROD-014,East,11,61.26,0.1,606.47
ORD-001269,2023-01-11,CUST-0005,PROD-010,South,10,405.9,0.1,3653.1
ORD-001270,2024-10-25,CUST-0144,PROD-012,South,11,157.04,0.15,1468.32
ORD-001271,2023-01-04,CUST-0109,PROD-019,West,11,158.92,0.15,1485.9
ORD-001272,2024-02-15,CUST-0108,PROD-022,South,1,34.1,0.2,27.28
ORD-001273,2024-03-28,CUST-0004,PROD-016,South,13,274.39,0.0,3567.07
ORD-001274,2023-12-07,CUST-0002,PROD-016,North,6,257.81,0.0,1546.86
ORD-001275,2024-01-27,CUST-0002,PROD-015,East,13,278.84,0.05,3443.67
ORD-001276,2024-10-02,CUST-0147,PROD-006,East,14,167.95,0.1,2116.17
ORD-001277,2023-07-20,CUST-0131,PROD-002,South,10,74.63,0.15,634.35
ORD-001278,2024-04-23,CUST-0001,PROD-019,North,14,142.4,0.15,1694.56
ORD-001279,2023-08-17,CUST-0027,PROD-001,South,10,185.8,0.0,1858.0
ORD-001280,2023-06-26,CUST-0098,PROD-015,South,4,311.43,0.1,1121.15
ORD-001281,2023-08-22,CUST-0147,PROD-015,South,11,349.38,0.05,3651.02
ORD-001282,2023-05-06,CUST-0160,PROD-002,South,1,375.77,0.05,356.98
ORD-001283,2024-06-08,CUST-0184,PROD-006,South,9,375.23,0.1,3039.36
ORD-001284,2023-05-27,CUST-0041,PROD-024,South,1,17.98,0.2,14.38
ORD-001285,2024-04-18,CUST-0077,PROD-005,North,12,197.51,0.15,2014.6
ORD-001286,2024-07-23,CUST-0025,PROD-018,East,7,134.08,0.05,891.63
ORD-001287,2023-12-28,CUST-0144,PROD-016,North,3,402.04,0.0,1206.12
ORD-001288,2023-11-29,CUST-0083,PROD-017,East,4,191.61,0.05,728.12
ORD-001289,2023-12-30,CUST-0198,PROD-019,North,5,263.72,0.1,1186.74
ORD-001290,2023-11-09,CUST-0115,PROD-010,North,12,151.42,0.05,1726.19
ORD-001291,2024-04-12,CUST-0036,PROD-021,North,1,19.69,0.2,15.75
ORD-001292,2023-01-16,CUST-0048,PROD-019,North,7,145.16,0.1,914.51
ORD-001293,2024-03-12,CUST-0112,PROD-009,South,8,423.79,0.1,3051.29
ORD-001294,2024-06-15,CUST-0049,PROD-008,North,7,274.6,0.0,1922.2
ORD-001295,2024-12-13,CUST-0084,PROD-018,East,7,149.03,0.0,1043.21
ORD-001296,2024-12-05,CUST-0005,PROD-017,South,11,341.29,0.0,3754.19
ORD-001297,2023-07-11,CUST-0027,PROD-003,North,6,427.95,0.15,2182.54
ORD-001298,2024-07-18,CUST-0027,PROD-010,South,13,295.25,0.1,3454.42
ORD-001299,2023-08-21,CUST-0165,PROD-009,South,2,383.06,0.0,766.12
ORD-001300,2024-11-07,CUST-0009,PROD-023,East,1,17.1,0.2,13.68
ORD-001301,2024-05-12,CUST-0065,PROD-003,East,12,214.88,0.0,2578.56
ORD-001302,2023-02-09,CUST-0042,PROD-005,South,9,484.62,0.05,4143.5
ORD-001303,2024-03-02,CUST-0092,PROD-015,South,7,486.12,0.15,2892.41
ORD-001304,2024-05-02,CUST-0006,PROD-014,West,6,70.77,0.1,382.16
ORD-001305,2023-01-06,CUST-0194,PROD-004,South,1,228.38,0.05,216.96
ORD-001306,2023-07-03,CUST-0195,PROD-002,East,13,303.47,0.05,3747.85
ORD-001307,2023-02-03,CUST-0140,PROD-017,South,5,152.73,0.0,763.65
ORD-001308,2024-06-01,CUST-0108,PROD-001,North,7,217.76,0.0,1524.32
ORD-001309,2023-07-04,CUST-0002,PROD-001,West,9,221.97,0.0,1997.73
ORD-001310,2023-07-31,CUST-0030,PROD-015,North,12,357.75,0.05,4078.35
ORD-001311,2024-12-29,CUST-0030,PROD-009,East,14,209.41,0.15,2491.98
ORD-001312,2024-10-22,CUST-0090,PROD-022,North,2,29.46,0.2,47.14
ORD-001313,2024-05-18,CUST-0025,PROD-022,South,2,17.51,0.2,28.02
ORD-001314,2024-04-07,CUST-0035,PROD-001,West,14,183.08,0.0,2563.12
ORD-001315,2023-09-10,CUST-0149,PROD-001,South,6,293.97,0.1,1587.44
ORD-001316,2023-04-06,CUST-0194,PROD-019,North,12,74.11,0.1,800.39
ORD-001317,2024-05-31,CUST-0021,PROD-025,South,1,22.74,0.2,18.19
ORD-001318,2024-02-20,CUST-0117,PROD-008,South,12,88.3,0.05,1006.62
ORD-001319,2023-09-01,CUST-0038,PROD-019,North,11,303.33,0.1,3002.97
ORD-001320,2023-04-22,CUST-0040,PROD-015,South,7,422.27,0.0,2955.89
ORD-001321,2023-02-22,CUST-0005,PROD-015,South,4,319.48,0.1,1150.13
ORD-001322,2023-07-20,CUST-0053,PROD-006,North,13,179.59,0.1,2101.2
ORD-001323,2024-09-10,CUST-0123,PROD-014,South,11,515.44,0.05,5386.35
ORD-001324,2023-09-23,CUST-0171,PROD-016,South,10,410.6,0.15,3490.1
ORD-001325,2023-09-08,CUST-0199,PROD-014,South,9,86.96,0.05,743.51
ORD-001326,2024-06-16,CUST-0089,PROD-010,West,2,144.33,0.05,274.23
ORD-001327,2023-09-28,CUST-0165,PROD-009,South,8,479.71,0.05,3645.8
ORD-001328,2024-05-23,CUST-0003,PROD-018,West,14,348.55,0.15,4147.74
ORD-001329,2024-05-13,CUST-0090,PROD-019,South,11,501.15,0.0,5512.65
ORD-001330,2023-07-03,CUST-0171,PROD-017,East,11,86.31,0.15,807.0
ORD-001331,2024-11-15,CUST-0042,PROD-021,North,2,30.0,0.2,48.0
ORD-001332,2024-06-02,CUST-0098,PROD-008,South,7,80.95,0.0,566.65
ORD-001333,2023-06-07,CUST-0111,PROD-009,South,14,298.36,0.15,3550.48
ORD-001334,2023-02-19,CUST-0177,PROD-009,South,7,215.2,0.0,1506.4
ORD-001335,2024-03-28,CUST-0026,PROD-015,North,6,436.97,0.15,2228.55
ORD-001336,2023-11-12,CUST-0131,PROD-006,North,5,275.97,0.15,1172.87
ORD-001337,2024-11-26,CUST-0188,PROD-009,South,3,501.61,0.1,1354.35
ORD-001338,2023-12-16,CUST-0113,PROD-001,South,10,251.31,0.1,2261.79
ORD-001339,2024-03-30,CUST-0004,PROD-007,North,4,251.31,0.1,904.72
ORD-001340,2024-06-02,CUST-0178,PROD-003,South,10,493.13,0.05,4684.73
ORD-001341,2023-02-04,CUST-0079,PROD-016,East,2,170.2,0.1,306.36
ORD-001342,2023-08-05,CUST-0046,PROD-014,South,12,122.95,0.15,1254.09
ORD-001343,2023-05-15,CUST-0130,PROD-013,South,5,211.39,0.0,1056.95
ORD-001344,2023-08-23,CUST-0006,PROD-005,South,3,356.03,0.0,1068.09
ORD-001345,2024-09-19,CUST-0100,PROD-004,East,8,117.8,0.05,895.28
ORD-001346,2024-11-23,CUST-0032,PROD-014,South,6,405.49,0.15,2068.0
ORD-001347,2024-05-01,CUST-0137,PROD-011,West,12,228.95,0.15,2335.29
ORD-001348,2023-06-04,CUST-0163,PROD-007,West,10,265.17,0.15,2253.95
ORD-001349,2023-01-18,CUST-0086,PROD-012,North,2,277.96,0.1,500.33
ORD-001350,2024-06-25,CUST-0128,PROD-009,South,6,408.57,0.0,2451.42
ORD-001351,2024-07-12,CUST-0001,PROD-016,South,10,162.58,0.05,1544.51
ORD-001352,2024-05-16,CUST-0059,PROD-002,North,7,373.38,0.1,2352.29
ORD-001353,2024-10-15,CUST-0188,PROD-010,North,8,226.75,0.05,1723.3
ORD-001354,2024-08-30,CUST-0002,PROD-009,East,7,51.19,0.15,304.58
ORD-001355,2023-02-20,CUST-0073,PROD-017,North,4,140.76,0.15,478.58
ORD-001356,2024-07-17,CUST-0167,PROD-006,West,9,55.2,0.0,496.8
ORD-001357,2023-06-30,CUST-0086,PROD-008,East,1,346.35,0.15,294.4
ORD-001358,2023-06-27,CUST-0002,PROD-016,East,7,357.48,0.15,2127.01
ORD-001359,2024-12-07,CUST-0004,PROD-018,North,3,118.81,0.1,320.79
ORD-001360,2023-02-17,CUST-0110,PROD-017,South,8,365.02,0.1,2628.14
ORD-001361,2023-07-29,CUST-0154,PROD-014,West,14,382.56,0.15,4552.46
ORD-001362,2023-01-09,CUST-0193,PROD-010,South,10,380.66,0.05,3616.27
ORD-001363,2023-05-01,CUST-0033,PROD-009,East,5,261.36,0.1,1176.12
ORD-001364,2024-03-21,CUST-0003,PROD-017,South,5,244.24,0.1,1099.08
ORD-001365,2024-07-21,CUST-0104,PROD-012,South,12,459.83,0.0,5517.96
ORD-001366,2024-01-12,CUST-0157,PROD-017,South,14,78.93,0.0,1105.02
ORD-001367,2024-07-01,CUST-0104,PROD-009,South,8,401.59,0.0,3212.72
ORD-001368,2024-08-03,CUST-0121,PROD-002,North,11,439.86,0.15,4112.69
ORD-001369,2024-05-24,CUST-0005,PROD-013,North,12,132.95,0.1,1435.86
ORD-001370,2023-08-16,CUST-0153,PROD-014,North,9,58.39,0.0,525.51
ORD-001371,2024-09-21,CUST-0064,PROD-011,North,1,121.75,0.0,121.75
ORD-001372,2024-05-05,CUST-0005,PROD-006,South,11,493.77,0.1,4888.32
ORD-001373,2024-04-25,CUST-0003,PROD-005,South,11,409.67,0.1,4055.73
ORD-001374,2023-07-06,CUST-0096,PROD-013,South,5,156.77,0.15,666.27
ORD-001375,2024-05-01,CUST-0020,PROD-016,South,10,295.34,0.15,2510.39
ORD-001376,2023-09-08,CUST-0003,PROD-015,South,3,502.56,0.05,1432.3
ORD-001377,2024-01-05,CUST-0142,PROD-015,West,4,63.45,0.15,215.73
ORD-001378,2023-12-11,CUST-0148,PROD-007,West,2,286.27,0.1,515.29
ORD-001379,2023-02-09,CUST-0133,PROD-005,North,13,269.37,0.0,3501.81
ORD-001380,2024-07-11,CUST-0022,PROD-017,North,12,96.64,0.0,1159.68
ORD-001381,2023-11-12,CUST-0002,PROD-014,East,8,179.02,0.05,1360.55
ORD-001382,2024-06-14,CUST-0010,PROD-003,West,3,341.74,0.1,922.7
ORD-001383,2023-03-15,CUST-0093,PROD-006,West,4,229.78,0.15,781.25
ORD-001384,2024-07-05,CUST-0005,PROD-025,North,1,17.3,0.2,13.84
ORD-001385,2024-09-01,CUST-0033,PROD-010,South,2,123.17,0.0,246.34
ORD-001386,2024-08-07,CUST-0180,PROD-006,North,4,213.54,0.15,726.04
ORD-001387,2024-04-17,CUST-0003,PROD-008,West,9,361.54,0.05,3091.17
ORD-001388,2024-03-28,CUST-0004,PROD-014,North,2,284.04,0.05,539.68
ORD-001389,2023-01-08,CUST-0114,PROD-010,North,1,277.17,0.1,249.45
ORD-001390,2023-07-06,CUST-0168,PROD-007,South,2,476.51,0.15,810.07
ORD-001391,2024-09-18,CUST-0005,PROD-011,North,7,178.2,0.0,1247.4
ORD-001392,2024-11-23,CUST-0122,PROD-011,East,12,141.19,0.15,1440.14
ORD-001393,2023-06-13,CUST-0092,PROD-005,South,10,250.52,0.05,2379.94
ORD-001394,2024-09-14,CUST-0020,PROD-011,South,14,237.38,0.15,2824.82
ORD-001395,2023-04-20,CUST-0074,PROD-017,North,6,213.45,0.0,1280.7
ORD-001396,2024-05-02,CUST-0123,PROD-014,East,10,138.48,0.05,1315.56
ORD-001397,2024-03-08,CUST-0095,PROD-004,West,11,249.98,0.0,2749.78
ORD-001398,2024-05-10,CUST-0009,PROD-009,North,7,193.39,0.1,1218.36
ORD-001399,2024-07-03,CUST-0057,PROD-010,North,3,176.19,0.1,475.71
ORD-001400,2024-02-02,CUST-0062,PROD-011,South,4,174.51,0.05,663.14
ORD-001401,2024-12-01,CUST-0029,PROD-010,South,13,498.62,0.05,6157.96
ORD-001402,2023-02-06,CUST-0003,PROD-002,North,4,112.51,0.0,450.04
ORD-001403,2023-03-10,CUST-0065,PROD-025,East,2,33.21,0.2,53.14
ORD-001404,2024-08-06,CUST-0172,PROD-006,West,11,360.51,0.15,3370.77
ORD-001405,2024-11-05,CUST-0041,PROD-005,East,1,320.46,0.15,272.39
ORD-001406,2023-05-02,CUST-0001,PROD-016,South,10,222.6,0.15,1892.1
ORD-001407,2023-11-05,CUST-0145,PROD-017,South,12,456.87,0.05,5208.32
ORD-001408,2023-02-05,CUST-0005,PROD-006,North,2,259.95,0.15,441.92
ORD-001409,2023-09-18,CUST-0014,PROD-002,West,4,241.73,0.1,870.23
ORD-001410,2023-04-06,CUST-0141,PROD-009,East,13,301.45,0.15,3331.02
ORD-001411,2023-12-10,CUST-0001,PROD-009,East,12,64.0,0.05,729.6
ORD-001412,2023-06-04,CUST-0110,PROD-019,North,4,159.93,0.15,543.76
ORD-001413,2023-02-03,CUST-0157,PROD-003,South,12,197.99,0.0,2375.88
ORD-001414,2024-01-15,CUST-0195,PROD-012,North,13,369.05,0.0,4797.65
ORD-001415,2024-01-22,CUST-0100,PROD-012,East,3,276.19,0.1,745.71
ORD-001416,2023-01-14,CUST-0193,PROD-014,East,6,193.68,0.05,1103.98
ORD-001417,2023-07-30,CUST-0006,PROD-002,South,10,474.49,0.15,4033.16
ORD-001418,2023-09-24,CUST-0004,PROD-014,East,5,267.01,0.0,1335.05
ORD-001419,2023-12-09,CUST-0135,PROD-016,South,4,401.48,0.1,1445.33
ORD-001420,2023-10-31,CUST-0139,PROD-018,East,13,385.7,0.15,4261.98
ORD-001421,2023-07-04,CUST-0096,PROD-006,South,6,329.05,0.0,1974.3
ORD-001422,2023-06-02,CUST-0001,PROD-012,North,10,271.25,0.05,2576.88
ORD-001423,2024-02-09,CUST-0125,PROD-014,North,3,131.78,0.15,336.04
ORD-001424,2024-08-03,CUST-0136,PROD-016,North,14,408.78,0.1,5150.63
ORD-001425,2024-04-12,CUST-0004,PROD-001,North,12,157.09,0.15,1602.32
ORD-001426,2024-06-23,CUST-0018,PROD-013,East,5,262.26,0.05,1245.73
ORD-001427,2024-12-22,CUST-0184,PROD-016,South,6,129.4,0.15,659.94
ORD-001428,2023-01-29,CUST-0109,PROD-017,South,5,259.48,0.05,1232.53
ORD-001429,2023-11-19,CUST-0090,PROD-008,South,7,257.73,0.0,1804.11
ORD-001430,2024-09-06,CUST-0160,PROD-017,South,1,115.32,0.1,103.79
ORD-001431,2024-02-12,CUST-0128,PROD-018,South,3,73.79,0.05,210.3
ORD-001432,2024-09-30,CUST-0038,PROD-014,South,6,336.03,0.1,1814.56
ORD-001433,2024-06-08,CUST-0071,PROD-001,West,9,181.89,0.0,1637.01
ORD-001434,2023-10-19,CUST-0019,PROD-015,South,4,472.18,0.1,1699.85
ORD-001435,2023-08-25,CUST-0039,PROD-016,North,12,310.78,0.1,3356.42
ORD-001436,2023-04-12,CUST-0156,PROD-018,South,14,132.05,0.05,1756.26
ORD-001437,2024-12-06,CUST-0154,PROD-024,South,2,16.18,0.2,25.89
ORD-001438,2024-03-23,CUST-0066,PROD-011,South,2,84.26,0.15,143.24
ORD-001439,2023-08-12,CUST-0054,PROD-004,East,14,119.18,0.05,1585.09
ORD-001440,2024-06-12,CUST-0089,PROD-008,North,12,327.76,0.0,3933.12
ORD-001441,2024-08-08,CUST-0040,PROD-008,East,9,322.86,0.0,2905.74
ORD-001442,2024-04-29,CUST-0104,PROD-018,South,13,376.44,0.0,4893.72
ORD-001443,2024-11-20,CUST-0003,PROD-014,South,14,441.01,0.0,6174.14
ORD-001444,2023-04-13,CUST-0145,PROD-008,West,2,112.38,0.1,202.28
ORD-001445,2024-06-26,CUST-0076,PROD-012,West,11,177.1,0.0,1948.1
ORD-001446,2023-03-26,CUST-0189,PROD-001,North,10,56.68,0.15,481.78
ORD-001447,2023-10-22,CUST-0003,PROD-015,North,8,282.07,0.1,2030.9
ORD-001448,2023-09-21,CUST-0003,PROD-015,South,6,255.95,0.15,1305.34
ORD-001449,2023-07-05,CUST-0002,PROD-012,South,4,269.81,0.05,1025.28
ORD-001450,2024-10-06,CUST-0194,PROD-017,East,10,261.78,0.1,2356.02
ORD-001451,2024-06-13,CUST-0159,PROD-002,South,-15,344.32,0.05,-1500.0
ORD-001452,2024-04-21,CUST-0143,PROD-013,North,8,111.7,0.15,759.56
ORD-001453,2023-11-06,CUST-0005,PROD-007,East,14,361.49,0.0,5060.86
ORD-001454,2023-10-19,CUST-0024,PROD-001,South,1,104.98,0.1,94.48
ORD-001455,2024-11-06,CUST-0085,PROD-010,South,1,493.57,0.15,419.53
ORD-001456,2024-05-22,CUST-0189,PROD-004,South,13,281.26,0.15,3107.92
ORD-001457,2023-08-29,CUST-0001,PROD-015,East,2,166.3,0.05,315.97
ORD-001458,2024-07-27,CUST-0034,PROD-017,South,14,317.16,0.1,3996.22
ORD-001459,2024-10-16,CUST-0005,PROD-010,North,7,64.61,0.0,452.27
ORD-001460,2023-11-11,CUST-0028,PROD-002,North,13,389.7,0.15,4306.18
ORD-001461,2024-02-11,CUST-0156,PROD-017,South,5,125.7,0.1,565.65
ORD-001462,2024-04-15,CUST-0116,PROD-009,East,12,296.04,0.15,3019.61
ORD-001463,2023-10-25,CUST-0013,PROD-015,West,4,186.19,0.05,707.52
ORD-001464,2023-02-21,CUST-0052,PROD-013,North,4,240.78,0.0,963.12
ORD-001465,2024-05-18,CUST-0171,PROD-012,West,14,68.67,0.0,961.38
ORD-001466,2023-03-23,CUST-0107,PROD-015,North,4,393.68,0.05,1495.98
ORD-001467,2024-09-05,CUST-0001,PROD-011,West,7,259.38,0.05,1724.88
ORD-001468,2023-09-21,CUST-0003,PROD-004,North,13,328.09,0.0,4265.17
ORD-001469,2023-10-22,CUST-0031,PROD-021,East,2,33.91,0.2,54.26
ORD-001470,2023-03-22,CUST-0049,PROD-010,East,4,91.79,0.0,367.16
ORD-001471,2023-04-03,CUST-0004,PROD-007,North,4,341.28,0.1,1228.61
ORD-001472,2024-08-30,CUST-0012,PROD-018,South,9,296.69,0.1,2403.19
ORD-001473,2023-03-30,CUST-0183,PROD-013,West,4,287.7,0.1,1035.72
ORD-001474,2024-01-18,CUST-0084,PROD-015,South,5,253.4,0.1,1140.3
ORD-001475,2023-03-31,CUST-0003,PROD-003,South,1,290.43,0.1,261.39
ORD-001476,2024-10-10,CUST-0039,PROD-023,East,2,31.18,0.2,49.89
ORD-001477,2024-10-31,CUST-0156,PROD-007,North,7,330.32,0.1,2081.02
ORD-001478,2024-01-08,CUST-0036,PROD-008,South,13,502.47,0.05,6205.5
ORD-001479,2023-09-03,CUST-0004,PROD-010,South,1,383.82,0.05,364.63
ORD-001480,2024-04-24,CUST-0107,PROD-023,North,1,37.28,0.2,29.82
ORD-001481,2024-04-09,CUST-0005,PROD-010,West,5,329.64,0.15,1400.97
ORD-001482,2023-01-19,CUST-0158,PROD-008,East,1,145.92,0.15,124.03
ORD-001483,2024-07-31,CUST-0138,PROD-001,North,4,228.26,0.15,776.08
ORD-001484,2024-11-09,CUST-0075,PROD-012,West,9,268.27,0.0,2414.43
ORD-001485,2024-09-02,CUST-0040,PROD-011,South,14,187.65,0.1,2364.39
ORD-001486,2023-10-07,CUST-0114,PROD-010,North,3,278.46,0.1,751.84
ORD-001487,2024-11-25,CUST-0029,PROD-010,East,11,180.15,0.1,1783.48
ORD-001488,2023-10-05,CUST-0058,PROD-013,North,12,191.81,0.1,2071.55
ORD-001489,2024-05-22,CUST-0001,PROD-001,West,9,366.92,0.05,3137.17
ORD-001490,2023-10-31,CUST-0003,PROD-002,South,2,172.74,0.0,345.48
ORD-001491,2024-06-30,CUST-0102,PROD-021,South,1,23.22,0.2,18.58
ORD-001492,2024-04-22,CUST-0076,PROD-009,South,7,217.36,0.1,1369.37
ORD-001493,2023-03-27,CUST-0085,PROD-017,South,7,113.51,0.1,715.11
ORD-001494,2024-04-27,CUST-0132,PROD-001,South,2,154.55,0.1,278.19
ORD-001495,2023-03-27,CUST-0185,PROD-002,East,2,231.52,0.0,463.04
ORD-001496,2023-08-16,CUST-0067,PROD-024,South,2,39.35,0.2,62.96
ORD-001497,2023-05-22,CUST-0129,PROD-002,East,7,123.09,0.0,861.63
ORD-001498,2024-05-25,CUST-0077,PROD-013,West,14,210.53,0.15,2505.31
ORD-001499,2023-11-16,CUST-0001,PROD-025,South,2,37.31,0.2,59.7
ORD-001500,2023-02-14,CUST-0108,PROD-004,West,5,125.46,0.1,564.57
ORD-001501,2024-11-14,CUST-0175,PROD-009,West,4,293.0,0.05,1113.4
ORD-001502,2024-08-19,CUST-0153,PROD-017,West,2,68.26,0.1,122.87
ORD-001503,2024-11-28,CUST-0042,PROD-016,North,3,434.92,0.05,1239.52
ORD-001504,2023-05-23,CUST-0004,PROD-013,South,9,508.76,0.15,3892.01
ORD-001505,2024-06-15,CUST-0033,PROD-016,North,14,302.0,0.0,4228.0
ORD-001506,2024-09-09,CUST-0059,PROD-012,North,11,238.57,0.05,2493.06
ORD-001507,2024-12-28,CUST-0168,PROD-004,East,6,90.18,0.1,486.97
ORD-001508,2023-04-28,CUST-0070,PROD-007,East,14,117.87,0.15,1402.65
ORD-001509,2024-02-12,CUST-0001,PROD-016,East,4,82.35,0.15,279.99
ORD-001510,2024-04-24,CUST-0085,PROD-015,North,10,148.26,0.05,1408.47
ORD-001511,2023-05-01,CUST-0146,PROD-018,South,14,446.79,0.05,5942.31
ORD-001512,2023-03-15,CUST-0018,PROD-008,North,8,292.13,0.0,2337.04
ORD-001513,2024-10-09,CUST-0040,PROD-015,North,3,428.41,0.0,1285.23
ORD-001514,2024-12-11,CUST-0032,PROD-015,South,2,119.6,0.15,203.32
ORD-001515,2024-02-16,CUST-0089,PROD-002,East,14,217.82,0.0,3049.48
ORD-001516,2024-07-30,CUST-0005,PROD-016,South,3,280.74,0.05,800.11
ORD-001517,2024-03-31,CUST-0129,PROD-017,East,2,349.7,0.05,664.43
ORD-001518,2024-05-25,CUST-0046,PROD-001,South,1,501.23,0.0,501.23
ORD-001519,2024-02-14,CUST-0192,PROD-021,North,1,21.02,0.2,16.82
ORD-001520,2023-12-03,CUST-0007,PROD-011,North,10,257.8,0.0,2578.0
ORD-001521,2023-11-01,CUST-0076,PROD-015,East,5,85.66,0.05,406.88
ORD-001522,2024-11-07,CUST-0002,PROD-005,North,12,148.51,0.05,1693.01
ORD-001523,2024-08-23,CUST-0004,PROD-013,South,10,269.95,0.05,2564.52
ORD-001524,2023-01-16,CUST-0003,PROD-007,North,13,204.4,0.15,2258.62
ORD-001525,2024-07-17,CUST-0110,PROD-012,North,11,147.25,0.0,1619.75
ORD-001526,2024-07-02,CUST-0003,PROD-012,South,8,393.44,0.05,2990.14
ORD-001527,2024-05-14,CUST-0005,PROD-004,South,6,373.7,0.15,1905.87
ORD-001528,2024-05-29,CUST-0005,PROD-001,South,4,473.64,0.0,1894.56
ORD-001529,2023-11-27,CUST-0001,PROD-017,West,1,287.72,0.1,258.95
ORD-001530,2023-10-10,CUST-0004,PROD-009,North,5,322.68,0.0,1613.4
ORD-001531,2023-07-20,CUST-0004,PROD-006,South,3,144.73,0.1,390.77
ORD-001532,2023-01-14,CUST-0015,PROD-013,South,6,509.82,0.15,2600.08
ORD-001533,2024-12-07,CUST-0022,PROD-007,West,3,134.82,0.1,364.01
ORD-001534,2023-03-04,CUST-0002,PROD-005,South,3,117.46,0.0,352.38
ORD-001535,2023-08-29,CUST-0137,PROD-009,West,7,342.85,0.05,2279.95
ORD-001536,2024-10-30,CUST-0016,PROD-012,South,11,297.11,0.05,3104.8
ORD-001537,2024-06-30,CUST-0195,PROD-001,North,14,66.61,0.15,792.66
ORD-001538,2024-02-02,CUST-0012,PROD-002,West,7,268.23,0.0,1877.61
ORD-001539,2023-12-01,CUST-0003,PROD-016,East,3,332.96,0.0,998.88
ORD-001540,2023-03-20,CUST-0190,PROD-009,North,14,251.3,0.1,3166.38
ORD-001541,2023-10-23,CUST-0002,PROD-003,South,2,122.05,0.1,219.69
ORD-001542,2024-11-10,CUST-0120,PROD-001,North,6,233.56,0.1,1261.22
ORD-001543,2023-11-02,CUST-0151,PROD-018,South,8,75.9,0.15,516.12
ORD-001544,2023-01-24,CUST-0126,PROD-002,North,3,166.23,0.1,448.82
ORD-001545,2023-02-20,CUST-0045,PROD-006,North,3,107.77,0.1,290.98
ORD-001546,2024-06-24,CUST-0139,PROD-004,West,10,280.79,0.0,2807.9
ORD-001547,2023-03-28,CUST-0002,PROD-002,South,4,451.6,0.1,1625.76
ORD-001548,2023-11-08,CUST-0004,PROD-007,South,6,518.0,0.0,3108.0
ORD-001549,2023-09-10,CUST-0046,PROD-011,East,6,338.21,0.0,2029.26
ORD-001550,2024-12-11,CUST-0062,PROD-019,South,5,159.14,0.05,755.91
ORD-001551,2024-03-23,CUST-0008,PROD-006,South,11,169.54,0.15,1585.2
ORD-001552,2024-03-19,CUST-0133,PROD-012,South,2,417.42,0.0,834.84
ORD-001553,2023-12-12,CUST-0001,PROD-009,North,6,220.38,0.0,1322.28
ORD-001554,2024-11-04,CUST-0008,PROD-015,South,2,100.33,0.05,190.63
ORD-001555,2024-09-04,CUST-0135,PROD-012,North,14,187.37,0.0,2623.18
ORD-001556,2023-10-03,CUST-0038,PROD-006,South,7,465.13,0.05,3093.11
ORD-001557,2024-03-24,CUST-0004,PROD-021,East,2,28.84,0.2,46.14
ORD-001558,2024-09-10,CUST-0037,PROD-023,North,1,32.57,0.2,26.06
ORD-001559,2024-03-24,CUST-0071,PROD-006,North,1,75.53,0.0,75.53
ORD-001560,2023-08-16,CUST-0159,PROD-013,North,10,428.25,0.15,3640.12
ORD-001561,2024-08-01,CUST-0104,PROD-013,South,9,329.51,0.15,2520.75
ORD-001562,2024-07-20,CUST-0186,PROD-019,East,8,272.26,0.0,2178.08
ORD-001563,2023-04-04,CUST-0185,PROD-015,South,9,277.36,0.0,2496.24
ORD-001564,2023-12-21,CUST-0136,PROD-008,East,1,347.57,0.0,347.57
ORD-001565,2024-03-24,CUST-0001,PROD-004,West,14,266.7,0.0,3733.8
ORD-001566,2023-09-01,CUST-0004,PROD-016,West,9,96.69,0.0,870.21
ORD-001567,2023-03-24,CUST-0001,PROD-021,South,1,34.46,0.2,27.57
ORD-001568,2024-07-20,CUST-0176,PROD-014,North,4,260.4,0.15,885.36
ORD-001569,2024-12-23,CUST-0003,PROD-012,North,1,70.17,0.05,66.66
ORD-001570,2024-07-31,CUST-0026,PROD-025,North,1,32.68,0.2,26.14
ORD-001571,2023-08-29,CUST-0152,PROD-016,North,3,138.15,0.1,373.01
ORD-001572,2023-06-06,CUST-0004,PROD-006,North,9,185.51,0.05,1586.11
ORD-001573,2023-01-09,CUST-0117,PROD-010,North,3,433.02,0.1,1169.15
ORD-001574,2023-12-25,CUST-0005,PROD-016,North,14,187.63,0.1,2364.14
ORD-001575,2023-12-09,CUST-0192,PROD-004,West,5,301.88,0.15,1282.99
ORD-001576,2024-08-21,CUST-0126,PROD-015,West,5,196.88,0.0,984.4
ORD-001577,2023-12-03,CUST-0008,PROD-002,West,6,255.58,0.15,1303.46
ORD-001578,2023-02-19,CUST-0087,PROD-001,South,4,123.51,0.05,469.34
ORD-001579,2024-11-29,CUST-0002,PROD-013,South,9,224.25,0.1,1816.42
ORD-001580,2023-09-07,CUST-0161,PROD-005,North,9,74.94,0.05,640.74
ORD-001581,2024-04-23,CUST-0042,PROD-002,East,3,219.14,0.05,624.55
ORD-001582,2023-04-17,CUST-0105,PROD-009,North,8,246.49,0.05,1873.32
ORD-001583,2024-08-29,CUST-0021,PROD-003,South,5,323.41,0.15,1374.49
ORD-001584,2024-10-27,CUST-0003,PROD-016,East,7,311.82,0.0,2182.74
ORD-001585,2024-01-01,CUST-0049,PROD-021,North,2,36.97,0.2,59.15
ORD-001586,2024-05-12,CUST-0049,PROD-012,North,9,373.58,0.0,3362.22
ORD-001587,2024-03-03,CUST-0002,PROD-017,East,3,273.17,0.1,737.56
ORD-001588,2023-07-16,CUST-0003,PROD-019,West,11,92.14,0.15,861.51
ORD-001589,2024-04-23,CUST-0004,PROD-019,West,11,348.6,0.0,3834.6
ORD-001590,2024-07-24,CUST-0109,PROD-006,South,1,266.26,0.15,226.32
ORD-001591,2024-03-09,CUST-0088,PROD-010,South,9,179.7,0.15,1374.7
ORD-001592,2023-09-26,CUST-0190,PROD-002,South,12,344.56,0.1,3721.25
ORD-001593,2023-04-23,CUST-0004,PROD-012,North,5,322.56,0.05,1532.16
ORD-001594,2023-12-03,CUST-0108,PROD-004,East,14,80.04,0.05,1064.53
ORD-001595,2023-11-07,CUST-0005,PROD-003,South,6,261.6,0.05,1491.12
ORD-001596,2023-06-08,CUST-0087,PROD-018,South,9,375.09,0.15,2869.44
ORD-001597,2023-10-20,CUST-0002,PROD-018,North,2,79.94,0.15,135.9
ORD-001598,2023-01-19,CUST-0026,PROD-005,North,2,364.69,0.15,619.97
ORD-001599,2024-05-25,CUST-0020,PROD-014,South,12,297.87,0.1,3217.0
ORD-001600,2024-08-11,CUST-0002,PROD-015,South,11,500.23,0.0,5502.53
ORD-001601,2023-02-28,CUST-0165,PROD-007,North,11,221.57,0.0,2437.27
ORD-001602,2023-02-22,CUST-0182,PROD-014,West,3,363.68,0.15,927.38
ORD-001603,2023-01-12,CUST-0005,PROD-009,North,4,422.54,0.0,1690.16
ORD-001604,2023-02-09,CUST-0005,PROD-008,South,13,181.13,0.15,2001.49
ORD-001605,2024-10-11,CUST-0124,PROD-005,North,13,288.14,0.0,3745.82
ORD-001606,2023-12-10,CUST-0188,PROD-019,South,13,516.23,0.05,6375.44
ORD-001607,2024-01-23,CUST-0011,PROD-019,East,2,183.88,0.1,330.98
ORD-001608,2024-05-10,CUST-0052,PROD-005,West,1,253.53,0.05,240.85
ORD-001609,2024-04-26,CUST-0072,PROD-009,North,11,68.44,0.1,677.56
ORD-001610,2024-02-22,CUST-0001,PROD-003,South,3,184.93,0.15,471.57
ORD-001611,2024-05-14,CUST-0157,PROD-010,North,13,89.54,0.05,1105.82
ORD-001612,2023-02-24,CUST-0048,PROD-001,South,8,277.83,0.1,2000.38
ORD-001613,2023-12-10,CUST-0051,PROD-001,North,4,388.5,0.15,1320.9
ORD-001614,2023-04-21,CUST-0001,PROD-017,South,13,302.52,0.0,3932.76
ORD-001615,2023-04-09,CUST-0154,PROD-003,South,4,205.95,0.05,782.61
ORD-001616,2023-01-30,CUST-0037,PROD-008,North,10,66.11,0.0,661.1
ORD-001617,2023-07-23,CUST-0002,PROD-007,South,5,404.62,0.05,1921.94
ORD-001618,2024-12-14,CUST-0001,PROD-018,South,2,176.34,0.15,299.78
ORD-001619,2024-10-31,CUST-0005,PROD-018,North,3,380.3,0.0,1140.9
ORD-001620,2023-01-06,CUST-0115,PROD-007,North,8,222.51,0.1,1602.07
ORD-001621,2023-11-22,CUST-0177,PROD-017,South,5,339.34,0.1,1527.03
ORD-001622,2024-03-01,CUST-0012,PROD-014,South,8,404.19,0.05,3071.84
ORD-001623,2023-06-12,CUST-0143,PROD-015,South,1,484.24,0.15,411.6
ORD-001624,2024-03-27,CUST-0004,PROD-010,East,6,245.96,0.0,1475.76
ORD-001625,2024-06-11,CUST-0004,PROD-019,North,3,242.97,0.1,656.02
ORD-001626,2024-07-03,CUST-0003,PROD-018,South,3,427.75,0.1,1154.92
ORD-001627,2024-03-21,CUST-0135,PROD-010,North,6,98.39,0.1,531.31
ORD-001628,2023-02-11,CUST-0004,PROD-009,North,5,402.94,0.15,1712.5
ORD-001629,2023-01-24,CUST-0090,PROD-010,North,2,138.96,0.15,236.23
ORD-001630,2023-08-27,CUST-0003,PROD-019,North,2,337.65,0.0,675.3
ORD-001631,2024-11-04,CUST-0006,PROD-001,East,10,178.48,0.05,1695.56
ORD-001632,2023-07-01,CUST-0198,PROD-021,South,1,35.74,0.2,28.59
ORD-001633,2024-08-08,CUST-0181,PROD-008,East,2,163.89,0.0,327.78
ORD-001634,2024-06-17,CUST-0124,PROD-019,South,12,182.73,0.1,1973.48
ORD-001635,2023-08-07,CUST-0187,PROD-006,South,6,277.87,0.05,1583.86
ORD-001636,2023-05-25,CUST-0120,PROD-015,East,5,97.66,0.15,415.05
ORD-001637,2023-01-14,CUST-0191,PROD-019,North,2,193.3,0.05,367.27
ORD-001638,2024-12-14,CUST-0007,PROD-019,South,6,439.83,0.1,2375.08
ORD-001639,2023-10-06,CUST-0001,PROD-025,South,2,16.32,0.2,26.11
ORD-001640,2024-08-19,CUST-0003,PROD-006,East,5,150.57,0.05,715.21
ORD-001641,2023-03-15,CUST-0195,PROD-005,North,14,425.15,0.0,5952.1
ORD-001642,2023-05-27,CUST-0145,PROD-012,North,9,439.62,0.05,3758.75
ORD-001643,2024-07-12,CUST-0191,PROD-012,South,13,100.51,0.0,1306.63
ORD-001644,2023-11-01,CUST-0067,PROD-019,South,13,188.18,0.05,2324.02
ORD-001645,2023-06-25,CUST-0179,PROD-017,West,5,380.11,0.0,1900.55
ORD-001646,2023-12-16,CUST-0007,PROD-003,North,11,183.67,0.1,1818.33
ORD-001647,2024-02-17,CUST-0001,PROD-019,South,11,302.25,0.15,2826.04
ORD-001648,2023-10-19,CUST-0031,PROD-014,East,11,358.7,0.0,3945.7
ORD-001649,2023-05-06,CUST-0117,PROD-012,West,1,241.28,0.05,229.22
ORD-001650,2023-08-05,CUST-0028,PROD-017,North,10,158.31,0.0,1583.1
ORD-001651,2023-08-15,CUST-0107,PROD-018,West,7,300.29,0.15,1786.73
ORD-001652,2023-10-01,CUST-0124,PROD-010,South,5,468.26,0.1,2107.17
ORD-001653,2024-09-20,CUST-0039,PROD-010,South,9,329.8,0.15,2522.97
ORD-001654,2024-10-11,CUST-0138,PROD-009,North,14,148.91,0.1,1876.27
ORD-001655,2023-10-10,CUST-0005,PROD-005,North,14,408.47,0.05,5432.65
ORD-001656,2023-11-09,CUST-0084,PROD-017,South,9,466.07,0.1,3775.17
ORD-001657,2024-01-25,CUST-0086,PROD-005,South,6,94.54,0.15,482.15
ORD-001658,2023-07-28,CUST-0121,PROD-012,South,12,206.06,0.0,2472.72
ORD-001659,2024-05-22,CUST-0005,PROD-006,North,5,175.08,0.0,875.4
ORD-001660,2023-11-04,CUST-0042,PROD-006,East,9,208.35,0.0,1875.15
ORD-001661,2023-01-21,CUST-0002,PROD-003,East,14,268.52,0.1,3383.35
ORD-001662,2024-11-21,CUST-0173,PROD-001,South,5,81.0,0.1,364.5
ORD-001663,2023-08-03,CUST-0003,PROD-015,West,6,174.44,0.05,994.31
ORD-001664,2023-01-05,CUST-0002,PROD-014,North,3,409.41,0.0,1228.23
ORD-001665,2024-11-17,CUST-0077,PROD-009,East,7,265.57,0.1,1673.09
ORD-001666,2024-11-22,CUST-0002,PROD-003,South,11,346.02,0.15,3235.29
ORD-001667,2023-05-13,CUST-0004,PROD-012,North,5,178.75,0.05,849.06
ORD-001668,2024-09-10,CUST-0192,PROD-010,North,2,422.02,0.05,801.84
ORD-001669,2024-04-05,CUST-0082,PROD-002,South,7,180.92,0.05,1203.12
ORD-001670,2023-07-10,CUST-0137,PROD-021,North,1,28.43,0.2,22.74
ORD-001671,2023-11-21,CUST-0087,PROD-009,North,14,378.26,0.0,5295.64
ORD-001672,2024-10-27,CUST-0166,PROD-014,South,5,487.08,0.1,2191.86
ORD-001673,2024-02-17,CUST-0003,PROD-015,South,12,79.78,0.15,813.76
ORD-001674,2024-02-26,CUST-0005,PROD-009,North,10,144.74,0.1,1302.66
ORD-001675,2024-03-21,CUST-0157,PROD-017,North,8,418.61,0.05,3181.44
ORD-001676,2024-11-24,CUST-0106,PROD-008,North,4,192.2,0.05,730.36
ORD-001677,2023-05-04,CUST-0176,PROD-014,North,3,93.12,0.15,237.46
ORD-001678,2024-05-22,CUST-0004,PROD-003,North,13,104.29,0.05,1287.98
ORD-001679,2023-04-30,CUST-0195,PROD-018,South,2,440.01,0.0,880.02
ORD-001680,2024-07-19,CUST-0191,PROD-023,East,1,38.67,0.2,30.94
ORD-001681,2023-01-24,CUST-0024,PROD-010,South,13,322.94,0.05,3988.31
ORD-001682,2024-01-31,CUST-0002,PROD-015,West,9,225.55,0.05,1928.45
ORD-001683,2023-01-17,CUST-0023,PROD-008,South,14,77.36,0.0,1083.04
ORD-001684,2024-04-22,CUST-0147,PROD-013,West,8,383.57,0.0,3068.56
ORD-001685,2023-09-06,CUST-0180,PROD-016,West,1,373.6,0.1,336.24
ORD-001686,2023-02-03,CUST-0138,PROD-010,South,6,121.65,0.15,620.42
ORD-001687,2024-04-14,CUST-0104,PROD-017,East,5,331.5,0.1,1491.75
ORD-001688,2023-10-16,CUST-0013,PROD-011,South,13,241.24,0.15,2665.7
ORD-001689,2024-07-30,CUST-0163,PROD-013,South,5,279.1,0.05,1325.72
ORD-001690,2023-09-14,CUST-0125,PROD-017,North,3,206.82,0.05,589.44
ORD-001691,2024-12-01,CUST-0192,PROD-006,East,1,347.49,0.15,295.37
ORD-001692,2024-12-06,CUST-0183,PROD-006,South,1,292.89,0.1,263.6
ORD-001693,2024-10-31,CUST-0055,PROD-009,North,9,298.15,0.05,2549.18
ORD-001694,2023-01-24,CUST-0006,PROD-017,North,12,146.99,0.05,1675.69
ORD-001695,2024-07-26,CUST-0019,PROD-003,West,10,88.3,0.1,794.7
ORD-001696,2024-09-12,CUST-0001,PROD-002,North,8,303.94,0.0,2431.52
ORD-001697,2024-05-21,CUST-0189,PROD-014,West,14,295.71,0.15,3518.95
ORD-001698,2023-09-05,CUST-0016,PROD-007,North,4,176.5,0.1,635.4
ORD-001699,2023-09-05,CUST-0004,PROD-006,South,2,81.64,0.15,138.79
ORD-001700,2023-01-26,CUST-0002,PROD-006,North,3,318.65,0.1,860.35
ORD-001701,2024-06-23,CUST-0032,PROD-003,West,7,376.31,0.05,2502.46
ORD-001702,2024-05-19,CUST-0121,PROD-005,North,4,269.64,0.05,1024.63
ORD-001703,2024-06-09,CUST-0193,PROD-018,South,3,116.98,0.15,298.3
ORD-001704,2024-04-10,CUST-0200,PROD-016,South,10,107.24,0.0,1072.4
ORD-001705,2024-04-18,CUST-0112,PROD-014,North,4,263.3,0.05,1000.54
ORD-001706,2023-12-05,CUST-0004,PROD-016,South,5,354.54,0.05,1684.06
ORD-001707,2023-03-14,CUST-0001,PROD-016,North,9,162.98,0.1,1320.14
ORD-001708,2024-02-22,CUST-0035,PROD-009,North,3,180.58,0.05,514.65
ORD-001709,2023-12-02,CUST-0106,PROD-013,North,13,341.39,0.15,3772.36
ORD-001710,2024-07-23,CUST-0098,PROD-006,West,8,157.95,0.15,1074.06
ORD-001711,2024-12-19,CUST-0098,PROD-016,East,4,225.6,0.05,857.28
ORD-001712,2023-11-23,CUST-0081,PROD-021,West,2,15.89,0.2,25.42
ORD-001713,2024-12-29,CUST-0101,PROD-018,West,2,61.26,0.15,104.14
ORD-001714,2024-03-29,CUST-0176,PROD-004,South,2,72.99,0.05,138.68
ORD-001715,2024-09-17,CUST-0023,PROD-005,South,1,103.13,0.05,97.97
ORD-001716,2024-04-25,CUST-0017,PROD-016,South,10,350.25,0.0,3502.5
ORD-001717,2024-06-19,CUST-0192,PROD-013,South,12,145.36,0.05,1657.1
ORD-001718,2024-07-16,CUST-0012,PROD-015,South,12,231.26,0.1,2497.61
ORD-001719,2023-12-02,CUST-0081,PROD-012,North,3,378.54,0.0,1135.62
ORD-001720,2024-04-10,CUST-0053,PROD-002,East,9,77.18,0.1,625.16
ORD-001721,2024-05-27,CUST-0013,PROD-002,North,11,320.65,0.1,3174.44
ORD-001722,2023-10-08,CUST-0002,PROD-010,East,6,121.36,0.1,655.34
ORD-001723,2023-08-01,CUST-0097,PROD-008,North,2,168.67,0.05,320.47
ORD-001724,2023-11-14,CUST-0027,PROD-008,South,8,349.78,0.05,2658.33
ORD-001725,2024-02-25,CUST-0004,PROD-011,East,13,197.24,0.1,2307.71
ORD-001726,2024-05-29,CUST-0097,PROD-019,North,3,125.27,0.1,338.23
ORD-001727,2024-06-19,CUST-0146,PROD-016,South,4,171.9,0.15,584.46
ORD-001728,2024-01-20,CUST-0153,PROD-001,North,13,128.27,0.15,1417.38
ORD-001729,2024-05-15,CUST-0072,PROD-023,North,2,36.63,0.2,58.61
ORD-001730,2024-02-28,CUST-0003,PROD-019,South,9,454.52,0.0,4090.68
ORD-001731,2024-04-27,CUST-0004,PROD-012,East,6,83.06,0.0,498.36
ORD-001732,2024-11-07,CUST-0001,PROD-004,East,2,244.0,0.05,463.6
ORD-001733,2024-02-07,CUST-0044,PROD-004,East,3,118.02,0.15,300.95
ORD-001734,2024-06-17,CUST-0098,PROD-009,South,10,508.08,0.15,4318.68
ORD-001735,2023-10-28,CUST-0002,PROD-007,South,4,120.63,0.15,410.14
ORD-001736,2023-07-25,CUST-0005,PROD-010,North,5,232.36,0.0,1161.8
ORD-001737,2024-09-23,CUST-0050,PROD-022,North,2,16.32,0.2,26.11
ORD-001738,2024-10-11,CUST-0165,PROD-001,South,3,474.45,0.05,1352.18
ORD-001739,2023-09-11,CUST-0079,PROD-005,North,12,347.21,0.15,3541.54
ORD-001740,2023-01-25,CUST-0086,PROD-012,North,11,368.41,0.0,4052.51
ORD-001741,2023-06-15,CUST-0075,PROD-016,North,3,290.72,0.1,784.94
ORD-001742,2024-01-20,CUST-0040,PROD-006,North,4,114.19,0.1,411.08
ORD-001743,2023-11-06,CUST-0002,PROD-022,East,1,19.24,0.2,15.39
ORD-001744,2023-01-07,CUST-0004,PROD-001,South,9,112.92,0.05,965.47
ORD-001745,2024-02-10,CUST-0003,PROD-001,South,8,116.37,0.05,884.41
ORD-001746,2023-12-25,CUST-0005,PROD-002,South,3,257.47,0.15,656.55
ORD-001747,2023-08-06,CUST-0012,PROD-012,East,1,88.45,0.0,88.45
ORD-001748,2023-10-01,CUST-0001,PROD-004,South,6,462.54,0.1,2497.72
ORD-001749,2023-10-25,CUST-0004,PROD-009,North,3,63.45,0.1,171.32
ORD-001750,2024-04-27,CUST-0191,PROD-011,North,10,140.44,0.1,1263.96
ORD-001751,2024-01-10,CUST-0034,PROD-002,North,12,302.48,0.05,3448.27
ORD-001752,2024-05-07,CUST-0005,PROD-025,West,2,29.77,0.2,47.63
ORD-001753,2024-12-10,CUST-0048,PROD-011,South,7,178.6,0.0,1250.2
ORD-001754,2023-01-12,CUST-0172,PROD-009,South,13,403.81,0.0,5249.53
ORD-001755,2023-04-30,CUST-0001,PROD-014,South,10,234.83,0.0,2348.3
ORD-001756,2023-02-10,CUST-0081,PROD-019,West,7,229.3,0.0,1605.1
ORD-001757,2023-07-28,CUST-0002,PROD-001,North,12,194.97,0.1,2105.68
ORD-001758,2023-05-04,CUST-0001,PROD-005,North,4,83.1,0.15,282.54
ORD-001759,2024-06-25,CUST-0063,PROD-015,North,7,432.0,0.1,2721.6
ORD-001760,2024-08-04,CUST-0004,PROD-009,North,1,142.81,0.15,121.39
ORD-001761,2024-02-11,CUST-0096,PROD-016,East,13,126.97,0.15,1403.02
ORD-001762,2024-01-08,CUST-0001,PROD-014,North,3,151.33,0.0,453.99
ORD-001763,2024-06-12,CUST-0047,PROD-002,South,11,188.87,0.0,2077.57
ORD-001764,2024-02-06,CUST-0007,PROD-012,East,13,305.53,0.15,3376.11
ORD-001765,2023-08-26,CUST-0001,PROD-010,North,2,181.32,0.0,362.64
ORD-001766,2023-03-11,CUST-0161,PROD-009,North,2,431.42,0.15,733.41
ORD-001767,2023-07-25,CUST-0158,PROD-007,West,13,248.87,0.15,2750.01
ORD-001768,2024-10-14,CUST-0003,PROD-017,South,8,323.79,0.1,2331.29
ORD-001769,2023-06-01,CUST-0002,PROD-016,West,7,127.89,0.1,805.71
ORD-001770,2024-07-26,CUST-0010,PROD-002,West,7,356.77,0.15,2122.78
ORD-001771,2023-05-26,CUST-0114,PROD-003,South,5,70.29,0.05,333.88
ORD-001772,2023-01-27,CUST-0031,PROD-016,North,11,258.25,0.15,2414.64
ORD-001773,2024-08-11,CUST-0094,PROD-004,South,10,148.17,0.05,1407.61
ORD-001774,2023-03-30,CUST-0005,PROD-015,South,8,309.55,0.1,2228.76
ORD-001775,2023-02-24,CUST-0031,PROD-009,South,1,370.65,0.0,370.65
ORD-001776,2024-03-31,CUST-0088,PROD-012,West,3,393.14,0.05,1120.45
ORD-001777,2023-04-28,CUST-0002,PROD-016,North,3,111.35,0.1,300.64
ORD-001778,2024-07-31,CUST-0055,PROD-001,South,4,97.88,0.1,352.37
ORD-001779,2024-01-07,CUST-0197,PROD-010,North,8,152.74,0.15,1038.63
ORD-001780,2024-05-03,CUST-0128,PROD-008,East,13,275.11,0.05,3397.61
ORD-001781,2024-01-21,CUST-0003,PROD-008,South,6,252.89,0.1,1365.61
ORD-001782,2023-12-07,CUST-0005,PROD-016,North,12,230.59,0.0,2767.08
ORD-001783,2023-05-30,CUST-0113,PROD-016,East,4,243.53,0.0,974.12
ORD-001784,2023-02-05,CUST-0146,PROD-012,South,13,435.2,0.0,5657.6
ORD-001785,2024-06-09,CUST-0067,PROD-019,East,8,66.77,0.0,534.16
ORD-001786,2024-09-11,CUST-0116,PROD-009,South,5,410.08,0.0,2050.4
ORD-001787,2024-06-21,CUST-0150,PROD-021,West,1,18.58,0.2,14.86
ORD-001788,2024-02-12,CUST-0005,PROD-022,South,1,37.36,0.2,29.89
ORD-001789,2023-02-21,CUST-0115,PROD-004,West,9,351.57,0.1,2847.72
ORD-001790,2023-06-27,CUST-0030,PROD-014,West,13,77.34,0.15,854.61
ORD-001791,2023-09-09,CUST-0031,PROD-001,South,5,390.41,0.15,1659.24
ORD-001792,2024-05-31,CUST-0085,PROD-011,South,1,421.48,0.05,400.41
ORD-001793,2023-01-26,CUST-0196,PROD-006,East,11,289.82,0.05,3028.62
ORD-001794,2023-05-30,CUST-0196,PROD-019,North,10,207.02,0.1,1863.18
ORD-001795,2023-08-31,CUST-0002,PROD-016,South,8,194.54,0.05,1478.5
ORD-001796,2024-05-19,CUST-0136,PROD-013,East,3,60.81,0.05,173.31
ORD-001797,2023-05-19,CUST-0192,PROD-022,South,2,20.29,0.2,32.46
ORD-001798,2023-07-29,CUST-0195,PROD-008,West,10,76.04,0.1,684.36
ORD-001799,2023-10-11,CUST-0146,PROD-015,North,10,152.92,0.05,1452.74
ORD-001800,2023-09-03,CUST-0011,PROD-022,South,2,32.27,0.2,51.63
ORD-001801,2024-02-24,CUST-0166,PROD-010,South,7,139.61,0.05,
ORD-001802,2023-02-16,CUST-0121,PROD-022,South,1,29.36,0.2,23.49
ORD-001803,2024-07-14,CUST-0106,PROD-021,South,1,25.8,0.2,20.64
ORD-001804,2024-02-07,CUST-0195,PROD-013,East,6,117.09,0.1,632.29
ORD-001805,2024-05-05,CUST-0045,PROD-007,North,6,381.18,0.1,2058.37
ORD-001806,2023-12-06,CUST-0002,PROD-019,North,4,266.68,0.0,1066.72
ORD-001807,2024-10-04,CUST-0064,PROD-008,West,5,112.95,0.05,536.51
ORD-001808,2024-03-19,CUST-0180,PROD-003,South,4,213.32,0.15,725.29
ORD-001809,2023-11-19,CUST-0003,PROD-010,North,12,230.15,0.0,2761.8
ORD-001810,2024-02-24,CUST-0005,PROD-017,South,2,209.12,0.15,355.5
ORD-001811,2024-05-22,CUST-0064,PROD-009,East,12,192.11,0.0,2305.32
ORD-001812,2024-06-20,CUST-0131,PROD-005,South,2,178.46,0.1,321.23
ORD-001813,2023-05-16,CUST-0149,PROD-006,South,1,85.15,0.0,85.15
ORD-001814,2023-09-14,CUST-0066,PROD-016,South,3,358.93,0.1,969.11
ORD-001815,2023-04-08,CUST-0089,PROD-005,West,13,148.0,0.0,1924.0
ORD-001816,2024-01-16,CUST-0002,PROD-016,South,14,92.55,0.05,1230.92
ORD-001817,2023-04-22,CUST-0134,PROD-009,West,11,232.29,0.15,2171.91
ORD-001818,2024-04-26,CUST-0001,PROD-019,South,9,177.64,0.05,1518.82
ORD-001819,2023-05-04,CUST-0015,PROD-010,East,3,295.06,0.15,752.4
ORD-001820,2023-03-09,CUST-0001,PROD-001,East,11,54.75,0.0,602.25
ORD-001821,2023-05-05,CUST-0164,PROD-006,South,3,509.36,0.05,1451.68
ORD-001822,2024-10-01,CUST-0184,PROD-024,South,2,22.88,0.2,36.61
ORD-001823,2024-09-30,CUST-0007,PROD-007,South,4,199.75,0.0,799.0
ORD-001824,2023-01-14,CUST-0036,PROD-003,South,11,96.66,0.0,1063.26
ORD-001825,2024-03-25,CUST-0088,PROD-017,South,12,413.85,0.1,4469.58
ORD-001826,2023-06-22,CUST-0110,PROD-013,South,9,82.66,0.05,706.74
ORD-001827,2024-11-30,CUST-0174,PROD-006,South,14,322.14,0.15,3833.47
ORD-001828,2023-07-02,CUST-0123,PROD-003,North,14,255.9,0.0,3582.6
ORD-001829,2024-03-13,CUST-0150,PROD-009,East,11,160.28,0.05,1674.93
ORD-001830,2024-11-08,CUST-0010,PROD-013,West,7,332.17,0.1,2092.67
ORD-001831,2024-11-22,CUST-0004,PROD-023,West,2,25.63,0.2,41.01
ORD-001832,2024-12-27,CUST-0153,PROD-012,South,3,201.36,0.15,513.47
ORD-001833,2023-08-06,CUST-0005,PROD-008,West,7,365.46,0.05,2430.31
ORD-001834,2024-08-28,CUST-0003,PROD-013,East,3,209.26,0.05,596.39
ORD-001835,2024-01-01,CUST-0001,PROD-014,North,11,262.26,0.1,2596.37
ORD-001836,2024-08-05,CUST-0115,PROD-021,North,1,29.26,0.2,23.41
ORD-001837,2024-06-22,CUST-0141,PROD-012,North,3,70.5,0.1,190.35
ORD-001838,2023-06-08,CUST-0112,PROD-005,South,3,293.06,0.05,835.22
ORD-001839,2023-02-01,CUST-0002,PROD-015,North,13,306.62,0.15,3388.15
ORD-001840,2024-08-10,CUST-0159,PROD-005,North,9,306.71,0.05,2622.37
ORD-001841,2024-06-12,CUST-0019,PROD-022,South,2,17.0,0.2,27.2
ORD-001842,2023-04-19,CUST-0164,PROD-017,South,13,234.07,0.05,2890.76
ORD-001843,2024-03-09,CUST-0108,PROD-001,North,3,425.21,0.1,1148.07
ORD-001844,2023-12-01,CUST-0078,PROD-016,South,11,495.01,0.0,5445.11
ORD-001845,2024-05-09,CUST-0164,PROD-004,North,2,230.76,0.05,438.44
ORD-001846,2023-03-09,CUST-0163,PROD-012,South,12,463.78,0.05,5287.09
ORD-001847,2023-01-30,CUST-0128,PROD-015,East,9,140.29,0.1,1136.35
ORD-001848,2024-07-15,CUST-0190,PROD-011,West,8,110.31,0.05,838.36
ORD-001849,2024-11-05,CUST-0011,PROD-005,East,9,115.23,0.1,933.36
ORD-001850,2024-03-03,CUST-0001,PROD-009,South,1,196.0,0.1,176.4
ORD-001851,2023-08-10,CUST-0071,PROD-024,South,1,17.66,0.2,14.13
ORD-001852,2023-03-27,CUST-0039,PROD-024,North,1,25.75,0.2,20.6
ORD-001853,2023-02-16,CUST-0171,PROD-021,East,1,35.15,0.2,28.12
ORD-001854,2023-11-16,CUST-0029,PROD-016,North,5,296.89,0.0,1484.45
ORD-001855,2023-03-02,CUST-0135,PROD-014,East,13,222.51,0.05,2748.0
ORD-001856,2023-10-05,CUST-0051,PROD-013,East,8,398.55,0.05,3028.98
ORD-001857,2023-11-29,CUST-0105,PROD-016,South,3,266.16,0.05,758.56
ORD-001858,2023-10-13,CUST-0191,PROD-010,East,13,145.84,0.1,1706.33
ORD-001859,2024-10-14,CUST-0174,PROD-017,North,5,300.88,0.1,1353.96
ORD-001860,2024-12-10,CUST-0066,PROD-014,South,2,415.36,0.05,789.18
ORD-001861,2023-09-23,CUST-0016,PROD-015,South,5,331.22,0.05,1573.3
ORD-001862,2024-07-13,CUST-0004,PROD-003,North,2,84.85,0.05,161.21
ORD-001863,2024-12-11,CUST-0001,PROD-018,South,4,370.88,0.0,1483.52
ORD-001864,2023-10-23,CUST-0110,PROD-014,South,12,404.55,0.15,4126.41
ORD-001865,2023-06-28,CUST-0154,PROD-004,North,7,182.32,0.0,1276.24
ORD-001866,2023-02-06,CUST-0001,PROD-007,North,8,413.99,0.1,2980.73
ORD-001867,2023-08-24,CUST-0002,PROD-004,East,2,127.29,0.1,229.12
ORD-001868,2023-12-11,CUST-0150,PROD-011,West,12,123.03,0.0,1476.36
ORD-001869,2023-11-08,CUST-0092,PROD-011,North,5,256.62,0.1,1154.79
ORD-001870,2023-04-14,CUST-0075,PROD-002,North,9,147.19,0.0,1324.71
ORD-001871,2023-09-02,CUST-0135,PROD-016,West,6,167.41,0.1,904.01
ORD-001872,2024-01-19,CUST-0024,PROD-001,North,2,347.91,0.1,626.24
ORD-001873,2024-12-19,CUST-0176,PROD-010,North,10,373.65,0.05,3549.68
ORD-001874,2023-05-17,CUST-0104,PROD-001,South,14,413.34,0.15,4918.75
ORD-001875,2024-01-24,CUST-0150,PROD-001,East,13,95.71,0.05,1182.02
ORD-001876,2023-12-18,CUST-0117,PROD-017,South,3,512.06,0.05,1459.37
ORD-001877,2024-09-19,CUST-0139,PROD-010,South,7,317.85,0.1,2002.46
ORD-001878,2024-04-25,CUST-0001,PROD-008,South,3,202.56,0.0,607.68
ORD-001879,2023-03-06,CUST-0064,PROD-006,South,14,298.85,0.15,3556.32
ORD-001880,2024-01-17,CUST-0012,PROD-013,South,11,509.5,0.0,5604.5
ORD-001881,2024-07-21,CUST-0060,PROD-013,North,12,225.85,0.05,2574.69
ORD-001882,2024-01-12,CUST-0040,PROD-009,South,6,419.54,0.1,2265.52
ORD-001883,2024-02-24,CUST-0013,PROD-018,South,14,383.16,0.05,5096.03
ORD-001884,2024-07-02,CUST-0179,PROD-010,South,6,217.09,0.0,1302.54
ORD-001885,2023-12-26,CUST-0133,PROD-015,North,9,197.88,0.1,1602.83
ORD-001886,2024-10-18,CUST-0003,PROD-012,East,8,205.05,0.0,1640.4
ORD-001887,2024-07-29,CUST-0198,PROD-016,South,11,157.19,0.15,1469.73
ORD-001888,2024-04-18,CUST-0028,PROD-001,North,10,393.94,0.0,3939.4
ORD-001889,2023-05-16,CUST-0039,PROD-011,East,10,288.96,0.1,2600.64
ORD-001890,2023-03-22,CUST-0003,PROD-024,East,1,34.67,0.2,27.74
ORD-001891,2024-11-30,CUST-0195,PROD-005,South,8,187.56,0.15,1275.41
ORD-001892,2023-10-07,CUST-0076,PROD-021,South,2,23.81,0.2,38.1
ORD-001893,2024-05-03,CUST-0154,PROD-006,North,14,299.84,0.0,4197.76
ORD-001894,2024-02-06,CUST-0046,PROD-017,South,11,151.45,0.1,1499.35
ORD-001895,2023-10-18,CUST-0016,PROD-008,West,13,294.5,0.0,3828.5
ORD-001896,2024-01-15,CUST-0034,PROD-009,West,2,102.86,0.1,185.15
ORD-001897,2023-01-14,CUST-0018,PROD-018,South,1,218.52,0.15,185.74
ORD-001898,2024-08-11,CUST-0005,PROD-019,North,8,283.49,0.0,2267.92
ORD-001899,2023-05-25,CUST-0143,PROD-016,North,10,333.64,0.1,3002.76
ORD-001900,2023-07-20,CUST-0003,PROD-005,North,3,190.96,0.0,572.88
ORD-001901,2024-02-08,CUST-0052,PROD-014,East,9,215.23,0.1,1743.36
ORD-001902,2024-05-11,CUST-0002,PROD-023,West,2,36.47,0.2,58.35
ORD-001903,2024-10-15,CUST-0024,PROD-002,West,1,380.03,0.0,380.03
ORD-001904,2024-01-28,CUST-0059,PROD-011,South,7,445.81,0.1,2808.6
ORD-001905,2024-12-12,CUST-0031,PROD-006,North,3,417.03,0.15,1063.43
ORD-001906,2024-02-18,CUST-0005,PROD-016,South,8,180.93,0.05,1375.07
ORD-001907,2023-04-03,CUST-0141,PROD-008,South,2,72.7,0.15,123.59
ORD-001908,2023-12-30,CUST-0053,PROD-004,East,14,96.15,0.15,1144.19
ORD-001909,2023-12-20,CUST-0177,PROD-007,West,4,295.56,0.05,1123.13
ORD-001910,2024-01-10,CUST-0194,PROD-015,West,1,276.56,0.1,248.9
ORD-001911,2024-02-27,CUST-0109,PROD-003,East,11,257.79,0.15,2410.34
ORD-001912,2024-09-01,CUST-0041,PROD-019,East,6,276.02,0.0,1656.12
ORD-001913,2024-05-13,CUST-0163,PROD-013,North,5,320.73,0.05,1523.47
ORD-001914,2023-06-19,CUST-0158,PROD-008,West,1,195.45,0.0,195.45
ORD-001915,2023-03-25,CUST-0005,PROD-022,West,2,33.31,0.2,53.3
ORD-001916,2024-03-11,CUST-0004,PROD-015,South,10,264.0,0.15,2244.0
ORD-001917,2023-07-23,CUST-0078,PROD-012,South,1,472.56,0.05,448.93
ORD-001918,2023-02-20,CUST-0005,PROD-012,North,12,81.62,0.05,930.47
ORD-001919,2023-02-26,CUST-0034,PROD-001,South,4,191.19,0.0,764.76
ORD-001920,2023-02-20,CUST-0071,PROD-002,South,4,118.84,0.0,475.36
ORD-001921,2024-05-03,CUST-0108,PROD-015,South,8,484.07,0.15,3291.68
ORD-001922,2023-07-01,CUST-0002,PROD-016,North,11,103.92,0.0,1143.12
ORD-001923,2024-10-25,CUST-0195,PROD-004,North,5,319.72,0.15,1358.81
ORD-001924,2024-07-09,CUST-0001,PROD-016,North,6,395.26,0.0,2371.56
ORD-001925,2023-02-05,CUST-0164,PROD-024,North,1,31.84,0.2,25.47
ORD-001926,2023-11-05,CUST-0095,PROD-012,West,14,134.64,0.15,1602.22
ORD-001927,2024-07-15,CUST-0001,PROD-006,West,7,351.89,0.0,2463.23
ORD-001928,2023-10-28,CUST-0111,PROD-008,North,14,71.3,0.05,948.29
ORD-001929,2024-04-10,CUST-0153,PROD-011,East,4,316.28,0.15,1075.35
ORD-001930,2023-05-05,CUST-0072,PROD-001,South,3,328.89,0.1,888.0
ORD-001931,2023-05-25,CUST-0102,PROD-012,North,10,317.94,0.15,2702.49
ORD-001932,2023-04-23,CUST-0004,PROD-011,West,7,126.76,0.1,798.59
ORD-001933,2023-07-07,CUST-0177,PROD-023,North,2,39.61,0.2,63.38
ORD-001934,2023-12-09,CUST-0027,PROD-017,West,7,366.76,0.05,2438.95
ORD-001935,2023-07-18,CUST-0002,PROD-008,East,1,156.47,0.05,148.65
ORD-001936,2024-04-16,CUST-0069,PROD-003,South,11,483.08,0.1,4782.49
ORD-001937,2024-10-21,CUST-0001,PROD-019,South,2,202.65,0.1,364.77
ORD-001938,2023-04-26,CUST-0103,PROD-007,North,4,349.89,0.05,1329.58
ORD-001939,2024-09-27,CUST-0003,PROD-018,East,4,99.01,0.1,356.44
ORD-001940,2024-09-23,CUST-0003,PROD-005,South,5,152.82,0.15,649.48
ORD-001941,2024-05-20,CUST-0177,PROD-007,South,4,293.9,0.0,1175.6
ORD-001942,2024-03-24,CUST-0014,PROD-002,South,8,475.21,0.0,3801.68
ORD-001943,2023-10-14,CUST-0112,PROD-018,North,4,365.89,0.05,1390.38
ORD-001944,2023-11-23,CUST-0151,PROD-015,North,11,171.84,0.15,1606.7
ORD-001945,2024-09-17,CUST-0005,PROD-013,East,10,358.98,0.05,3410.31
ORD-001946,2023-04-04,CUST-0139,PROD-002,North,1,402.79,0.05,382.65
ORD-001947,2023-07-10,CUST-0069,PROD-009,West,14,111.72,0.05,1485.88
ORD-001948,2023-01-27,CUST-0113,PROD-010,North,3,134.74,0.0,404.22
ORD-001949,2023-09-07,CUST-0142,PROD-019,South,10,361.22,0.05,3431.59
ORD-001950,2023-01-21,CUST-0002,PROD-012,South,1,484.76,0.15,412.05
ORD-001951,2024-05-25,CUST-0166,PROD-022,West,1,16.94,0.2,13.55
ORD-001952,2024-03-11,CUST-0041,PROD-001,North,1,286.18,0.0,286.18
ORD-001953,2024-12-07,CUST-0158,PROD-002,East,13,154.51,0.0,2008.63
ORD-001954,2024-07-02,CUST-0025,PROD-004,South,4,405.93,0.1,1461.35
ORD-001955,2024-08-10,CUST-0003,PROD-015,West,7,77.7,0.15,462.31
ORD-001956,2023-05-02,CUST-0186,PROD-022,South,2,25.59,0.2,40.94
ORD-001957,2024-01-08,CUST-0127,PROD-011,South,6,439.58,0.0,2637.48
ORD-001958,2023-10-04,CUST-0036,PROD-008,East,6,232.64,0.1,1256.26
ORD-001959,2023-10-25,CUST-0001,PROD-019,South,3,313.62,0.15,799.73
ORD-001960,2024-10-24,CUST-0154,PROD-016,North,8,167.72,0.1,1207.58
ORD-001961,2023-06-25,CUST-0062,PROD-009,North,7,233.97,0.15,1392.12
ORD-001962,2023-02-04,CUST-0029,PROD-003,South,11,346.95,0.0,3816.45
ORD-001963,2023-10-11,CUST-0042,PROD-006,West,5,362.33,0.1,1630.48
ORD-001964,2024-02-01,CUST-0014,PROD-005,North,4,366.73,0.15,1246.88
ORD-001965,2024-08-06,CUST-0005,PROD-001,South,13,356.75,0.05,4405.86
ORD-001966,2024-05-04,CUST-0026,PROD-015,South,5,443.68,0.15,1885.64
ORD-001967,2024-09-03,CUST-0153,PROD-011,West,12,328.31,0.05,3742.73
ORD-001968,2023-01-01,CUST-0182,PROD-006,North,1,211.73,0.1,190.56
ORD-001969,2023-09-18,CUST-0162,PROD-011,South,11,269.36,0.05,2814.81
ORD-001970,2023-03-05,CUST-0192,PROD-009,East,8,171.98,0.05,1307.05
ORD-001971,2023-10-14,CUST-0143,PROD-014,West,5,268.92,0.1,1210.14
ORD-001972,2024-08-30,CUST-0041,PROD-009,South,4,99.62,0.0,398.48
ORD-001973,2023-09-12,CUST-0157,PROD-003,North,14,59.78,0.0,836.92
ORD-001974,2023-07-30,CUST-0003,PROD-007,East,1,311.15,0.0,311.15
ORD-001975,2023-06-05,CUST-0135,PROD-012,West,9,146.95,0.1,1190.3
ORD-001976,2023-02-12,CUST-0073,PROD-002,West,6,317.94,0.15,1621.49
ORD-001977,2023-07-15,CUST-0002,PROD-004,North,11,109.63,0.0,1205.93
ORD-001978,2024-08-31,CUST-0179,PROD-015,North,1,85.32,0.05,81.05
ORD-001979,2024-04-15,CUST-0070,PROD-012,West,7,268.85,0.0,1881.95
ORD-001980,2023-08-21,CUST-0001,PROD-001,West,8,339.05,0.0,2712.4
ORD-001981,2024-09-21,CUST-0001,PROD-003,North,2,359.38,0.05,682.82
ORD-001982,2023-12-22,CUST-0138,PROD-018,South,3,164.09,0.1,443.04
ORD-001983,2024-10-10,CUST-0001,PROD-017,South,11,391.13,0.05,4087.31
ORD-001984,2023-12-07,CUST-0005,PROD-010,West,2,372.09,0.0,744.18
ORD-001985,2023-06-20,CUST-0131,PROD-003,North,1,247.11,0.05,234.75
ORD-001986,2023-05-23,CUST-0135,PROD-011,West,6,158.5,0.1,855.9
ORD-001987,2023-04-01,CUST-0094,PROD-019,South,3,133.92,0.15,341.5
ORD-001988,2023-10-20,CUST-0050,PROD-007,South,4,346.71,0.1,1248.16
ORD-001989,2024-03-22,CUST-0048,PROD-017,South,3,465.54,0.0,1396.62
ORD-001990,2024-06-13,CUST-0003,PROD-021,North,2,36.56,0.2,58.5
ORD-001991,2023-04-26,CUST-0048,PROD-022,North,2,38.98,0.2,62.37
ORD-001992,2024-11-24,CUST-0002,PROD-001,South,6,471.92,0.05,2689.94
ORD-001993,2024-09-24,CUST-0004,PROD-008,South,1,236.55,0.15,201.07
ORD-001994,2023-08-03,CUST-0183,PROD-001,East,1,368.48,0.0,368.48
ORD-001995,2023-02-09,CUST-0095,PROD-017,East,2,358.79,0.05,681.7
ORD-001996,2024-02-03,CUST-0002,PROD-018,West,9,83.06,0.05,710.16
ORD-001997,2024-06-11,CUST-0120,PROD-008,East,3,239.11,0.0,717.33
ORD-001998,2023-05-20,CUST-0119,PROD-015,North,13,65.18,0.0,847.34
ORD-001999,2023-11-08,CUST-0003,PROD-010,West,1,345.52,0.05,328.24
ORD-002000,2023-06-18,CUST-0118,PROD-015,North,9,68.37,0.0,615.33
ORD-002001,2023-03-05,CUST-0036,PROD-011,South,9,15000.0,0.15,150000.0
ORD-002002,2023-09-23,CUST-0053,PROD-015,East,3,394.55,0.05,1124.47
ORD-002003,2023-03-05,CUST-0037,PROD-016,North,4,265.46,0.1,955.66
ORD-002004,2024-01-26,CUST-0189,PROD-003,North,1,313.23,0.0,313.23
ORD-002005,2024-05-29,CUST-0002,PROD-013,East,1,85.68,0.0,85.68
ORD-002006,2023-11-08,CUST-0017,PROD-007,East,12,120.99,0.15,1234.1
ORD-002007,2023-06-10,CUST-0004,PROD-004,East,3,162.64,0.1,439.13
ORD-002008,2024-06-22,CUST-0005,PROD-013,East,2,385.89,0.15,656.01
ORD-002009,2023-12-05,CUST-0146,PROD-006,North,1,134.46,0.0,134.46
ORD-002010,2024-09-20,CUST-0098,PROD-017,West,10,61.14,0.1,550.26
ORD-002011,2023-02-17,CUST-0001,PROD-016,North,11,104.87,0.0,1153.57
ORD-002012,2024-02-20,CUST-0179,PROD-010,North,13,72.03,0.05,889.57
ORD-002013,2023-06-03,CUST-0187,PROD-018,East,6,173.47,0.05,988.78
ORD-002014,2024-12-16,CUST-0199,PROD-019,North,9,219.82,0.15,1681.62
ORD-002015,2024-11-07,CUST-0112,PROD-011,North,10,392.35,0.15,3334.98
ORD-002016,2023-12-30,CUST-0054,PROD-005,South,5,250.3,0.15,1063.77
ORD-002017,2023-07-05,CUST-0001,PROD-016,North,4,400.48,0.05,1521.82
ORD-002018,2023-10-31,CUST-0006,PROD-012,North,9,65.02,0.0,585.18
ORD-002019,2024-07-15,CUST-0003,PROD-024,East,2,21.12,0.2,33.79
ORD-002020,2023-10-02,CUST-0002,PROD-016,South,2,348.14,0.1,626.65
ORD-002021,2023-02-10,CUST-0054,PROD-009,North,9,199.16,0.1,1613.2
ORD-002022,2023-08-11,CUST-0117,PROD-023,North,1,15.09,0.2,12.07
ORD-002023,2024-07-08,CUST-0059,PROD-009,East,8,366.3,0.0,2930.4
ORD-002024,2024-07-26,CUST-0011,PROD-016,South,8,120.44,0.05,915.34
ORD-002025,2024-03-29,CUST-0162,PROD-022,North,1,26.47,0.2,21.18
ORD-002026,2024-11-16,CUST-0086,PROD-008,South,5,170.88,0.1,768.96
ORD-002027,2023-03-14,CUST-0004,PROD-022,East,2,24.04,0.2,38.46
ORD-002028,2024-06-22,CUST-0001,PROD-014,North,11,74.63,0.1,738.84
ORD-002029,2024-07-05,CUST-0004,PROD-002,North,14,410.24,0.1,5169.02
ORD-002030,2023-12-13,CUST-0045,PROD-002,North,13,189.24,0.05,2337.11
ORD-002031,2024-06-04,CUST-0014,PROD-009,West,4,198.97,0.1,716.29
ORD-002032,2023-01-28,CUST-0136,PROD-014,North,9,377.21,0.0,3394.89
ORD-002033,2024-04-22,CUST-0183,PROD-010,North,8,311.65,0.15,2119.22
ORD-002034,2023-04-10,CUST-0110,PROD-015,South,10,168.04,0.1,1512.36
ORD-002035,2024-10-26,CUST-0004,PROD-014,South,13,110.02,0.15,1215.72
ORD-002036,2024-04-03,CUST-0096,PROD-007,East,11,167.06,0.05,1745.78
ORD-002037,2023-07-06,CUST-0185,PROD-003,West,8,178.1,0.1,1282.32
ORD-002038,2024-05-23,CUST-0145,PROD-006,South,14,383.33,0.1,4829.96
ORD-002039,2023-03-23,CUST-0025,PROD-012,South,5,89.3,0.1,401.85
ORD-002040,2024-04-29,CUST-0191,PROD-016,West,1,72.71,0.1,65.44
ORD-002041,2023-05-30,CUST-0188,PROD-005,South,12,189.36,0.05,2158.7
ORD-002042,2024-03-04,CUST-0004,PROD-010,East,4,208.33,0.15,708.32
ORD-002043,2024-05-17,CUST-0125,PROD-015,West,11,73.63,0.05,769.43
ORD-002044,2024-11-12,CUST-0119,PROD-003,South,14,79.83,0.0,1117.62
ORD-002045,2023-04-20,CUST-0002,PROD-009,North,8,209.27,0.05,1590.45
ORD-002046,2023-08-01,CUST-0044,PROD-009,East,10,187.29,0.15,1591.96
ORD-002047,2024-03-05,CUST-0108,PROD-007,South,5,462.87,0.05,2198.63
ORD-002048,2024-10-24,CUST-0062,PROD-012,West,8,196.67,0.15,1337.36
ORD-002049,2023-01-08,CUST-0001,PROD-007,South,12,196.01,0.15,1999.3
ORD-002050,2024-07-01,CUST-0063,PROD-005,South,7,320.74,0.15,1908.4
ORD-002051,2024-09-15,CUST-0088,PROD-009,North,11,180.14,0.05,1882.46
ORD-002052,2023-09-27,CUST-0160,PROD-022,North,1,20.11,0.2,16.09
ORD-002053,2023-06-29,CUST-0164,PROD-006,West,12,192.87,0.0,2314.44
ORD-002054,2023-11-21,CUST-0134,PROD-013,South,3,173.35,0.05,494.05
ORD-002055,2024-02-06,CUST-0153,PROD-013,South,11,213.73,0.05,2233.48
ORD-002056,2023-04-15,CUST-0082,PROD-009,South,2,464.31,0.15,789.33
ORD-002057,2024-05-17,CUST-0002,PROD-018,South,6,374.0,0.15,1907.4
ORD-002058,2024-11-03,CUST-0004,PROD-001,South,12,133.79,0.05,1525.21
ORD-002059,2023-03-03,CUST-0004,PROD-022,South,1,34.78,0.2,27.82
ORD-002060,2024-02-23,CUST-0101,PROD-001,South,12,206.41,0.15,2105.38
ORD-002061,2024-06-08,CUST-0005,PROD-010,West,5,152.59,0.0,762.95
ORD-002062,2024-09-01,CUST-0001,PROD-017,South,13,357.9,0.0,4652.7
ORD-002063,2024-02-19,CUST-0005,PROD-014,South,3,98.54,0.0,295.62
ORD-002064,2024-12-05,CUST-0023,PROD-003,North,9,341.86,0.1,2769.07
ORD-002065,2024-12-05,CUST-0002,PROD-025,West,1,26.82,0.2,21.46
ORD-002066,2023-02-14,CUST-0083,PROD-014,North,1,264.74,0.0,264.74
ORD-002067,2024-08-30,CUST-0002,PROD-008,North,8,57.95,0.1,417.24
ORD-002068,2024-01-04,CUST-0131,PROD-002,East,7,200.07,0.15,1190.42
ORD-002069,2024-07-01,CUST-0135,PROD-018,North,12,66.8,0.1,721.44
ORD-002070,2024-10-15,CUST-0089,PROD-023,South,1,18.79,0.2,15.03
ORD-002071,2024-02-18,CUST-0038,PROD-018,East,1,67.91,0.0,67.91
ORD-002072,2024-07-10,CUST-0138,PROD-017,South,1,447.21,0.05,424.85
ORD-002073,2023-07-25,CUST-0099,PROD-012,South,6,212.75,0.1,1148.85
ORD-002074,2024-02-22,CUST-0172,PROD-006,West,9,322.46,0.05,2757.03
ORD-002075,2023-09-22,CUST-0005,PROD-016,South,5,130.34,0.05,619.12
ORD-002076,2024-09-27,CUST-0042,PROD-011,North,10,393.69,0.1,3543.21
ORD-002077,2023-11-17,CUST-0003,PROD-012,South,13,85.37,0.15,943.34
ORD-002078,2024-02-21,CUST-0030,PROD-010,South,11,394.59,0.1,3906.44
ORD-002079,2023-10-18,CUST-0056,PROD-013,South,5,178.5,0.0,892.5
ORD-002080,2023-06-20,CUST-0070,PROD-004,East,8,361.05,0.05,2743.98
ORD-002081,2024-06-08,CUST-0003,PROD-013,South,13,270.44,0.1,3164.15
ORD-002082,2023-12-15,CUST-0014,PROD-002,North,1,188.72,0.1,169.85
ORD-002083,2024-12-05,CUST-0001,PROD-011,North,6,427.04,0.05,2434.13
ORD-002084,2024-02-12,CUST-0004,PROD-019,North,5,80.87,0.1,363.92
ORD-002085,2024-07-21,CUST-0096,PROD-010,North,11,376.18,0.05,3931.08
ORD-002086,2023-06-17,CUST-0128,PROD-025,North,2,36.29,0.2,58.06
ORD-002087,2024-11-18,CUST-0112,PROD-017,West,9,113.32,0.1,917.89
ORD-002088,2024-10-25,CUST-0052,PROD-003,North,2,405.17,0.1,729.31
ORD-002089,2024-08-31,CUST-0005,PROD-004,South,2,309.5,0.0,619.0
ORD-002090,2024-01-29,CUST-0125,PROD-002,South,8,508.81,0.0,4070.48
ORD-002091,2023-05-09,CUST-0035,PROD-009,North,9,427.59,0.0,3848.31
ORD-002092,2023-06-28,CUST-0002,PROD-004,West,4,226.71,0.0,906.84
ORD-002093,2024-08-10,CUST-0024,PROD-021,West,2,18.59,0.2,29.74
ORD-002094,2024-10-21,CUST-0002,PROD-004,South,1,216.87,0.15,184.34
ORD-002095,2024-06-05,CUST-0002,PROD-005,North,3,247.89,0.1,669.3
ORD-002096,2023-02-13,CUST-0086,PROD-015,North,1,383.38,0.0,383.38
ORD-002097,2023-02-03,CUST-0170,PROD-018,South,1,380.35,0.1,342.32
ORD-002098,2024-06-21,CUST-0003,PROD-017,South,7,253.2,0.1,1595.16
ORD-002099,2024-11-28,CUST-0122,PROD-019,North,13,159.58,0.05,1970.81
ORD-002100,2023-05-06,CUST-0109,PROD-015,South,12,390.49,0.1,4217.29
ORD-002101,2030-11-20,CUST-0049,PROD-011,South,4,386.93,0.05,1470.33
ORD-002102,2023-08-22,CUST-0060,PROD-017,South,4,172.49,0.1,620.96
ORD-002103,2024-04-29,CUST-0114,PROD-007,North,7,117.6,0.0,823.2
ORD-002104,2024-03-07,CUST-0002,PROD-007,South,12,449.92,0.1,4859.14
ORD-002105,2023-06-27,CUST-0085,PROD-021,South,2,15.32,0.2,24.51
ORD-002106,2024-11-24,CUST-0004,PROD-002,East,13,132.09,0.1,1545.45
ORD-002107,2023-11-23,CUST-0009,PROD-001,West,4,374.66,0.0,1498.64
ORD-002108,2024-03-14,CUST-0053,PROD-011,South,1,347.62,0.15,295.48
ORD-002109,2024-06-29,CUST-0114,PROD-010,South,1,101.42,0.05,96.35
ORD-002110,2024-01-05,CUST-0094,PROD-010,West,7,144.38,0.1,909.59
ORD-002111,2024-09-07,CUST-0012,PROD-018,South,14,495.6,0.0,6938.4
ORD-002112,2024-04-22,CUST-0052,PROD-024,South,2,24.46,0.2,39.14
ORD-002113,2024-11-20,CUST-0095,PROD-009,South,5,173.21,0.1,779.44
ORD-002114,2023-02-23,CUST-0059,PROD-002,North,4,70.7,0.15,240.38
ORD-002115,2023-09-16,CUST-0042,PROD-006,North,1,117.51,0.15,99.88
ORD-002116,2023-12-19,CUST-0100,PROD-014,North,4,58.81,0.15,199.95
ORD-002117,2023-11-28,CUST-0077,PROD-017,West,6,103.09,0.1,556.69
ORD-002118,2024-04-20,CUST-0097,PROD-006,East,1,384.7,0.15,327.0
ORD-002119,2024-06-15,CUST-0006,PROD-018,South,6,302.23,0.0,1813.38
ORD-002120,2023-06-29,CUST-0001,PROD-009,South,5,390.53,0.0,1952.65
ORD-002121,2023-11-28,CUST-0170,PROD-005,North,4,82.3,0.05,312.74
ORD-002122,2023-04-25,CUST-0005,PROD-024,East,2,19.1,0.2,30.56
ORD-002123,2023-09-10,CUST-0055,PROD-024,East,1,16.87,0.2,13.5
ORD-002124,2024-12-22,CUST-0116,PROD-019,North,12,356.33,0.15,3634.57
ORD-002125,2023-05-04,CUST-0003,PROD-008,East,12,233.59,0.15,2382.62
ORD-002126,2023-06-23,CUST-0094,PROD-006,South,10,72.45,0.1,652.05
ORD-002127,2023-03-02,CUST-0134,PROD-019,South,6,82.89,0.0,497.34
ORD-002128,2023-01-01,CUST-0014,PROD-012,South,4,202.52,0.0,810.08
ORD-002129,2024-03-26,CUST-0025,PROD-003,West,5,92.92,0.05,441.37
ORD-002130,2023-12-26,CUST-0102,PROD-014,South,5,173.76,0.15,738.48
ORD-002131,2024-02-02,CUST-0146,PROD-001,West,6,204.11,0.05,1163.43
ORD-002132,2023-12-10,CUST-0175,PROD-008,North,6,226.88,0.0,1361.28
ORD-002133,2023-05-10,CUST-0071,PROD-013,East,6,203.69,0.05,1161.03
ORD-002134,2024-11-18,CUST-0169,PROD-010,West,1,252.27,0.05,239.66
ORD-002135,2024-04-07,CUST-0086,PROD-010,North,9,181.02,0.15,1384.8
ORD-002136,2024-04-20,CUST-0089,PROD-018,North,9,256.64,0.1,2078.78
ORD-002137,2023-10-07,CUST-0133,PROD-010,South,8,248.32,0.1,1787.9
ORD-002138,2024-08-18,CUST-0003,PROD-010,North,11,228.69,0.0,2515.59
ORD-002139,2024-10-25,CUST-0003,PROD-016,North,6,421.98,0.05,2405.29
ORD-002140,2024-06-27,CUST-0110,PROD-007,South,9,303.53,0.15,2322.0
ORD-002141,2024-05-24,CUST-0198,PROD-002,North,11,234.53,0.1,2321.85
ORD-002142,2023-07-17,CUST-0107,PROD-004,South,5,362.29,0.15,1539.73
ORD-002143,2024-04-21,CUST-0003,PROD-001,South,7,85.35,0.05,567.58
ORD-002144,2024-05-14,CUST-0003,PROD-007,West,13,115.76,0.05,1429.64
ORD-002145,2024-01-17,CUST-0185,PROD-003,South,6,225.81,0.15,1151.63
ORD-002146,2023-05-13,CUST-0004,PROD-013,South,7,257.52,0.15,1532.24
ORD-002147,2023-09-13,CUST-0001,PROD-004,North,3,228.33,0.05,650.74
ORD-002148,2024-03-18,CUST-0004,PROD-001,North,1,84.3,0.1,75.87
ORD-002149,2024-09-19,CUST-0092,PROD-010,East,9,224.42,0.0,2019.78
ORD-002150,2024-09-20,CUST-0005,PROD-015,South,13,293.12,0.0,3810.56
ORD-002151,2024-09-28,CUST-0132,PROD-004,North,3,66.67,0.1,180.01
ORD-002152,2023-04-17,CUST-0171,PROD-002,West,11,188.1,0.05,1965.64
ORD-002153,2024-06-08,CUST-0017,PROD-017,South,12,344.54,0.15,3514.31
ORD-002154,2023-12-29,CUST-0104,PROD-001,West,4,269.21,0.15,915.31
ORD-002155,2024-06-08,CUST-0061,PROD-011,South,14,288.59,0.05,3838.25
ORD-002156,2024-02-26,CUST-0003,PROD-002,South,6,196.47,0.0,1178.82
ORD-002157,2024-09-13,CUST-0005,PROD-019,South,1,393.96,0.05,374.26
ORD-002158,2024-12-11,CUST-0157,PROD-011,North,12,304.79,0.05,3474.61
ORD-002159,2024-11-28,CUST-0070,PROD-016,West,11,159.96,0.05,1671.58
ORD-002160,2023-06-19,CUST-0093,PROD-006,North,14,73.38,0.05,975.95
ORD-002161,2024-01-05,CUST-0172,PROD-017,South,5,148.45,0.0,742.25
ORD-002162,2024-02-03,CUST-0002,PROD-013,East,11,82.54,0.05,862.54
ORD-002163,2023-06-09,CUST-0012,PROD-013,North,6,150.6,0.1,813.24
ORD-002164,2023-05-22,CUST-0023,PROD-002,North,13,334.54,0.1,3914.12
ORD-002165,2023-02-15,CUST-0001,PROD-009,West,2,234.58,0.05,445.7
ORD-002166,2024-05-11,CUST-0059,PROD-003,North,9,334.28,0.05,2858.09
ORD-002167,2024-12-15,CUST-0004,PROD-011,South,3,263.11,0.1,710.4
ORD-002168,2023-05-11,CUST-0070,PROD-009,South,6,464.59,0.15,2369.41
ORD-002169,2024-01-11,CUST-0002,PROD-007,East,10,150.54,0.1,1354.86
ORD-002170,2023-02-03,CUST-0075,PROD-024,West,2,27.22,0.2,43.55
ORD-002171,2024-01-27,CUST-0003,PROD-018,East,6,288.62,0.0,1731.72
ORD-002172,2024-08-30,CUST-0105,PROD-021,East,2,16.56,0.2,26.5
ORD-002173,2024-01-16,CUST-0005,PROD-002,East,8,200.05,0.15,1360.34
ORD-002174,2024-03-04,CUST-0004,PROD-015,South,4,473.99,0.1,1706.36
ORD-002175,2024-09-04,CUST-0004,PROD-009,East,2,309.28,0.0,618.56
ORD-002176,2024-09-12,CUST-0014,PROD-013,East,14,281.87,0.05,3748.87
ORD-002177,2024-01-23,CUST-0058,PROD-017,West,9,297.18,0.05,2540.89
ORD-002178,2024-10-13,CUST-0159,PROD-007,South,9,207.0,0.15,1583.55
ORD-002179,2024-12-16,CUST-0056,PROD-007,North,5,311.75,0.1,1402.88
ORD-002180,2023-07-16,CUST-0194,PROD-015,North,1,152.88,0.15,129.95
ORD-002181,2024-12-22,CUST-0049,PROD-005,East,12,390.45,0.05,4451.13
ORD-002182,2024-09-28,CUST-0047,PROD-010,West,6,171.66,0.15,875.47
ORD-002183,2024-04-28,CUST-0038,PROD-013,South,13,232.12,0.1,2715.8
ORD-002184,2023-11-24,CUST-0150,PROD-003,South,13,473.41,0.1,5538.9
ORD-002185,2024-02-21,CUST-0187,PROD-011,South,14,270.03,0.1,3402.38
ORD-002186,2024-07-13,CUST-0170,PROD-002,South,1,258.41,0.15,219.65
ORD-002187,2024-05-17,CUST-0003,PROD-003,West,1,149.46,0.05,141.99
ORD-002188,2023-01-30,CUST-0110,PROD-002,South,5,349.21,0.0,1746.05
ORD-002189,2024-06-16,CUST-0172,PROD-001,South,3,346.03,0.1,934.28
ORD-002190,2024-11-16,CUST-0071,PROD-018,South,8,303.53,0.1,2185.42
ORD-002191,2023-12-10,CUST-0003,PROD-004,South,7,269.09,0.05,1789.45
ORD-002192,2024-08-26,CUST-0022,PROD-019,East,3,153.18,0.15,390.61
ORD-002193,2023-03-20,CUST-0077,PROD-014,North,3,177.76,0.15,453.29
ORD-002194,2024-07-31,CUST-0121,PROD-018,South,10,143.93,0.0,1439.3
ORD-002195,2024-10-11,CUST-0003,PROD-007,West,5,80.93,0.15,343.95
ORD-002196,2023-08-20,CUST-0180,PROD-011,North,2,282.54,0.0,565.08
ORD-002197,2023-11-25,CUST-0031,PROD-002,West,9,155.14,0.1,1256.63
ORD-002198,2024-11-08,CUST-0004,PROD-010,East,6,82.64,0.15,421.46
ORD-002199,2024-09-27,CUST-0096,PROD-021,North,2,30.06,0.2,48.1
ORD-002200,2024-08-07,CUST-0002,PROD-011,North,13,241.15,0.05,2978.2
ORD-002201,2023-06-24,CUST-0122,PROD-005,North,7,126.08,0.1,794.3
ORD-002202,2024-06-08,CUST-0097,PROD-014,South,9,194.64,0.05,1664.17
ORD-002203,2024-02-23,CUST-0001,PROD-002,South,13,278.57,0.0,3621.41
ORD-002204,2024-12-23,CUST-0004,PROD-012,North,10,367.79,0.1,3310.11
ORD-002205,2024-02-26,CUST-0004,PROD-023,West,2,16.12,0.2,25.79
ORD-002206,2024-08-23,CUST-0076,PROD-003,East,4,156.51,0.0,626.04
ORD-002207,2023-12-01,CUST-0005,PROD-004,North,14,257.27,0.0,3601.78
ORD-002208,2024-12-02,CUST-0092,PROD-018,South,2,429.55,0.15,730.24
ORD-002209,2024-06-29,CUST-0066,PROD-013,South,12,225.4,0.15,2299.08
ORD-002210,2024-03-25,CUST-0004,PROD-014,North,10,342.19,0.1,3079.71
ORD-002211,2023-12-27,CUST-0147,PROD-010,South,14,197.27,0.1,2485.6
ORD-002212,2023-01-02,CUST-0157,PROD-001,South,4,285.39,0.05,1084.48
ORD-002213,2024-05-29,CUST-0148,PROD-005,South,8,92.84,0.1,668.45
ORD-002214,2023-06-27,CUST-0150,PROD-005,West,6,294.94,0.1,1592.68
ORD-002215,2023-03-23,CUST-0155,PROD-017,North,5,197.94,0.05,940.22
ORD-002216,2024-11-26,CUST-0147,PROD-007,North,11,183.6,0.05,1918.62
ORD-002217,2023-03-16,CUST-0001,PROD-010,East,3,387.75,0.05,1105.09
ORD-002218,2024-10-17,CUST-0096,PROD-005,West,7,241.03,0.05,1602.85
ORD-002219,2023-06-24,CUST-0005,PROD-002,South,3,349.93,0.1,944.81
ORD-002220,2024-07-10,CUST-0154,PROD-015,East,6,376.82,0.1,2034.83
ORD-002221,2023-10-26,CUST-0003,PROD-017,West,11,152.52,0.0,1677.72
ORD-002222,2023-04-19,CUST-0002,PROD-021,North,1,37.15,0.2,29.72
ORD-002223,2023-06-02,CUST-0163,PROD-001,South,14,346.28,0.0,4847.92
ORD-002224,2024-06-24,CUST-0175,PROD-007,East,7,293.12,0.1,1846.66
ORD-002225,2023-01-02,CUST-0195,PROD-012,West,1,118.09,0.05,112.19
ORD-002226,2024-03-11,CUST-0003,PROD-002,West,5,189.26,0.15,804.35
ORD-002227,2024-03-22,CUST-0016,PROD-004,East,11,244.95,0.05,2559.73
ORD-002228,2023-02-27,CUST-0030,PROD-003,North,2,152.99,0.1,275.38
ORD-002229,2024-07-23,CUST-0166,PROD-007,East,6,247.97,0.1,1339.04
ORD-002230,2023-05-25,CUST-0191,PROD-004,South,4,406.99,0.1,1465.16
ORD-002231,2024-04-24,CUST-0103,PROD-016,East,8,349.72,0.1,2517.98
ORD-002232,2024-03-04,CUST-0003,PROD-007,South,13,390.34,0.0,5074.42
ORD-002233,2023-10-05,CUST-0183,PROD-014,South,11,262.2,0.1,2595.78
ORD-002234,2024-06-08,CUST-0138,PROD-018,North,4,271.0,0.1,975.6
ORD-002235,2023-07-13,CUST-0190,PROD-018,South,13,314.06,0.1,3674.5
ORD-002236,2024-06-13,CUST-0107,PROD-010,North,11,397.54,0.05,4154.29
ORD-002237,2024-03-02,CUST-0007,PROD-001,North,14,264.23,0.05,3514.26
ORD-002238,2024-03-20,CUST-0138,PROD-023,West,1,17.92,0.2,14.34
ORD-002239,2024-07-16,CUST-0129,PROD-008,West,11,144.4,0.05,1508.98
ORD-002240,2023-05-19,CUST-0056,PROD-006,South,14,68.33,0.0,956.62
ORD-002241,2023-06-29,CUST-0149,PROD-005,South,1,377.76,0.0,377.76
ORD-002242,2024-04-26,CUST-0193,PROD-010,North,14,124.68,0.05,1658.24
ORD-002243,2024-04-23,CUST-0134,PROD-016,South,11,355.4,0.05,3713.93
ORD-002244,2024-06-27,CUST-0081,PROD-002,North,13,437.25,0.05,5400.04
ORD-002245,2024-06-18,CUST-0187,PROD-022,South,2,23.55,0.2,37.68
ORD-002246,2023-03-27,CUST-0156,PROD-006,South,9,292.95,0.1,2372.9
ORD-002247,2024-07-06,CUST-0007,PROD-019,South,12,407.9,0.05,4650.06
ORD-002248,2023-01-29,CUST-0001,PROD-019,North,8,117.01,0.05,889.28
ORD-002249,2024-03-10,CUST-0098,PROD-010,West,9,152.17,0.1,1232.58
ORD-002250,2024-10-06,CUST-0008,PROD-010,North,3,143.57,0.0,430.71
ORD-002251,2023-04-14,CUST-0120,PROD-014,North,12,409.92,0.05,4673.09
ORD-002252,2023-02-17,CUST-0046,PROD-022,West,1,32.68,0.2,26.14
ORD-002253,2023-02-21,CUST-0145,PROD-014,East,11,78.56,0.15,734.54
ORD-002254,2024-08-11,CUST-0147,PROD-017,East,8,338.36,0.15,2300.85
ORD-002255,2023-04-18,CUST-0004,PROD-007,South,1,98.03,0.1,88.23
ORD-002256,2023-04-25,CUST-0002,PROD-014,North,14,302.33,0.1,3809.36
ORD-002257,2023-06-17,CUST-0004,PROD-007,North,11,425.1,0.1,4208.49
ORD-002258,2024-12-20,CUST-0138,PROD-016,South,13,302.44,0.1,3538.55
ORD-002259,2023-01-16,CUST-0052,PROD-015,South,3,470.97,0.15,1200.97
ORD-002260,2024-01-01,CUST-0002,PROD-001,South,9,105.33,0.05,900.57
ORD-002261,2024-11-09,CUST-0164,PROD-006,South,1,340.14,0.1,306.13
ORD-002262,2024-01-15,CUST-0186,PROD-014,East,9,263.35,0.05,2251.64
ORD-002263,2024-02-29,CUST-0080,PROD-014,North,8,209.31,0.15,1423.31
ORD-002264,2023-07-11,CUST-0005,PROD-003,South,1,128.13,0.05,121.72
ORD-002265,2024-02-14,CUST-0034,PROD-010,North,1,336.62,0.1,302.96
ORD-002266,2024-10-07,CUST-0187,PROD-017,North,1,302.66,0.15,257.26
ORD-002267,2024-10-15,CUST-0057,PROD-005,South,12,419.49,0.15,4278.8
ORD-002268,2024-03-01,CUST-0133,PROD-001,South,11,313.5,0.1,3103.65
ORD-002269,2024-05-08,CUST-0042,PROD-023,North,2,16.03,0.2,25.65
ORD-002270,2024-08-28,CUST-0057,PROD-014,North,8,264.2,0.15,1796.56
ORD-002271,2024-03-15,CUST-0119,PROD-004,North,3,400.52,0.0,1201.56
ORD-002272,2024-02-29,CUST-0140,PROD-010,South,10,396.2,0.0,3962.0
ORD-002273,2024-06-17,CUST-0144,PROD-005,North,13,389.1,0.1,4552.47
ORD-002274,2024-02-13,CUST-0013,PROD-012,South,13,291.43,0.0,3788.59
ORD-002275,2024-07-25,CUST-0005,PROD-006,East,10,164.54,0.0,1645.4
ORD-002276,2024-05-30,CUST-0076,PROD-001,South,7,513.75,0.1,3236.62
ORD-002277,2023-11-21,CUST-0089,PROD-017,South,3,442.86,0.05,1262.15
ORD-002278,2024-02-16,CUST-0005,PROD-010,West,5,396.4,0.1,1783.8
ORD-002279,2023-07-12,CUST-0055,PROD-005,East,13,223.91,0.15,2474.21
ORD-002280,2023-08-30,CUST-0003,PROD-022,North,2,27.21,0.2,43.54
ORD-002281,2024-08-23,CUST-0112,PROD-002,South,2,453.88,0.1,816.98
ORD-002282,2024-10-02,CUST-0003,PROD-016,South,9,323.39,0.05,2764.98
ORD-002283,2023-06-23,CUST-0166,PROD-012,North,14,406.98,0.1,5127.95
ORD-002284,2024-10-24,CUST-0082,PROD-017,South,9,134.03,0.0,1206.27
ORD-002285,2024-02-20,CUST-0031,PROD-016,South,12,333.42,0.1,3600.94
ORD-002286,2023-03-04,CUST-0186,PROD-013,North,5,190.16,0.1,855.72
ORD-002287,2024-03-07,CUST-0001,PROD-013,West,10,70.92,0.05,673.74
ORD-002288,2024-10-23,CUST-0002,PROD-006,South,11,363.07,0.15,3394.7
ORD-002289,2024-09-30,CUST-0002,PROD-008,East,3,307.51,0.05,876.4
ORD-002290,2024-03-15,CUST-0001,PROD-014,South,4,224.85,0.1,809.46
ORD-002291,2024-07-18,CUST-0066,PROD-010,West,2,343.5,0.1,618.3
ORD-002292,2023-09-06,CUST-0033,PROD-013,North,12,239.87,0.1,2590.6
ORD-002293,2023-02-24,CUST-0151,PROD-008,East,6,166.76,0.15,850.48
ORD-002294,2024-04-04,CUST-0158,PROD-017,East,9,66.11,0.1,535.49
ORD-002295,2024-06-14,CUST-0172,PROD-005,East,5,156.54,0.1,704.43
ORD-002296,2023-03-27,CUST-0150,PROD-016,South,4,356.53,0.0,1426.12
ORD-002297,2024-08-29,CUST-0019,PROD-004,East,14,116.74,0.05,1552.64
ORD-002298,2024-08-18,CUST-0035,PROD-017,East,7,332.76,0.05,2212.85
ORD-002299,2023-01-10,CUST-0123,PROD-003,South,10,321.52,0.15,2732.92
ORD-002300,2023-07-27,CUST-0148,PROD-016,South,14,452.81,0.05,6022.37
ORD-002301,2023-10-14,CUST-0025,PROD-013,East,5,371.14,0.1,1670.13
ORD-002302,2024-07-17,CUST-0134,PROD-002,West,10,279.31,0.05,2653.44
ORD-002303,2023-06-02,CUST-0062,PROD-017,East,8,390.87,0.1,2814.26
ORD-002304,2024-03-19,CUST-0060,PROD-009,South,1,298.68,0.15,253.88
ORD-002305,2024-05-09,CUST-0001,PROD-004,North,1,421.75,0.15,358.49
ORD-002306,2024-04-21,CUST-0005,PROD-011,South,6,157.59,0.0,945.54
ORD-002307,2023-11-10,CUST-0029,PROD-022,East,2,23.54,0.2,37.66
ORD-002308,2024-12-23,CUST-0004,PROD-017,South,8,351.22,0.1,2528.78
ORD-002309,2024-12-25,CUST-0164,PROD-014,North,14,324.68,0.05,4318.24
ORD-002310,2023-03-07,CUST-0083,PROD-002,West,13,154.47,0.1,1807.3
ORD-002311,2023-10-25,CUST-0130,PROD-006,North,12,336.64,0.1,3635.71
ORD-002312,2023-05-21,CUST-0003,PROD-008,North,14,365.89,0.1,4610.21
ORD-002313,2024-11-03,CUST-0004,PROD-011,South,10,212.48,0.0,2124.8
ORD-002314,2023-09-16,CUST-0103,PROD-015,East,2,373.34,0.0,746.68
ORD-002315,2024-09-28,CUST-0173,PROD-011,North,6,237.74,0.1,1283.8
ORD-002316,2023-10-18,CUST-0001,PROD-007,West,13,263.43,0.1,3082.13
ORD-002317,2023-01-27,CUST-0178,PROD-011,South,8,90.01,0.0,720.08
ORD-002318,2024-09-13,CUST-0031,PROD-018,East,7,71.42,0.0,499.94
ORD-002319,2024-09-15,CUST-0154,PROD-014,East,8,70.39,0.15,478.65
ORD-002320,2024-04-24,CUST-0069,PROD-017,North,13,124.97,0.1,1462.15
ORD-002321,2024-02-25,CUST-0145,PROD-001,North,2,426.58,0.0,853.16
ORD-002322,2024-01-23,CUST-0057,PROD-002,South,3,502.36,0.0,1507.08
ORD-002323,2023-07-18,CUST-0004,PROD-009,South,10,498.76,0.15,4239.46
ORD-002324,2023-04-19,CUST-0081,PROD-005,South,7,136.43,0.0,955.01
ORD-002325,2023-05-14,CUST-0152,PROD-006,North,9,229.69,0.1,1860.49
ORD-002326,2023-08-23,CUST-0121,PROD-011,South,11,313.09,0.15,2927.39
ORD-002327,2024-05-23,CUST-0005,PROD-002,West,12,275.99,0.0,3311.88
ORD-002328,2023-01-04,CUST-0033,PROD-013,North,5,413.33,0.05,1963.32
ORD-002329,2023-10-18,CUST-0067,PROD-016,North,4,152.64,0.0,610.56
ORD-002330,2024-01-19,CUST-0025,PROD-002,West,11,300.33,0.0,3303.63
ORD-002331,2024-12-15,CUST-0090,PROD-011,North,11,295.56,0.15,2763.49
ORD-002332,2024-04-01,CUST-0060,PROD-024,East,2,33.43,0.2,53.49
ORD-002333,2024-04-28,CUST-0076,PROD-005,North,14,407.66,0.1,5136.52
ORD-002334,2024-09-11,CUST-0005,PROD-016,South,7,446.96,0.15,2659.41
ORD-002335,2024-05-02,CUST-0157,PROD-005,West,11,135.69,0.05,1417.96
ORD-002336,2024-09-26,CUST-0085,PROD-016,West,11,318.51,0.0,3503.61
ORD-002337,2024-08-29,CUST-0014,PROD-008,West,2,142.85,0.1,257.13
ORD-002338,2023-10-05,CUST-0178,PROD-009,South,6,133.16,0.1,719.06
ORD-002339,2023-11-25,CUST-0005,PROD-005,North,5,275.96,0.15,1172.83
ORD-002340,2024-09-08,CUST-0033,PROD-025,West,2,21.88,0.2,35.01
ORD-002341,2023-01-12,CUST-0111,PROD-013,South,12,433.82,0.0,5205.84
ORD-002342,2023-03-23,CUST-0154,PROD-023,South,1,18.44,0.2,14.75
ORD-002343,2024-10-11,CUST-0027,PROD-006,West,11,303.47,0.0,3338.17
ORD-002344,2023-02-27,CUST-0018,PROD-004,North,9,130.0,0.0,1170.0
ORD-002345,2023-12-08,CUST-0079,PROD-014,East,1,202.53,0.15,172.15
ORD-002346,2024-06-30,CUST-0104,PROD-003,West,2,167.32,0.05,317.91
ORD-002347,2024-06-14,CUST-0005,PROD-016,South,12,351.45,0.1,3795.66
ORD-002348,2023-01-13,CUST-0190,PROD-017,North,1,60.05,0.05,57.05
ORD-002349,2024-05-26,CUST-0045,PROD-005,North,14,317.64,0.0,4446.96
ORD-002350,2024-12-04,CUST-0035,PROD-008,West,9,373.66,0.15,2858.5
ORD-002351,2024-05-18,CUST-0073,PROD-014,North,11,182.02,0.05,1902.11
ORD-002352,2024-11-02,CUST-0143,PROD-016,South,5,94.89,0.1,427.0
ORD-002353,2024-02-17,CUST-0004,PROD-001,North,1,147.52,0.15,125.39
ORD-002354,2023-12-09,CUST-0051,PROD-019,North,10,397.9,0.15,3382.15
ORD-002355,2023-12-02,CUST-0169,PROD-009,North,13,332.77,0.15,3677.11
ORD-002356,2023-09-24,CUST-0100,PROD-021,South,1,23.15,0.2,18.52
ORD-002357,2024-03-23,CUST-0003,PROD-012,South,5,246.94,0.1,1111.23
ORD-002358,2023-12-21,CUST-0119,PROD-016,East,6,394.18,0.15,2010.32
ORD-002359,2023-08-21,CUST-0096,PROD-024,South,1,23.84,0.2,19.07
ORD-002360,2024-12-27,CUST-0005,PROD-001,North,2,308.99,0.1,556.18
ORD-002361,2023-09-02,CUST-0003,PROD-004,South,7,370.46,0.1,2333.9
ORD-002362,2023-07-22,CUST-0154,PROD-009,East,11,157.02,0.1,1554.5
ORD-002363,2024-12-26,CUST-0005,PROD-011,North,8,252.99,0.1,1821.53
ORD-002364,2024-09-19,CUST-0005,PROD-003,South,11,92.74,0.1,918.13
ORD-002365,2023-04-19,CUST-0002,PROD-001,South,6,104.9,0.1,566.46
ORD-002366,2023-05-31,CUST-0035,PROD-011,South,4,83.25,0.0,333.0
ORD-002367,2023-11-26,CUST-0030,PROD-017,South,12,71.41,0.15,728.38
ORD-002368,2024-06-28,CUST-0003,PROD-010,North,13,87.82,0.05,1084.58
ORD-002369,2024-01-03,CUST-0098,PROD-017,East,11,213.81,0.15,1999.12
ORD-002370,2023-11-01,CUST-0062,PROD-012,East,11,106.09,0.05,1108.64
ORD-002371,2023-09-05,CUST-0005,PROD-015,South,6,169.95,0.05,968.71
ORD-002372,2023-03-18,CUST-0099,PROD-017,North,11,439.88,0.1,4354.81
ORD-002373,2024-07-14,CUST-0182,PROD-016,South,1,414.26,0.1,372.83
ORD-002374,2023-03-29,CUST-0171,PROD-003,South,1,186.78,0.05,177.44
ORD-002375,2023-02-13,CUST-0067,PROD-003,South,13,294.27,0.05,3634.23
ORD-002376,2023-09-03,CUST-0031,PROD-009,North,13,179.29,0.0,2330.77
ORD-002377,2023-03-24,CUST-0078,PROD-017,East,4,272.51,0.1,981.04
ORD-002378,2024-11-21,CUST-0090,PROD-001,South,11,360.22,0.15,3368.06
ORD-002379,2024-01-13,CUST-0122,PROD-004,South,13,190.48,0.1,2228.62
ORD-002380,2024-06-18,CUST-0028,PROD-016,South,12,83.35,0.15,850.17
ORD-002381,2023-10-02,CUST-0070,PROD-016,South,1,333.2,0.1,299.88
ORD-002382,2024-02-16,CUST-0171,PROD-016,North,4,283.09,0.1,1019.12
ORD-002383,2024-11-24,CUST-0129,PROD-025,West,2,19.27,0.2,30.83
ORD-002384,2023-06-03,CUST-0109,PROD-012,East,3,259.48,0.05,739.52
ORD-002385,2023-03-10,CUST-0060,PROD-017,East,5,308.93,0.1,1390.19
ORD-002386,2023-09-23,CUST-0059,PROD-008,South,7,148.46,0.05,987.26
ORD-002387,2023-06-26,CUST-0003,PROD-013,East,5,363.78,0.05,1727.95
ORD-002388,2023-04-25,CUST-0126,PROD-003,North,7,325.68,0.0,2279.76
ORD-002389,2023-12-09,CUST-0004,PROD-008,North,3,198.99,0.1,537.27
ORD-002390,2024-11-02,CUST-0034,PROD-018,West,11,260.25,0.0,2862.75
ORD-002391,2023-11-13,CUST-0038,PROD-017,West,4,188.9,0.1,680.04
ORD-002392,2024-12-27,CUST-0142,PROD-018,North,5,172.71,0.15,734.02
ORD-002393,2023-03-24,CUST-0018,PROD-010,North,7,80.04,0.15,476.24
ORD-002394,2023-03-26,CUST-0003,PROD-007,South,4,350.56,0.0,1402.24
ORD-002395,2023-10-23,CUST-0001,PROD-013,West,5,211.69,0.05,1005.53
ORD-002396,2023-12-23,CUST-0109,PROD-013,East,9,309.91,0.0,2789.19
ORD-002397,2023-08-31,CUST-0025,PROD-019,North,5,128.52,0.15,546.21
ORD-002398,2023-01-04,CUST-0193,PROD-003,South,5,389.24,0.1,1751.58
ORD-002399,2024-09-07,CUST-0142,PROD-001,East,2,241.77,0.0,483.54
ORD-002400,2023-09-02,CUST-0070,PROD-025,North,1,19.77,0.2,15.82
ORD-002401,2023-06-28,CUST-0003,PROD-019,East,4,142.92,0.0,571.68
ORD-002402,2024-05-12,CUST-0144,PROD-009,West,11,342.67,0.15,3203.96
ORD-002403,2024-07-07,CUST-0088,PROD-013,North,6,161.99,0.0,971.94
ORD-002404,2024-05-20,CUST-0001,PROD-011,North,2,168.76,0.15,286.89
ORD-002405,2024-08-28,CUST-0004,PROD-012,East,12,71.15,0.0,853.8
ORD-002406,2023-04-26,CUST-0199,PROD-012,South,8,91.68,0.15,623.42
ORD-002407,2024-07-24,CUST-0002,PROD-014,South,14,357.43,0.1,4503.62
ORD-002408,2023-12-30,CUST-0001,PROD-019,North,11,134.98,0.1,1336.3
ORD-002409,2023-07-22,CUST-0117,PROD-010,South,6,165.09,0.1,891.49
ORD-002410,2024-05-21,CUST-0185,PROD-003,South,1,115.32,0.15,98.02
ORD-002411,2023-04-22,CUST-0003,PROD-015,South,14,389.87,0.05,5185.27
ORD-002412,2023-08-15,CUST-0159,PROD-008,East,10,331.2,0.15,2815.2
ORD-002413,2023-10-08,CUST-0178,PROD-003,East,2,99.65,0.0,199.3
ORD-002414,2024-09-09,CUST-0003,PROD-015,South,5,348.79,0.15,1482.36
ORD-002415,2023-01-20,CUST-0003,PROD-002,North,2,66.42,0.0,132.84
ORD-002416,2024-01-30,CUST-0163,PROD-014,North,5,397.35,0.15,1688.74
ORD-002417,2023-11-29,CUST-0003,PROD-011,East,7,329.24,0.0,2304.68
ORD-002418,2023-10-02,CUST-0046,PROD-004,West,13,145.91,0.1,1707.15
ORD-002419,2023-09-18,CUST-0022,PROD-001,North,13,55.77,0.1,652.51
ORD-002420,2023-07-09,CUST-0110,PROD-001,East,10,167.58,0.1,1508.22
ORD-002421,2023-09-08,CUST-0182,PROD-019,East,10,69.65,0.0,696.5
ORD-002422,2024-08-15,CUST-0101,PROD-014,South,10,218.37,0.0,2183.7
ORD-002423,2024-11-07,CUST-0110,PROD-002,East,1,118.48,0.0,118.48
ORD-002424,2023-03-10,CUST-0103,PROD-018,South,2,487.32,0.05,925.91
ORD-002425,2023-09-01,CUST-0005,PROD-002,West,4,165.1,0.15,561.34
ORD-002426,2024-06-27,CUST-0063,PROD-025,South,2,19.22,0.2,30.75
ORD-002427,2024-07-06,CUST-0115,PROD-004,South,9,163.92,0.05,1401.52
ORD-002428,2024-07-17,CUST-0192,PROD-025,South,1,22.88,0.2,18.3
ORD-002429,2023-07-15,CUST-0005,PROD-021,West,1,23.46,0.2,18.77
ORD-002430,2024-08-02,CUST-0107,PROD-013,East,11,122.38,0.15,1144.25
ORD-002431,2024-09-24,CUST-0021,PROD-009,South,11,403.23,0.05,4213.75
ORD-002432,2023-11-22,CUST-0076,PROD-016,East,4,258.19,0.1,929.48
ORD-002433,2023-03-08,CUST-0004,PROD-018,North,2,128.48,0.15,218.42
ORD-002434,2024-12-14,CUST-0142,PROD-010,North,4,434.54,0.15,1477.44
ORD-002435,2023-09-28,CUST-0004,PROD-007,South,4,466.35,0.05,1772.13
ORD-002436,2023-03-04,CUST-0004,PROD-012,South,1,191.75,0.15,162.99
ORD-002437,2023-11-30,CUST-0142,PROD-017,South,10,357.4,0.15,3037.9
ORD-002438,2023-08-17,CUST-0021,PROD-001,East,1,304.51,0.15,258.83
ORD-002439,2024-11-22,CUST-0184,PROD-025,South,1,31.17,0.2,24.94
ORD-002440,2024-09-26,CUST-0085,PROD-023,East,1,18.47,0.2,14.78
ORD-002441,2023-11-26,CUST-0037,PROD-004,North,2,419.92,0.0,839.84
ORD-002442,2023-07-20,CUST-0001,PROD-018,North,4,360.3,0.0,1441.2
ORD-002443,2023-05-11,CUST-0111,PROD-019,North,4,174.34,0.0,697.36
ORD-002444,2023-03-18,CUST-0171,PROD-025,West,2,20.27,0.2,32.43
ORD-002445,2024-07-17,CUST-0182,PROD-010,South,10,275.81,0.0,2758.1
ORD-002446,2024-01-10,CUST-0095,PROD-003,North,12,98.8,0.1,1067.04
ORD-002447,2024-05-05,CUST-0125,PROD-003,North,9,370.95,0.15,2837.77
ORD-002448,2024-08-18,CUST-0193,PROD-014,South,6,380.89,0.05,2171.07
ORD-002449,2024-02-18,CUST-0051,PROD-012,South,7,375.57,0.05,2497.54
ORD-002450,2024-02-23,CUST-0178,PROD-021,South,1,25.29,0.2,20.23
ORD-002451,2024-11-03,CUST-0199,PROD-006,North,2,381.01,0.1,685.82
ORD-002452,2023-11-23,CUST-0001,PROD-019,North,9,76.88,0.15,588.13
ORD-002453,2024-04-15,CUST-0005,PROD-002,South,4,126.18,0.1,454.25
ORD-002454,2024-08-17,CUST-0059,PROD-008,North,5,128.67,0.05,611.18
ORD-002455,2023-06-16,CUST-0004,PROD-001,North,3,348.16,0.15,887.81
ORD-002456,2024-05-15,CUST-0086,PROD-019,East,4,147.07,0.05,558.87
ORD-002457,2023-07-25,CUST-0002,PROD-004,North,9,309.11,0.1,2503.79
ORD-002458,2023-04-13,CUST-0001,PROD-015,North,5,257.91,0.0,1289.55
ORD-002459,2024-05-21,CUST-0005,PROD-011,West,14,185.3,0.05,2464.49
ORD-002460,2024-07-20,CUST-0106,PROD-004,South,13,213.69,0.1,2500.17
ORD-002461,2023-04-15,CUST-0132,PROD-025,East,2,22.2,0.2,35.52
ORD-002462,2023-01-07,CUST-0146,PROD-016,South,5,481.92,0.05,2289.12
ORD-002463,2024-11-13,CUST-0125,PROD-003,South,9,65.95,0.05,563.87
ORD-002464,2024-11-20,CUST-0095,PROD-004,North,5,272.84,0.15,1159.57
ORD-002465,2023-06-13,CUST-0147,PROD-012,West,7,262.7,0.0,1838.9
ORD-002466,2023-05-28,CUST-0150,PROD-025,North,1,21.8,0.2,17.44
ORD-002467,2024-05-29,CUST-0001,PROD-017,West,3,91.2,0.1,246.24
ORD-002468,2023-02-14,CUST-0181,PROD-006,South,12,150.67,0.1,1627.24
ORD-002469,2024-01-12,CUST-0167,PROD-008,South,11,478.71,0.1,4739.23
ORD-002470,2024-04-15,CUST-0005,PROD-014,West,3,107.8,0.1,291.06
ORD-002471,2023-06-07,CUST-0197,PROD-006,East,2,346.19,0.15,588.52
ORD-002472,2024-07-02,CUST-0025,PROD-013,South,4,203.59,0.15,692.21
ORD-002473,2024-03-19,CUST-0020,PROD-012,South,9,220.55,0.1,1786.46
ORD-002474,2023-09-11,CUST-0166,PROD-004,West,12,225.25,0.0,2703.0
ORD-002475,2023-10-26,CUST-0117,PROD-010,East,13,244.81,0.05,3023.4
ORD-002476,2023-02-26,CUST-0157,PROD-018,East,5,363.93,0.15,1546.7
ORD-002477,2023-11-22,CUST-0104,PROD-008,West,13,194.37,0.15,2147.79
ORD-002478,2023-08-11,CUST-0112,PROD-013,North,6,268.0,0.0,1608.0
ORD-002479,2024-06-07,CUST-0018,PROD-010,East,13,110.54,0.1,1293.32
ORD-002480,2024-06-03,CUST-0191,PROD-011,South,2,186.1,0.15,316.37
ORD-002481,2024-03-23,CUST-0001,PROD-017,South,1,120.68,0.1,108.61
ORD-002482,2023-04-05,CUST-0024,PROD-022,South,1,33.43,0.2,26.74
ORD-002483,2024-10-20,CUST-0176,PROD-004,South,12,267.28,0.05,3046.99
ORD-002484,2024-02-01,CUST-0086,PROD-008,East,6,307.12,0.0,1842.72
ORD-002485,2024-02-23,CUST-0005,PROD-014,South,10,443.26,0.1,3989.34
ORD-002486,2024-05-14,CUST-0003,PROD-002,West,4,248.17,0.15,843.78
ORD-002487,2023-09-03,CUST-0004,PROD-005,West,12,394.92,0.1,4265.14
ORD-002488,2024-02-07,CUST-0005,PROD-003,East,12,167.64,0.15,1709.93
ORD-002489,2023-09-19,CUST-0003,PROD-025,North,2,36.24,0.2,57.98
ORD-002490,2024-07-09,CUST-0161,PROD-002,South,12,398.61,0.05,4544.15
ORD-002491,2024-06-05,CUST-0125,PROD-007,West,7,233.96,0.15,1392.06
ORD-002492,2024-09-03,CUST-0049,PROD-022,East,1,30.73,0.2,24.58
ORD-002493,2024-12-27,CUST-0076,PROD-013,West,9,301.64,0.05,2579.02
ORD-002494,2023-08-22,CUST-0001,PROD-001,North,9,305.2,0.0,2746.8
ORD-002495,2023-10-22,CUST-0004,PROD-021,West,2,20.27,0.2,32.43
ORD-002496,2023-03-14,CUST-0001,PROD-015,South,3,171.64,0.05,489.17
ORD-002497,2023-11-02,CUST-0113,PROD-024,North,1,37.05,0.2,29.64
ORD-002498,2023-04-29,CUST-0033,PROD-012,South,7,462.69,0.05,3076.89
ORD-002499,2023-06-21,CUST-0143,PROD-007,West,11,102.9,0.1,1018.71
ORD-002500,2024-04-08,CUST-0165,PROD-001,East,7,148.28,0.1,934.16
ORD-002501,2024-06-20,CUST-0146,PROD-009,North,14,60.46,0.05,804.12
ORD-002502,2024-02-03,CUST-0154,PROD-005,South,10,440.62,0.05,4185.89
ORD-002503,2024-12-16,CUST-0074,PROD-003,West,7,79.94,0.1,503.62
ORD-002504,2024-11-21,CUST-0045,PROD-017,South,8,190.39,0.15,1294.65
ORD-002505,2024-03-07,CUST-0103,PROD-017,West,8,96.82,0.15,658.38
ORD-002506,2023-12-20,CUST-0158,PROD-015,East,8,119.88,0.15,815.18
ORD-002507,2023-07-28,CUST-0068,PROD-017,South,5,413.48,0.05,1964.03
ORD-002508,2024-09-08,CUST-0030,PROD-002,East,7,152.59,0.1,961.32
ORD-002509,2024-06-17,CUST-0124,PROD-012,East,13,334.65,0.1,3915.4
ORD-002510,2023-01-29,CUST-0179,PROD-012,East,2,322.08,0.0,644.16
ORD-002511,2024-07-02,CUST-0086,PROD-024,South,2,36.72,0.2,58.75
ORD-002512,2024-10-06,CUST-0050,PROD-004,North,7,358.44,0.0,2509.08
ORD-002513,2024-08-13,CUST-0110,PROD-002,East,12,180.15,0.1,1945.62
ORD-002514,2023-06-18,CUST-0001,PROD-017,North,8,167.34,0.05,1271.78
ORD-002515,2024-09-24,CUST-0003,PROD-004,South,2,473.08,0.05,898.85
ORD-002516,2024-10-21,CUST-0012,PROD-003,South,5,127.36,0.15,541.28
ORD-002517,2023-12-27,CUST-0002,PROD-003,North,8,438.18,0.0,3505.44
ORD-002518,2023-08-28,CUST-0010,PROD-001,North,7,120.69,0.0,844.83
ORD-002519,2024-10-07,CUST-0168,PROD-004,North,8,140.78,0.15,957.3
ORD-002520,2024-01-16,CUST-0009,PROD-001,South,3,243.56,0.0,730.68
ORD-002521,2024-05-12,CUST-0092,PROD-022,North,2,23.41,0.2,37.46
ORD-002522,2024-05-12,CUST-0121,PROD-013,North,3,209.34,0.0,628.02
ORD-002523,2024-03-30,CUST-0156,PROD-009,West,5,76.14,0.15,323.59
ORD-002524,2024-06-15,CUST-0047,PROD-013,West,2,399.31,0.15,678.83
ORD-002525,2023-06-19,CUST-0109,PROD-008,South,11,430.72,0.05,4501.02
ORD-002526,2024-12-17,CUST-0149,PROD-005,East,10,235.45,0.05,2236.78
ORD-002527,2023-11-02,CUST-0003,PROD-015,North,6,192.68,0.0,1156.08
ORD-002528,2023-12-11,CUST-0105,PROD-001,South,4,181.21,0.05,688.6
ORD-002529,2024-05-12,CUST-0091,PROD-004,East,13,193.35,0.0,2513.55
ORD-002530,2024-05-15,CUST-0061,PROD-024,North,1,27.96,0.2,22.37
ORD-002531,2024-07-09,CUST-0172,PROD-018,East,13,275.7,0.15,3046.48
ORD-002532,2024-01-09,CUST-0179,PROD-010,North,4,226.84,0.05,861.99
ORD-002533,2023-03-18,CUST-0109,PROD-022,South,2,37.14,0.2,59.42
ORD-002534,2024-07-05,CUST-0005,PROD-008,North,8,71.83,0.15,488.44
ORD-002535,2024-05-21,CUST-0111,PROD-017,South,2,470.32,0.15,799.54
ORD-002536,2023-05-16,CUST-0132,PROD-010,South,6,333.95,0.0,2003.7
ORD-002537,2023-05-30,CUST-0070,PROD-014,East,11,246.82,0.05,2579.27
ORD-002538,2023-03-17,CUST-0024,PROD-006,South,14,299.46,0.1,3773.2
ORD-002539,2023-09-01,CUST-0038,PROD-014,South,5,407.18,0.15,1730.52
ORD-002540,2024-10-16,CUST-0105,PROD-009,North,14,114.87,0.1,1447.36
ORD-002541,2024-05-21,CUST-0005,PROD-016,South,5,228.17,0.0,1140.85
ORD-002542,2024-12-18,CUST-0003,PROD-025,North,1,15.52,0.2,12.42
ORD-002543,2023-09-28,CUST-0002,PROD-005,East,10,128.13,0.15,1089.1
ORD-002544,2024-07-20,CUST-0139,PROD-015,North,11,125.82,0.15,1176.42
ORD-002545,2024-11-03,CUST-0137,PROD-011,North,11,218.61,0.0,2404.71
ORD-002546,2024-03-05,CUST-0001,PROD-002,South,14,471.09,0.0,6595.26
ORD-002547,2024-10-02,CUST-0171,PROD-018,South,4,330.73,0.0,1322.92
ORD-002548,2024-05-26,CUST-0071,PROD-003,North,3,327.03,0.15,833.93
ORD-002549,2023-12-10,CUST-0002,PROD-006,West,9,256.55,0.0,2308.95
ORD-002550,2023-04-02,CUST-0147,PROD-004,South,6,126.9,0.1,685.26
ORD-002551,2023-05-29,CUST-0118,PROD-001,North,14,380.25,0.0,5323.5
ORD-002552,2024-09-01,CUST-0102,PROD-003,East,8,183.23,0.0,1465.84
ORD-002553,2024-11-20,CUST-0095,PROD-015,South,9,359.14,0.0,3232.26
ORD-002554,2024-04-27,CUST-0003,PROD-007,South,12,310.69,0.15,3169.04
ORD-002555,2023-11-08,CUST-0116,PROD-005,North,6,252.06,0.15,1285.51
ORD-002556,2023-12-07,CUST-0109,PROD-007,South,7,364.99,0.05,2427.18
ORD-002557,2024-01-29,CUST-0175,PROD-010,South,9,143.49,0.15,1097.7
ORD-002558,2024-07-14,CUST-0017,PROD-009,North,6,276.48,0.15,1410.05
ORD-002559,2023-12-31,CUST-0053,PROD-017,North,13,208.45,0.15,2303.37
ORD-002560,2024-01-27,CUST-0124,PROD-010,North,5,381.43,0.1,1716.44
ORD-002561,2024-04-09,CUST-0005,PROD-014,West,1,124.22,0.15,105.59
ORD-002562,2023-09-27,CUST-0194,PROD-015,South,11,224.63,0.1,2223.84
ORD-002563,2023-09-29,CUST-0005,PROD-022,North,1,35.68,0.2,28.54
ORD-002564,2023-05-02,CUST-0002,PROD-010,East,3,82.54,0.15,210.48
ORD-002565,2024-02-22,CUST-0022,PROD-017,South,4,473.86,0.1,1705.9
ORD-002566,2024-03-22,CUST-0025,PROD-018,South,3,352.72,0.0,1058.16
ORD-002567,2024-06-30,CUST-0144,PROD-021,South,2,27.67,0.2,44.27
ORD-002568,2023-06-23,CUST-0137,PROD-021,North,1,27.29,0.2,21.83
ORD-002569,2023-05-24,CUST-0165,PROD-019,West,7,321.42,0.05,2137.44
ORD-002570,2023-07-02,CUST-0001,PROD-001,South,5,277.67,0.15,1180.1
ORD-002571,2024-04-27,CUST-0004,PROD-006,West,3,144.89,0.15,369.47
ORD-002572,2024-08-07,CUST-0003,PROD-007,West,8,329.2,0.1,2370.24
ORD-002573,2024-02-20,CUST-0144,PROD-018,East,1,74.85,0.1,67.36
ORD-002574,2023-09-18,CUST-0055,PROD-019,East,14,328.61,0.1,4140.49
ORD-002575,2024-02-27,CUST-0106,PROD-010,North,12,135.49,0.0,1625.88
ORD-002576,2024-10-27,CUST-0129,PROD-011,East,10,296.74,0.1,2670.66
ORD-002577,2024-09-10,CUST-0002,PROD-006,North,2,420.74,0.15,715.26
ORD-002578,2024-11-21,CUST-0089,PROD-019,East,14,393.86,0.1,4962.64
ORD-002579,2023-07-17,CUST-0003,PROD-005,West,14,90.4,0.0,1265.6
ORD-002580,2023-05-16,CUST-0053,PROD-001,South,3,130.91,0.1,353.46
ORD-002581,2023-02-15,CUST-0055,PROD-012,South,3,147.29,0.05,419.78
ORD-002582,2024-01-23,CUST-0051,PROD-017,South,13,218.89,0.0,2845.57
ORD-002583,2023-11-16,CUST-0001,PROD-011,South,7,483.69,0.0,3385.83
ORD-002584,2024-03-09,CUST-0111,PROD-005,West,7,133.57,0.05,888.24
ORD-002585,2023-07-20,CUST-0058,PROD-014,East,6,108.7,0.05,619.59
ORD-002586,2023-07-25,CUST-0176,PROD-004,West,9,147.83,0.15,1130.9
ORD-002587,2023-06-18,CUST-0003,PROD-009,East,5,259.24,0.1,1166.58
ORD-002588,2024-12-28,CUST-0120,PROD-013,East,6,117.93,0.1,636.82
ORD-002589,2023-02-01,CUST-0163,PROD-005,South,8,348.86,0.15,2372.25
ORD-002590,2023-09-22,CUST-0200,PROD-017,South,3,487.35,0.05,1388.95
ORD-002591,2023-06-27,CUST-0058,PROD-015,South,4,409.89,0.0,1639.56
ORD-002592,2024-10-15,CUST-0165,PROD-017,North,13,347.34,0.1,4063.88
ORD-002593,2024-09-10,CUST-0001,PROD-023,South,2,26.08,0.2,41.73
ORD-002594,2023-05-06,CUST-0005,PROD-017,East,6,90.79,0.15,463.03
ORD-002595,2024-07-06,CUST-0128,PROD-009,South,7,402.52,0.1,2535.88
ORD-002596,2023-05-19,CUST-0087,PROD-017,South,2,219.91,0.15,373.85
ORD-002597,2023-10-09,CUST-0001,PROD-008,South,7,296.99,0.05,1974.98
ORD-002598,2024-06-12,CUST-0002,PROD-019,North,14,248.77,0.15,2960.36
ORD-002599,2023-05-28,CUST-0174,PROD-015,East,2,155.23,0.15,263.89
ORD-002600,2023-05-23,CUST-0085,PROD-012,North,10,437.98,0.0,4379.8
ORD-002601,2024-06-27,CUST-0001,PROD-016,West,8,118.22,0.15,803.9
ORD-002602,2024-02-23,CUST-0082,PROD-016,East,5,299.63,0.0,1498.15
ORD-002603,2023-10-31,CUST-0066,PROD-019,North,8,362.72,0.15,2466.5
ORD-002604,2023-01-26,CUST-0005,PROD-014,South,1,504.23,0.1,453.81
ORD-002605,2024-08-04,CUST-0014,PROD-025,South,1,24.24,0.2,19.39
ORD-002606,2024-02-16,CUST-0084,PROD-006,West,14,251.93,0.1,3174.32
ORD-002607,2023-03-27,CUST-0136,PROD-003,West,7,157.94,0.05,1050.3
ORD-002608,2024-03-15,CUST-0057,PROD-018,North,7,414.19,0.0,2899.33
ORD-002609,2023-03-28,CUST-0116,PROD-015,East,8,211.73,0.15,1439.76
ORD-002610,2024-11-23,CUST-0026,PROD-005,North,4,126.5,0.0,506.0
ORD-002611,2024-01-21,CUST-0185,PROD-009,North,10,183.4,0.05,1742.3
ORD-002612,2023-02-16,CUST-0197,PROD-005,South,4,519.65,0.0,2078.6
ORD-002613,2023-12-26,CUST-0082,PROD-015,East,10,222.8,0.05,2116.6
ORD-002614,2024-04-11,CUST-0174,PROD-012,South,11,510.81,0.05,5337.96
ORD-002615,2024-03-23,CUST-0102,PROD-019,South,13,421.22,0.0,5475.86
ORD-002616,2024-01-19,CUST-0057,PROD-010,North,7,347.2,0.0,2430.4
ORD-002617,2023-02-03,CUST-0103,PROD-002,South,6,167.18,0.15,852.62
ORD-002618,2023-05-15,CUST-0135,PROD-013,West,2,350.71,0.1,631.28
ORD-002619,2023-05-22,CUST-0173,PROD-007,South,1,76.79,0.1,69.11
ORD-002620,2024-04-30,CUST-0178,PROD-014,South,11,305.55,0.1,3024.94
ORD-002621,2023-12-22,CUST-0153,PROD-019,South,12,337.11,0.1,3640.79
ORD-002622,2024-03-16,CUST-0007,PROD-018,South,7,330.09,0.15,1964.04
ORD-002623,2024-12-13,CUST-0002,PROD-024,South,2,31.33,0.2,50.13
ORD-002624,2023-05-16,CUST-0004,PROD-017,East,7,350.42,0.05,2330.29
ORD-002625,2023-07-25,CUST-0005,PROD-012,South,9,134.11,0.05,1146.64
ORD-002626,2024-11-15,CUST-0189,PROD-019,East,6,51.2,0.0,307.2
ORD-002627,2024-08-31,CUST-0116,PROD-005,North,13,386.73,0.15,4273.37
ORD-002628,2024-02-23,CUST-0090,PROD-011,North,7,79.92,0.05,531.47
ORD-002629,2024-03-04,CUST-0069,PROD-004,South,7,439.3,0.1,2767.59
ORD-002630,2023-05-02,CUST-0005,PROD-003,North,14,162.12,0.05,2156.2
ORD-002631,2024-04-12,CUST-0004,PROD-009,South,5,256.33,0.0,1281.65
ORD-002632,2024-09-03,CUST-0194,PROD-005,East,6,298.06,0.15,1520.11
ORD-002633,2023-08-10,CUST-0005,PROD-008,South,12,342.36,0.0,4108.32
ORD-002634,2023-12-18,CUST-0145,PROD-018,West,2,138.36,0.1,249.05
ORD-002635,2023-10-08,CUST-0022,PROD-001,South,11,345.48,0.0,3800.28
ORD-002636,2024-01-01,CUST-0019,PROD-004,North,9,166.93,0.0,1502.37
ORD-002637,2024-03-20,CUST-0191,PROD-011,South,2,223.7,0.0,447.4
ORD-002638,2024-08-16,CUST-0030,PROD-006,North,9,79.25,0.15,606.26
ORD-002639,2023-02-24,CUST-0002,PROD-022,North,2,23.76,0.2,38.02
ORD-002640,2023-07-17,CUST-0073,PROD-004,North,6,209.48,0.15,1068.35
ORD-002641,2024-12-18,CUST-0011,PROD-011,South,7,491.54,0.05,3268.74
ORD-002642,2024-01-09,CUST-0006,PROD-018,South,7,318.34,0.1,2005.54
ORD-002643,2024-05-14,CUST-0134,PROD-012,South,11,199.28,0.15,1863.27
ORD-002644,2023-01-31,CUST-0004,PROD-011,South,5,327.9,0.1,1475.55
ORD-002645,2023-01-17,CUST-0014,PROD-015,South,12,166.9,0.1,1802.52
ORD-002646,2024-03-30,CUST-0017,PROD-008,East,8,119.11,0.15,809.95
ORD-002647,2024-11-01,CUST-0003,PROD-014,North,13,332.66,0.05,4108.35
ORD-002648,2024-03-31,CUST-0062,PROD-007,South,5,262.06,0.05,1244.78
ORD-002649,2024-08-13,CUST-0104,PROD-019,North,1,71.18,0.15,60.5
ORD-002650,2023-12-07,CUST-0005,PROD-006,West,3,263.24,0.05,750.23
ORD-002651,2023-12-17,CUST-0115,PROD-025,North,1,21.69,0.2,17.35
ORD-002652,2023-07-26,CUST-0001,PROD-014,North,4,250.9,0.15,853.06
ORD-002653,2023-02-24,CUST-0002,PROD-009,East,10,323.5,0.1,2911.5
ORD-002654,2024-02-01,CUST-0066,PROD-008,North,11,154.53,0.15,1444.86
ORD-002655,2024-03-17,CUST-0001,PROD-004,East,2,282.93,0.0,565.86
ORD-002656,2024-03-03,CUST-0002,PROD-002,North,12,385.3,0.15,3930.06
ORD-002657,2023-10-06,CUST-0004,PROD-012,South,12,169.49,0.15,1728.8
ORD-002658,2024-09-15,CUST-0003,PROD-007,East,13,281.7,0.0,3662.1
ORD-002659,2024-03-16,CUST-0012,PROD-002,South,3,507.98,0.15,1295.35
ORD-002660,2024-06-04,CUST-0004,PROD-005,North,9,308.03,0.15,2356.43
ORD-002661,2023-08-13,CUST-0130,PROD-019,West,11,264.17,0.15,2469.99
ORD-002662,2024-07-16,CUST-0094,PROD-008,South,14,196.34,0.05,2611.32
ORD-002663,2023-06-29,CUST-0162,PROD-011,North,1,231.58,0.15,196.84
ORD-002664,2023-01-13,CUST-0147,PROD-017,East,8,256.49,0.05,1949.32
ORD-002665,2024-08-18,CUST-0001,PROD-018,South,12,320.69,0.0,3848.28
ORD-002666,2023-06-29,CUST-0057,PROD-009,South,7,128.57,0.05,854.99
ORD-002667,2023-04-19,CUST-0108,PROD-012,North,9,281.59,0.15,2154.16
ORD-002668,2023-08-18,CUST-0003,PROD-009,East,4,210.91,0.05,801.46
ORD-002669,2023-12-30,CUST-0093,PROD-009,East,6,208.26,0.15,1062.13
ORD-002670,2023-04-25,CUST-0003,PROD-007,East,7,351.28,0.15,2090.12
ORD-002671,2023-05-02,CUST-0055,PROD-005,East,6,131.54,0.05,749.78
ORD-002672,2024-09-13,CUST-0137,PROD-015,South,3,134.29,0.0,402.87
ORD-002673,2023-04-17,CUST-0037,PROD-018,East,3,271.05,0.0,813.15
ORD-002674,2023-08-03,CUST-0186,PROD-018,North,12,395.38,0.0,4744.56
ORD-002675,2023-05-30,CUST-0017,PROD-003,East,11,170.62,0.1,1689.14
ORD-002676,2024-08-18,CUST-0027,PROD-012,East,9,172.9,0.0,1556.1
ORD-002677,2024-10-01,CUST-0005,PROD-021,East,2,19.83,0.2,31.73
ORD-002678,2024-09-03,CUST-0054,PROD-014,South,14,254.74,0.0,3566.36
ORD-002679,2023-10-01,CUST-0198,PROD-025,South,1,33.53,0.2,26.82
ORD-002680,2024-07-03,CUST-0002,PROD-003,West,6,347.04,0.1,1874.02
ORD-002681,2024-03-06,CUST-0058,PROD-023,North,2,29.85,0.2,47.76
ORD-002682,2023-07-29,CUST-0002,PROD-010,East,5,63.88,0.0,319.4
ORD-002683,2024-02-23,CUST-0095,PROD-012,North,11,250.97,0.0,2760.67
ORD-002684,2024-04-06,CUST-0180,PROD-004,South,12,379.97,0.0,4559.64
ORD-002685,2023-02-09,CUST-0153,PROD-007,North,1,360.01,0.0,360.01
ORD-002686,2024-10-23,CUST-0112,PROD-003,East,6,365.18,0.05,2081.53
ORD-002687,2024-02-26,CUST-0122,PROD-008,South,6,114.76,0.0,688.56
ORD-002688,2024-01-12,CUST-0173,PROD-019,South,10,160.31,0.1,1442.79
ORD-002689,2024-03-17,CUST-0029,PROD-013,North,7,249.44,0.15,1484.17
ORD-002690,2024-11-15,CUST-0006,PROD-013,South,7,211.17,0.05,1404.28
ORD-002691,2024-09-25,CUST-0015,PROD-006,North,7,269.23,0.05,1790.38
ORD-002692,2023-05-16,CUST-0032,PROD-025,North,1,37.67,0.2,30.14
ORD-002693,2023-05-13,CUST-0063,PROD-004,South,9,199.16,0.15,1523.57
ORD-002694,2023-03-05,CUST-0003,PROD-005,North,8,372.94,0.15,2535.99
ORD-002695,2024-04-10,CUST-0002,PROD-016,South,5,516.8,0.0,2584.0
ORD-002696,2023-01-07,CUST-0164,PROD-015,South,7,141.93,0.05,943.83
ORD-002697,2024-02-03,CUST-0003,PROD-002,East,7,354.95,0.0,2484.65
ORD-002698,2023-07-13,CUST-0091,PROD-004,South,6,489.92,0.0,2939.52
ORD-002699,2024-10-28,CUST-0087,PROD-015,North,2,368.26,0.15,626.04
ORD-002700,2023-05-11,CUST-0048,PROD-011,West,6,121.76,0.05,694.03
ORD-002701,2023-01-03,CUST-0005,PROD-003,South,10,72.03,0.15,612.26
ORD-002702,2024-09-23,CUST-0022,PROD-009,North,8,437.47,0.0,3499.76
ORD-002703,2023-01-27,CUST-0049,PROD-002,North,9,306.48,0.15,2344.57
ORD-002704,2024-10-02,CUST-0109,PROD-012,South,9,165.38,0.15,1265.16
ORD-002705,2024-07-10,CUST-0052,PROD-025,West,2,37.97,0.2,60.75
ORD-002706,2023-10-05,CUST-0033,PROD-012,North,2,347.81,0.15,591.28
ORD-002707,2023-11-10,CUST-0005,PROD-017,West,3,355.11,0.1,958.8
ORD-002708,2024-05-08,CUST-0132,PROD-002,South,3,212.87,0.05,606.68
ORD-002709,2023-09-24,CUST-0012,PROD-016,South,14,411.54,0.05,5473.48
ORD-002710,2023-02-20,CUST-0004,PROD-019,South,14,151.23,0.15,1799.64
ORD-002711,2024-05-05,CUST-0081,PROD-015,South,12,379.96,0.05,4331.54
ORD-002712,2023-06-12,CUST-0160,PROD-021,North,2,37.13,0.2,59.41
ORD-002713,2024-03-27,CUST-0046,PROD-005,North,7,95.38,0.05,634.28
ORD-002714,2023-12-29,CUST-0062,PROD-018,North,5,417.75,0.15,1775.44
ORD-002715,2023-12-05,CUST-0004,PROD-007,North,1,69.75,0.15,59.29
ORD-002716,2024-05-01,CUST-0178,PROD-016,West,14,340.35,0.15,4050.17
ORD-002717,2023-04-24,CUST-0035,PROD-005,South,6,367.96,0.1,1986.98
ORD-002718,2023-10-12,CUST-0184,PROD-017,North,11,430.5,0.0,4735.5
ORD-002719,2023-02-22,CUST-0140,PROD-001,South,9,245.67,0.05,2100.48
ORD-002720,2023-09-01,CUST-0002,PROD-001,East,6,389.91,0.05,2222.49
ORD-002721,2024-06-06,CUST-0076,PROD-019,North,9,66.98,0.0,602.82
ORD-002722,2024-10-26,CUST-0092,PROD-010,South,6,182.81,0.0,1096.86
ORD-002723,2023-02-18,CUST-0009,PROD-006,South,14,440.47,0.15,5241.59
ORD-002724,2024-03-31,CUST-0033,PROD-004,South,13,272.16,0.1,3184.27
ORD-002725,2023-10-09,CUST-0196,PROD-010,South,7,434.38,0.15,2584.56
ORD-002726,2023-02-23,CUST-0101,PROD-007,South,8,340.38,0.15,2314.58
ORD-002727,2024-04-13,CUST-0014,PROD-006,North,3,296.29,0.05,844.43
ORD-002728,2024-07-23,CUST-0188,PROD-017,West,5,127.97,0.15,543.87
ORD-002729,2024-10-17,CUST-0071,PROD-016,South,5,205.61,0.05,976.65
ORD-002730,2024-12-17,CUST-0143,PROD-005,East,7,317.12,0.1,1997.86
ORD-002731,2024-04-11,CUST-0003,PROD-010,West,8,185.26,0.1,1333.87
ORD-002732,2024-09-27,CUST-0001,PROD-016,South,7,277.23,0.05,1843.58
ORD-002733,2024-09-26,CUST-0155,PROD-016,North,8,87.64,0.0,701.12
ORD-002734,2023-07-23,CUST-0125,PROD-016,South,13,191.21,0.1,2237.16
ORD-002735,2024-03-22,CUST-0040,PROD-004,South,6,73.89,0.15,376.84
ORD-002736,2023-03-12,CUST-0003,PROD-007,West,11,261.4,0.0,2875.4
ORD-002737,2023-08-29,CUST-0199,PROD-015,South,5,96.69,0.05,459.28
ORD-002738,2023-05-22,CUST-0099,PROD-012,South,3,160.24,0.05,456.68
ORD-002739,2024-04-10,CUST-0002,PROD-010,East,12,97.28,0.1,1050.62
ORD-002740,2024-02-14,CUST-0005,PROD-009,North,4,60.14,0.1,216.5
ORD-002741,2023-01-05,CUST-0155,PROD-007,South,6,171.62,0.1,926.75
ORD-002742,2023-08-15,CUST-0027,PROD-011,South,5,504.03,0.1,2268.13
ORD-002743,2023-11-18,CUST-0093,PROD-018,North,12,365.37,0.1,3946.0
ORD-002744,2023-01-15,CUST-0003,PROD-002,East,14,290.41,0.0,4065.74
ORD-002745,2024-06-06,CUST-0153,PROD-016,South,7,80.9,0.15,481.36
ORD-002746,2023-06-13,CUST-0182,PROD-015,North,5,107.5,0.1,483.75
ORD-002747,2023-10-07,CUST-0137,PROD-018,South,1,494.78,0.05,470.04
ORD-002748,2023-04-22,CUST-0016,PROD-002,South,8,294.92,0.15,2005.46
ORD-002749,2023-08-13,CUST-0155,PROD-002,South,11,296.22,0.1,2932.58
ORD-002750,2024-12-17,CUST-0021,PROD-003,West,7,106.76,0.0,747.32
ORD-002751,2024-07-07,CUST-0002,PROD-001,East,6,193.32,0.0,1159.92
ORD-002752,2023-06-05,CUST-0121,PROD-008,South,7,303.73,0.15,1807.19
ORD-002753,2024-05-30,CUST-0155,PROD-003,East,14,366.95,0.1,4623.57
ORD-002754,2024-02-21,CUST-0120,PROD-009,North,8,422.23,0.0,3377.84
ORD-002755,2023-04-16,CUST-0090,PROD-007,South,12,395.06,0.05,4503.68
ORD-002756,2023-12-07,CUST-0004,PROD-014,North,7,354.28,0.0,2479.96
ORD-002757,2023-09-15,CUST-0022,PROD-016,North,10,395.34,0.15,3360.39
ORD-002758,2023-01-05,CUST-0080,PROD-009,South,3,143.53,0.0,430.59
ORD-002759,2024-01-09,CUST-0005,PROD-003,West,5,226.73,0.1,1020.28
ORD-002760,2023-03-06,CUST-0059,PROD-008,East,6,81.69,0.0,490.14
ORD-002761,2024-04-20,CUST-0122,PROD-023,South,1,35.0,0.2,28.0
ORD-002762,2023-01-08,CUST-0165,PROD-009,South,8,244.73,0.1,1762.06
ORD-002763,2023-01-10,CUST-0141,PROD-013,South,3,190.42,0.05,542.7
ORD-002764,2024-07-01,CUST-0149,PROD-014,East,8,313.47,0.15,2131.6
ORD-002765,2023-03-15,CUST-0005,PROD-025,East,2,16.11,0.2,25.78
ORD-002766,2024-07-28,CUST-0138,PROD-008,West,10,131.25,0.15,1115.62
ORD-002767,2023-05-30,CUST-0099,PROD-016,North,5,232.72,0.0,1163.6
ORD-002768,2024-01-23,CUST-0071,PROD-008,West,12,115.95,0.05,1321.83
ORD-002769,2024-04-28,CUST-0174,PROD-018,North,6,173.19,0.15,883.27
ORD-002770,2023-05-20,CUST-0030,PROD-001,North,4,319.95,0.05,1215.81
ORD-002771,2024-12-29,CUST-0010,PROD-006,East,13,311.87,0.15,3446.16
ORD-002772,2023-07-06,CUST-0061,PROD-007,South,10,318.74,0.0,3187.4
ORD-002773,2024-04-02,CUST-0148,PROD-006,North,4,352.8,0.0,1411.2
ORD-002774,2023-03-06,CUST-0108,PROD-021,South,1,28.9,0.2,23.12
ORD-002775,2024-04-11,CUST-0094,PROD-007,South,6,406.88,0.1,2197.15
ORD-002776,2024-02-29,CUST-0126,PROD-002,West,3,232.06,0.05,661.37
ORD-002777,2023-03-04,CUST-0001,PROD-009,North,5,113.74,0.1,511.83
ORD-002778,2024-04-10,CUST-0199,PROD-008,South,10,107.92,0.15,917.32
ORD-002779,2024-05-17,CUST-0162,PROD-013,West,14,158.78,0.1,2000.63
ORD-002780,2023-08-26,CUST-0196,PROD-009,East,4,123.7,0.0,494.8
ORD-002781,2024-02-01,CUST-0001,PROD-022,East,2,18.74,0.2,29.98
ORD-002782,2024-11-25,CUST-0023,PROD-004,South,13,451.62,0.05,5577.51
ORD-002783,2023-09-20,CUST-0043,PROD-016,South,12,439.99,0.1,4751.89
ORD-002784,2023-02-20,CUST-0069,PROD-011,East,2,178.61,0.05,339.36
ORD-002785,2024-09-26,CUST-0115,PROD-017,South,4,79.7,0.1,286.92
ORD-002786,2023-06-10,CUST-0001,PROD-005,North,2,246.58,0.0,493.16
ORD-002787,2023-07-10,CUST-0003,PROD-012,West,2,170.6,0.15,290.02
ORD-002788,2023-02-18,CUST-0098,PROD-005,North,11,386.69,0.05,4040.91
ORD-002789,2023-01-16,CUST-0065,PROD-015,South,1,472.05,0.0,472.05
ORD-002790,2024-09-10,CUST-0091,PROD-012,South,2,419.61,0.1,755.3
ORD-002791,2023-08-24,CUST-0003,PROD-005,East,11,143.39,0.15,1340.7
ORD-002792,2023-04-06,CUST-0002,PROD-004,East,9,329.92,0.1,2672.35
ORD-002793,2023-09-24,CUST-0159,PROD-010,South,5,114.65,0.15,487.26
ORD-002794,2023-04-13,CUST-0085,PROD-005,South,8,115.2,0.1,829.44
ORD-002795,2024-03-31,CUST-0003,PROD-010,North,5,392.21,0.15,1666.89
ORD-002796,2023-05-09,CUST-0005,PROD-005,West,7,254.79,0.1,1605.18
ORD-002797,2024-08-19,CUST-0156,PROD-004,East,8,346.25,0.1,2493.0
ORD-002798,2023-09-02,CUST-0025,PROD-018,North,2,163.1,0.15,277.27
ORD-002799,2024-10-19,CUST-0042,PROD-009,South,8,128.07,0.1,922.1
ORD-002800,2023-03-10,CUST-0037,PROD-013,South,2,73.74,0.05,140.11
ORD-002801,2023-11-23,CUST-0117,PROD-008,West,1,15000.0,0.05,150000.0
ORD-002802,2023-05-15,CUST-0003,PROD-005,North,8,126.32,0.1,909.5
ORD-002803,2024-03-16,CUST-0049,PROD-004,South,2,194.0,0.05,368.6
ORD-002804,2024-12-16,CUST-0130,PROD-011,West,7,175.15,0.0,1226.05
ORD-002805,2023-02-05,CUST-0066,PROD-013,East,5,370.36,0.05,1759.21
ORD-002806,2024-06-02,CUST-0003,PROD-015,South,2,72.16,0.1,129.89
ORD-002807,2024-01-16,CUST-0105,PROD-005,South,1,150.3,0.0,150.3
ORD-002808,2024-05-07,CUST-0128,PROD-003,South,13,399.0,0.15,4408.95
ORD-002809,2024-03-28,CUST-0153,PROD-004,North,14,147.35,0.05,1959.76
ORD-002810,2024-05-03,CUST-0005,PROD-005,West,3,265.54,0.0,796.62
ORD-002811,2024-06-10,CUST-0112,PROD-014,South,7,104.61,0.15,622.43
ORD-002812,2023-05-30,CUST-0132,PROD-011,South,10,513.84,0.0,5138.4
ORD-002813,2024-11-18,CUST-0001,PROD-018,North,12,190.26,0.1,2054.81
ORD-002814,2023-06-20,CUST-0151,PROD-024,South,2,15.32,0.2,24.51
ORD-002815,2023-05-12,CUST-0004,PROD-009,South,1,519.16,0.15,441.29
ORD-002816,2023-07-27,CUST-0002,PROD-003,South,2,222.66,0.0,445.32
ORD-002817,2023-04-10,CUST-0002,PROD-004,South,4,411.4,0.15,1398.76
ORD-002818,2023-08-13,CUST-0172,PROD-014,North,9,73.08,0.05,624.83
ORD-002819,2024-12-12,CUST-0005,PROD-009,West,4,240.67,0.15,818.28
ORD-002820,2023-12-02,CUST-0165,PROD-005,East,8,368.37,0.0,2946.96
ORD-002821,2023-11-14,CUST-0099,PROD-001,West,11,143.24,0.1,1418.08
ORD-002822,2023-08-30,CUST-0001,PROD-014,North,5,207.37,0.0,1036.85
ORD-002823,2024-09-17,CUST-0002,PROD-003,North,7,155.34,0.15,924.27
ORD-002824,2024-12-25,CUST-0102,PROD-001,North,9,378.22,0.1,3063.58
ORD-002825,2023-06-24,CUST-0107,PROD-001,South,5,380.33,0.15,1616.4
ORD-002826,2024-12-15,CUST-0159,PROD-012,West,6,177.98,0.0,1067.88
ORD-002827,2024-05-31,CUST-0005,PROD-009,North,2,366.07,0.0,732.14
ORD-002828,2023-01-17,CUST-0132,PROD-017,South,11,179.82,0.15,1681.32
ORD-002829,2024-03-07,CUST-0150,PROD-001,North,11,350.23,0.05,3659.9
ORD-002830,2024-09-02,CUST-0150,PROD-006,West,5,194.91,0.1,877.1
ORD-002831,2023-06-24,CUST-0129,PROD-002,East,10,159.9,0.1,1439.1
ORD-002832,2024-08-16,CUST-0027,PROD-005,South,4,249.27,0.15,847.52
ORD-002833,2023-03-12,CUST-0164,PROD-025,North,2,16.59,0.2,26.54
ORD-002834,2023-08-05,CUST-0033,PROD-004,South,4,211.41,0.1,761.08
ORD-002835,2023-02-07,CUST-0007,PROD-018,South,4,305.27,0.1,1098.97
ORD-002836,2023-12-23,CUST-0060,PROD-005,North,13,95.04,0.15,1050.19
ORD-002837,2024-05-02,CUST-0094,PROD-004,South,8,203.02,0.0,1624.16
ORD-002838,2024-10-19,CUST-0034,PROD-011,North,8,289.64,0.05,2201.26
ORD-002839,2024-10-22,CUST-0178,PROD-013,South,1,147.96,0.05,140.56
ORD-002840,2024-05-24,CUST-0003,PROD-014,East,5,288.74,0.0,1443.7
ORD-002841,2023-11-07,CUST-0139,PROD-012,West,11,100.93,0.15,943.7
ORD-002842,2023-08-16,CUST-0157,PROD-003,West,5,70.7,0.1,318.15
ORD-002843,2024-03-09,CUST-0117,PROD-022,South,2,17.54,0.2,28.06
ORD-002844,2023-03-05,CUST-0002,PROD-011,North,10,420.91,0.15,3577.74
ORD-002845,2023-08-22,CUST-0145,PROD-005,South,13,265.41,0.1,3105.3
ORD-002846,2024-05-25,CUST-0049,PROD-007,North,5,380.17,0.1,1710.76
ORD-002847,2024-08-11,CUST-0001,PROD-019,North,10,89.7,0.1,807.3
ORD-002848,2023-12-19,CUST-0143,PROD-011,South,6,160.52,0.0,963.12
ORD-002849,2023-06-15,CUST-0069,PROD-013,North,2,352.05,0.1,633.69
ORD-002850,2024-05-06,CUST-0002,PROD-008,South,9,237.46,0.0,2137.14
ORD-002851,2024-09-17,CUST-0102,PROD-010,North,2,297.79,0.05,565.8
ORD-002852,2024-05-25,CUST-0004,PROD-002,West,7,317.73,0.0,2224.11
ORD-002853,2024-12-06,CUST-0185,PROD-001,North,11,289.02,0.05,3020.26
ORD-002854,2023-04-03,CUST-0001,PROD-003,South,8,126.53,0.1,911.02
ORD-002855,2024-11-07,CUST-0193,PROD-011,North,1,244.47,0.0,244.47
ORD-002856,2023-11-14,CUST-0160,PROD-007,East,4,134.55,0.15,457.47
ORD-002857,2023-12-01,CUST-0108,PROD-019,East,14,364.98,0.05,4854.23
ORD-002858,2023-12-15,CUST-0115,PROD-019,East,4,386.45,0.0,1545.8
ORD-002859,2024-08-06,CUST-0037,PROD-015,West,9,291.48,0.05,2492.15
ORD-002860,2024-08-04,CUST-0113,PROD-007,North,9,242.11,0.1,1961.09
ORD-002861,2024-05-26,CUST-0003,PROD-009,North,1,427.8,0.15,363.63
ORD-002862,2023-12-14,CUST-0049,PROD-006,East,10,232.63,0.1,2093.67
ORD-002863,2024-09-26,CUST-0005,PROD-002,North,5,335.14,0.15,1424.34
ORD-002864,2024-08-09,CUST-0001,PROD-024,South,2,20.84,0.2,33.34
ORD-002865,2023-12-08,CUST-0157,PROD-014,West,1,105.04,0.05,99.79
ORD-002866,2023-12-02,CUST-0004,PROD-018,South,11,272.76,0.1,2700.32
ORD-002867,2024-09-15,CUST-0001,PROD-007,West,2,51.21,0.05,97.3
ORD-002868,2023-02-15,CUST-0003,PROD-010,South,4,73.99,0.1,266.36
ORD-002869,2024-01-20,CUST-0003,PROD-013,South,1,138.12,0.05,131.21
ORD-002870,2024-01-09,CUST-0086,PROD-015,North,4,284.78,0.0,1139.12
ORD-002871,2024-07-27,CUST-0068,PROD-025,East,2,18.22,0.2,29.15
ORD-002872,2024-06-10,CUST-0067,PROD-017,South,5,143.0,0.15,607.75
ORD-002873,2024-03-20,CUST-0002,PROD-018,West,1,223.37,0.05,212.2
ORD-002874,2024-12-03,CUST-0110,PROD-001,East,5,58.4,0.05,277.4
ORD-002875,2023-03-01,CUST-0100,PROD-014,South,9,124.9,0.05,1067.9
ORD-002876,2023-09-13,CUST-0002,PROD-010,South,3,390.1,0.15,994.76
ORD-002877,2023-04-27,CUST-0135,PROD-002,East,6,244.71,0.05,1394.85
ORD-002878,2023-11-29,CUST-0085,PROD-005,North,8,205.98,0.15,1400.66
ORD-002879,2023-02-03,CUST-0002,PROD-012,South,6,156.87,0.1,847.1
ORD-002880,2023-07-23,CUST-0021,PROD-006,North,13,56.55,0.05,698.39
ORD-002881,2023-02-09,CUST-0128,PROD-021,East,1,19.24,0.2,15.39
ORD-002882,2024-11-10,CUST-0154,PROD-007,North,13,410.09,0.05,5064.61
ORD-002883,2023-11-15,CUST-0003,PROD-010,South,9,364.62,0.1,2953.42
ORD-002884,2023-10-19,CUST-0121,PROD-013,North,8,376.8,0.05,2863.68
ORD-002885,2023-02-11,CUST-0045,PROD-005,North,4,355.03,0.15,1207.1
ORD-002886,2024-06-25,CUST-0049,PROD-022,West,1,38.68,0.2,30.94
ORD-002887,2023-07-04,CUST-0005,PROD-012,East,6,194.56,0.05,1108.99
ORD-002888,2023-03-27,CUST-0039,PROD-015,North,5,299.76,0.15,1273.98
ORD-002889,2023-05-29,CUST-0109,PROD-018,East,1,243.79,0.0,243.79
ORD-002890,2024-07-27,CUST-0046,PROD-017,South,3,257.82,0.0,773.46
ORD-002891,2024-03-24,CUST-0005,PROD-002,East,13,151.03,0.0,1963.39
ORD-002892,2024-07-10,CUST-0198,PROD-017,East,9,277.78,0.15,2125.02
ORD-002893,2024-10-03,CUST-0093,PROD-013,North,12,413.66,0.0,4963.92
ORD-002894,2023-08-19,CUST-0012,PROD-014,South,9,254.2,0.1,2059.02
ORD-002895,2023-08-16,CUST-0174,PROD-012,East,10,353.71,0.05,3360.24
ORD-002896,2023-03-25,CUST-0057,PROD-016,East,3,163.85,0.1,442.4
ORD-002897,2024-06-02,CUST-0152,PROD-006,South,3,232.97,0.15,594.07
ORD-002898,2023-10-06,CUST-0154,PROD-016,South,1,359.12,0.0,359.12
ORD-002899,2024-04-03,CUST-0103,PROD-024,South,2,25.92,0.2,41.47
ORD-002900,2024-08-13,CUST-0158,PROD-012,South,3,354.58,0.0,1063.74
ORD-002901,2023-03-01,CUST-0183,PROD-023,South,2,35.67,0.2,57.07
ORD-002902,2023-05-08,CUST-0038,PROD-012,North,1,312.95,0.15,266.01
ORD-002903,2024-10-03,CUST-0086,PROD-011,South,10,143.08,0.05,1359.26
ORD-002904,2024-07-12,CUST-0127,PROD-017,South,10,113.68,0.05,1079.96
ORD-002905,2023-10-05,CUST-0074,PROD-018,North,13,409.44,0.05,5056.58
ORD-002906,2023-04-26,CUST-0003,PROD-007,East,13,240.32,0.0,3124.16
ORD-002907,2023-07-26,CUST-0004,PROD-004,South,14,435.11,0.0,6091.54
ORD-002908,2024-10-18,CUST-0057,PROD-005,North,8,204.07,0.05,1550.93
ORD-002909,2023-06-27,CUST-0001,PROD-016,West,12,349.77,0.1,3777.52
ORD-002910,2023-10-28,CUST-0003,PROD-011,West,6,150.17,0.0,901.02
ORD-002911,2024-01-28,CUST-0078,PROD-005,South,5,373.23,0.05,1772.84
ORD-002912,2024-01-20,CUST-0002,PROD-012,East,2,206.33,0.1,371.39
ORD-002913,2024-12-26,CUST-0141,PROD-019,North,2,220.37,0.15,374.63
ORD-002914,2023-03-08,CUST-0002,PROD-003,South,10,306.94,0.15,2608.99
ORD-002915,2023-09-21,CUST-0191,PROD-009,South,1,518.23,0.15,440.5
ORD-002916,2023-11-09,CUST-0063,PROD-009,North,4,97.41,0.05,370.16
ORD-002917,2023-05-09,CUST-0163,PROD-010,East,6,348.23,0.05,1984.91
ORD-002918,2023-10-09,CUST-0001,PROD-017,East,7,334.59,0.15,1990.81
ORD-002919,2023-01-12,CUST-0021,PROD-014,South,10,359.89,0.0,3598.9
ORD-002920,2023-06-12,CUST-0113,PROD-004,West,4,284.35,0.1,1023.66
ORD-002921,2024-05-09,CUST-0071,PROD-008,South,2,516.77,0.05,981.86
ORD-002922,2024-11-17,CUST-0195,PROD-006,East,5,354.42,0.05,1683.5
ORD-002923,2024-05-24,CUST-0001,PROD-004,West,14,163.86,0.05,2179.34
ORD-002924,2023-05-03,CUST-0016,PROD-019,South,9,368.01,0.15,2815.28
ORD-002925,2024-12-26,CUST-0074,PROD-017,East,3,267.64,0.1,722.63
ORD-002926,2024-10-03,CUST-0167,PROD-009,South,2,189.33,0.1,340.79
ORD-002927,2023-02-20,CUST-0004,PROD-014,South,11,332.13,0.05,3470.76
ORD-002928,2024-01-24,CUST-0088,PROD-003,West,13,198.41,0.05,2450.36
ORD-002929,2024-09-27,CUST-0041,PROD-013,South,9,362.96,0.15,2776.64
ORD-002930,2023-11-23,CUST-0019,PROD-018,North,8,263.5,0.0,2108.0
ORD-002931,2024-08-17,CUST-0005,PROD-012,East,6,211.98,0.15,1081.1
ORD-002932,2024-02-04,CUST-0037,PROD-006,West,4,265.94,0.15,904.2
ORD-002933,2023-11-16,CUST-0087,PROD-005,South,12,211.42,0.05,2410.19
ORD-002934,2024-11-21,CUST-0111,PROD-013,East,2,81.63,0.0,163.26
ORD-002935,2023-11-18,CUST-0035,PROD-015,South,6,287.85,0.1,1554.39
ORD-002936,2023-11-11,CUST-0091,PROD-008,East,12,210.95,0.0,2531.4
ORD-002937,2023-07-22,CUST-0164,PROD-013,East,9,55.74,0.15,426.41
ORD-002938,2023-05-30,CUST-0106,PROD-011,North,1,207.93,0.0,207.93
ORD-002939,2024-09-30,CUST-0196,PROD-008,South,6,108.23,0.05,616.91
ORD-002940,2023-02-11,CUST-0004,PROD-007,North,8,385.07,0.1,2772.5
ORD-002941,2024-04-19,CUST-0011,PROD-016,North,7,175.9,0.0,1231.3
ORD-002942,2023-06-22,CUST-0101,PROD-023,East,1,15.5,0.2,12.4
ORD-002943,2024-12-11,CUST-0133,PROD-001,South,10,466.0,0.05,4427.0
ORD-002944,2024-09-15,CUST-0002,PROD-016,East,5,119.67,0.15,508.6
ORD-002945,2024-12-19,CUST-0085,PROD-018,North,2,394.32,0.1,709.78
ORD-002946,2024-07-16,CUST-0110,PROD-006,South,8,287.93,0.15,1957.92
ORD-002947,2023-07-17,CUST-0112,PROD-008,North,3,371.8,0.1,1003.86
ORD-002948,2024-07-04,CUST-0168,PROD-014,South,2,280.21,0.0,560.42
ORD-002949,2024-11-27,CUST-0005,PROD-016,East,11,188.74,0.0,2076.14
ORD-002950,2023-04-14,CUST-0070,PROD-015,South,11,332.14,0.05,3470.86
ORD-002951,2023-09-25,CUST-0003,PROD-007,South,-15,101.35,0.1,-1500.0
ORD-002952,2024-11-19,CUST-0086,PROD-011,South,4,131.56,0.1,473.62
ORD-002953,2024-05-30,CUST-0034,PROD-014,East,3,235.29,0.1,635.28
ORD-002954,2023-12-04,CUST-0096,PROD-008,South,8,148.0,0.1,1065.6
ORD-002955,2024-09-26,CUST-0002,PROD-006,North,5,215.27,0.0,1076.35
ORD-002956,2023-06-28,CUST-0035,PROD-005,North,7,362.12,0.15,2154.61
ORD-002957,2024-01-06,CUST-0079,PROD-023,North,2,36.31,0.2,58.1
ORD-002958,2023-10-29,CUST-0192,PROD-022,East,1,25.88,0.2,20.7
ORD-002959,2023-11-26,CUST-0152,PROD-015,North,13,227.07,0.15,2509.12
ORD-002960,2023-12-02,CUST-0132,PROD-004,South,6,257.47,0.15,1313.1
ORD-002961,2024-04-10,CUST-0065,PROD-018,West,1,293.75,0.15,249.69
ORD-002962,2023-08-26,CUST-0049,PROD-011,East,4,331.75,0.0,1327.0
ORD-002963,2024-09-18,CUST-0168,PROD-003,North,12,193.19,0.15,1970.54
ORD-002964,2023-04-30,CUST-0171,PROD-017,South,11,477.59,0.15,4465.47
ORD-002965,2023-01-13,CUST-0121,PROD-017,East,1,267.34,0.0,267.34
ORD-002966,2024-02-10,CUST-0001,PROD-016,North,13,123.78,0.0,1609.14
ORD-002967,2024-06-21,CUST-0002,PROD-009,South,3,289.22,0.0,867.66
ORD-002968,2024-04-02,CUST-0015,PROD-016,East,10,194.67,0.05,1849.36
ORD-002969,2023-09-06,CUST-0002,PROD-001,South,3,114.9,0.0,344.7
ORD-002970,2023-06-21,CUST-0175,PROD-011,South,9,81.88,0.1,663.23
ORD-002971,2024-02-04,CUST-0182,PROD-017,East,14,263.3,0.15,3133.27
ORD-002972,2024-04-07,CUST-0170,PROD-001,South,13,394.78,0.05,4875.53
ORD-002973,2024-03-13,CUST-0004,PROD-017,West,14,322.67,0.1,4065.64
ORD-002974,2023-03-26,CUST-0005,PROD-002,North,13,306.69,0.1,3588.27
ORD-002975,2024-04-10,CUST-0083,PROD-002,West,6,384.55,0.0,2307.3
ORD-002976,2024-04-26,CUST-0156,PROD-006,West,4,242.07,0.1,871.45
ORD-002977,2024-07-28,CUST-0018,PROD-010,South,11,481.2,0.05,5028.54
ORD-002978,2024-03-15,CUST-0038,PROD-018,West,12,148.29,0.1,1601.53
ORD-002979,2023-02-19,CUST-0140,PROD-010,South,12,317.76,0.15,3241.15
ORD-002980,2024-10-01,CUST-0060,PROD-002,West,13,338.12,0.05,4175.78
ORD-002981,2023-08-25,CUST-0124,PROD-002,North,9,142.07,0.05,1214.7
ORD-002982,2023-06-07,CUST-0053,PROD-009,South,9,223.25,0.15,1707.86
ORD-002983,2024-10-19,CUST-0016,PROD-023,South,1,23.02,0.2,18.42
ORD-002984,2024-12-03,CUST-0168,PROD-006,North,13,295.07,0.05,3644.11
ORD-002985,2023-06-16,CUST-0001,PROD-024,North,2,22.24,0.2,35.58
ORD-002986,2023-10-18,CUST-0200,PROD-004,East,10,337.05,0.05,3201.98
ORD-002987,2023-04-08,CUST-0096,PROD-011,North,10,209.47,0.0,2094.7
ORD-002988,2023-09-09,CUST-0002,PROD-013,West,5,346.07,0.0,1730.35
ORD-002989,2024-07-11,CUST-0002,PROD-012,South,14,497.95,0.05,6622.74
ORD-002990,2023-03-11,CUST-0130,PROD-003,South,13,167.42,0.1,1958.81
ORD-002991,2023-07-30,CUST-0002,PROD-016,East,11,277.89,0.05,2903.95
ORD-002992,2023-05-26,CUST-0004,PROD-009,North,9,417.84,0.1,3384.5
ORD-002993,2023-01-05,CUST-0001,PROD-003,South,6,102.26,0.15,521.53
ORD-002994,2024-07-01,CUST-0007,PROD-008,East,11,51.61,0.0,567.71
ORD-002995,2024-05-29,CUST-0102,PROD-005,East,5,349.49,0.05,1660.08
ORD-002996,2024-11-09,CUST-0002,PROD-015,East,3,175.45,0.15,447.4
ORD-002997,2024-11-25,CUST-0190,PROD-009,West,8,354.91,0.0,2839.28
ORD-002998,2023-02-20,CUST-0048,PROD-019,South,10,225.92,0.05,2146.24
ORD-002999,2023-10-19,CUST-0118,PROD-014,East,8,344.87,0.0,2758.96
ORD-003000,2024-03-19,CUST-0133,PROD-003,North,8,298.58,0.05,2269.21
ORD-003001,2023-09-19,CUST-0040,PROD-016,North,12,233.83,0.1,2525.36
ORD-003002,2023-06-13,CUST-0002,PROD-002,South,11,446.27,0.0,4908.97
ORD-003003,2024-07-02,CUST-0175,PROD-013,South,7,228.39,0.15,1358.92
ORD-003004,2023-12-01,CUST-0031,PROD-008,South,12,427.04,0.15,4355.81
ORD-003005,2024-06-02,CUST-0090,PROD-014,North,9,207.69,0.15,1588.83
ORD-003006,2023-09-13,CUST-0055,PROD-012,South,3,179.97,0.05,512.91
ORD-003007,2024-06-01,CUST-0055,PROD-005,West,4,377.99,0.05,1436.36
ORD-003008,2023-07-10,CUST-0084,PROD-002,North,13,286.56,0.0,3725.28
ORD-003009,2023-10-22,CUST-0188,PROD-016,West,9,296.02,0.0,2664.18
ORD-003010,2024-11-18,CUST-0180,PROD-006,South,5,208.82,0.15,887.48
ORD-003011,2023-02-21,CUST-0163,PROD-009,West,7,145.07,0.1,913.94
ORD-003012,2023-06-08,CUST-0111,PROD-007,South,5,401.26,0.15,1705.36
ORD-003013,2023-12-02,CUST-0181,PROD-010,South,11,346.22,0.0,3808.42
ORD-003014,2024-05-01,CUST-0074,PROD-007,North,11,159.59,0.0,1755.49
ORD-003015,2023-06-09,CUST-0002,PROD-009,West,4,78.41,0.05,297.96
ORD-003016,2023-09-24,CUST-0003,PROD-021,South,2,29.43,0.2,47.09
ORD-003017,2024-08-21,CUST-0003,PROD-008,South,9,124.66,0.15,953.65
ORD-003018,2023-10-01,CUST-0017,PROD-003,North,9,186.55,0.05,1595.0
ORD-003019,2023-05-19,CUST-0133,PROD-015,South,10,128.16,0.15,1089.36
ORD-003020,2023-05-08,CUST-0027,PROD-015,North,12,178.39,0.05,2033.65
ORD-003021,2024-09-25,CUST-0076,PROD-001,North,12,62.2,0.15,634.44
ORD-003022,2024-04-27,CUST-0005,PROD-009,West,2,99.75,0.0,199.5
ORD-003023,2024-10-20,CUST-0002,PROD-013,North,11,308.76,0.05,3226.54
ORD-003024,2023-12-20,CUST-0179,PROD-003,South,3,174.13,0.0,522.39
ORD-003025,2024-06-26,CUST-0109,PROD-022,North,2,18.3,0.2,29.28
ORD-003026,2023-02-23,CUST-0057,PROD-001,South,1,355.82,0.1,320.24
ORD-003027,2024-12-06,CUST-0108,PROD-014,South,4,496.59,0.1,1787.72
ORD-003028,2024-03-14,CUST-0072,PROD-024,South,1,28.71,0.2,22.97
ORD-003029,2024-05-24,CUST-0004,PROD-019,North,3,360.84,0.0,1082.52
ORD-003030,2023-11-07,CUST-0003,PROD-001,West,3,300.95,0.1,812.56
ORD-003031,2023-06-03,CUST-0070,PROD-008,East,6,244.42,0.15,1246.54
ORD-003032,2024-10-11,CUST-0106,PROD-006,North,1,369.81,0.15,314.34
ORD-003033,2024-09-16,CUST-0164,PROD-017,South,5,297.15,0.15,1262.89
ORD-003034,2024-08-04,CUST-0005,PROD-018,North,11,224.36,0.15,2097.77
ORD-003035,2024-10-19,CUST-0023,PROD-013,East,13,208.09,0.15,2299.39
ORD-003036,2023-09-24,CUST-0057,PROD-025,North,2,20.1,0.2,32.16
ORD-003037,2023-04-18,CUST-0141,PROD-004,North,5,273.22,0.0,1366.1
ORD-003038,2023-07-19,CUST-0174,PROD-021,North,1,19.58,0.2,15.66
ORD-003039,2024-06-02,CUST-0170,PROD-003,South,11,437.01,0.15,4086.04
ORD-003040,2024-02-04,CUST-0006,PROD-012,West,1,388.33,0.0,388.33
ORD-003041,2023-12-22,CUST-0040,PROD-010,South,10,424.32,0.1,3818.88
ORD-003042,2023-07-20,CUST-0104,PROD-014,North,9,259.71,0.0,2337.39
ORD-003043,2024-10-18,CUST-0083,PROD-011,South,13,358.61,0.05,4428.83
ORD-003044,2024-12-11,CUST-0002,PROD-003,East,4,297.07,0.0,1188.28
ORD-003045,2023-12-24,CUST-0129,PROD-025,North,2,35.12,0.2,56.19
ORD-003046,2024-10-13,CUST-0197,PROD-008,South,2,291.04,0.1,523.87
ORD-003047,2024-09-26,CUST-0062,PROD-017,North,8,79.85,0.1,574.92
ORD-003048,2023-01-14,CUST-0033,PROD-011,West,7,252.01,0.1,1587.66
ORD-003049,2024-07-15,CUST-0005,PROD-023,North,1,25.85,0.2,20.68
ORD-003050,2023-06-14,CUST-0158,PROD-008,South,5,415.76,0.05,1974.86
ORD-003051,2024-01-30,CUST-0005,PROD-021,West,1,16.44,0.2,13.15
ORD-003052,2023-02-21,CUST-0084,PROD-001,West,13,353.46,0.15,3905.73
ORD-003053,2023-06-26,CUST-0150,PROD-024,North,2,29.86,0.2,47.78
ORD-003054,2024-11-08,CUST-0067,PROD-015,South,1,357.0,0.05,339.15
ORD-003055,2023-11-17,CUST-0102,PROD-015,South,2,519.51,0.1,935.12
ORD-003056,2024-08-19,CUST-0119,PROD-017,North,14,347.99,0.05,4628.27
ORD-003057,2024-05-21,CUST-0002,PROD-001,North,5,406.85,0.1,1830.82
ORD-003058,2024-01-07,CUST-0002,PROD-003,North,2,385.1,0.1,693.18
ORD-003059,2024-01-18,CUST-0042,PROD-017,North,13,385.49,0.15,4259.66
ORD-003060,2023-06-19,CUST-0004,PROD-012,West,7,51.61,0.05,343.21
ORD-003061,2023-05-23,CUST-0143,PROD-003,West,11,201.88,0.1,1998.61
ORD-003062,2024-05-08,CUST-0119,PROD-012,South,8,365.13,0.15,2482.88
ORD-003063,2024-04-24,CUST-0001,PROD-010,North,14,197.58,0.1,2489.51
ORD-003064,2023-10-11,CUST-0194,PROD-003,West,11,153.57,0.0,1689.27
ORD-003065,2024-11-15,CUST-0035,PROD-003,South,2,180.46,0.05,342.87
ORD-003066,2024-10-08,CUST-0079,PROD-008,South,13,233.2,0.05,2880.02
ORD-003067,2023-03-05,CUST-0047,PROD-005,North,12,323.49,0.05,3687.79
ORD-003068,2023-08-10,CUST-0004,PROD-025,South,2,20.18,0.2,32.29
ORD-003069,2023-09-12,CUST-0158,PROD-001,North,9,245.75,0.05,2101.16
ORD-003070,2024-05-18,CUST-0003,PROD-025,South,1,19.86,0.2,15.89
ORD-003071,2023-06-18,CUST-0002,PROD-014,West,7,192.83,0.0,1349.81
ORD-003072,2024-05-11,CUST-0067,PROD-007,East,1,385.15,0.0,385.15
ORD-003073,2024-11-25,CUST-0118,PROD-009,South,13,321.52,0.1,3761.78
ORD-003074,2023-11-27,CUST-0032,PROD-016,South,4,498.82,0.1,1795.75
ORD-003075,2023-12-12,CUST-0123,PROD-003,South,3,251.69,0.0,755.07
ORD-003076,2023-06-18,CUST-0033,PROD-015,South,12,483.46,0.15,4931.29
ORD-003077,2024-03-28,CUST-0144,PROD-011,East,5,144.0,0.05,684.0
ORD-003078,2024-05-22,CUST-0166,PROD-016,West,14,104.38,0.15,1242.12
ORD-003079,2023-01-31,CUST-0125,PROD-010,West,5,316.32,0.0,1581.6
ORD-003080,2023-02-06,CUST-0002,PROD-012,North,4,264.77,0.0,1059.08
ORD-003081,2024-09-03,CUST-0106,PROD-001,South,6,127.89,0.05,728.97
ORD-003082,2023-08-08,CUST-0063,PROD-003,West,5,80.0,0.1,360.0
ORD-003083,2024-06-19,CUST-0174,PROD-014,North,7,219.95,0.15,1308.7
ORD-003084,2023-06-13,CUST-0005,PROD-019,South,5,469.09,0.0,2345.45
ORD-003085,2023-09-16,CUST-0068,PROD-003,South,7,458.88,0.15,2730.34
ORD-003086,2023-10-04,CUST-0131,PROD-009,East,13,374.77,0.0,4872.01
ORD-003087,2024-08-22,CUST-0007,PROD-006,North,8,199.21,0.0,1593.68
ORD-003088,2023-02-16,CUST-0138,PROD-010,West,11,163.6,0.1,1619.64
ORD-003089,2024-01-05,CUST-0004,PROD-019,South,2,324.93,0.1,584.87
ORD-003090,2023-07-13,CUST-0002,PROD-018,West,6,356.47,0.05,2031.88
ORD-003091,2023-06-12,CUST-0005,PROD-019,East,11,243.65,0.0,2680.15
ORD-003092,2023-06-24,CUST-0084,PROD-017,East,3,301.07,0.1,812.89
ORD-003093,2023-04-25,CUST-0003,PROD-009,North,8,194.16,0.0,1553.28
ORD-003094,2024-08-22,CUST-0074,PROD-017,South,8,240.72,0.15,1636.9
ORD-003095,2023-11-08,CUST-0002,PROD-005,North,10,174.45,0.1,1570.05
ORD-003096,2024-01-18,CUST-0174,PROD-009,North,7,419.39,0.0,2935.73
ORD-003097,2023-08-09,CUST-0001,PROD-008,South,7,413.9,0.1,2607.57
ORD-003098,2024-03-13,CUST-0163,PROD-013,North,12,176.08,0.1,1901.66
ORD-003099,2023-12-03,CUST-0029,PROD-019,South,3,378.03,0.15,963.98
ORD-003100,2023-11-03,CUST-0003,PROD-007,West,3,307.24,0.0,921.72
ORD-003101,2024-08-15,CUST-0082,PROD-022,East,1,18.97,0.2,15.18
ORD-003102,2024-11-22,CUST-0166,PROD-015,East,7,333.58,0.0,2335.06
ORD-003103,2024-04-15,CUST-0188,PROD-024,South,2,35.91,0.2,57.46
ORD-003104,2023-09-29,CUST-0108,PROD-004,North,11,61.54,0.1,609.25
ORD-003105,2023-09-06,CUST-0055,PROD-007,East,4,184.59,0.0,738.36
ORD-003106,2023-09-19,CUST-0104,PROD-003,South,10,318.19,0.05,3022.8
ORD-003107,2024-05-03,CUST-0003,PROD-015,South,13,379.45,0.1,4439.56
ORD-003108,2023-01-03,CUST-0004,PROD-003,North,8,254.81,0.1,1834.63
ORD-003109,2023-05-07,CUST-0175,PROD-009,South,6,312.85,0.15,1595.54
ORD-003110,2023-01-18,CUST-0038,PROD-021,North,2,37.25,0.2,59.6
ORD-003111,2024-01-15,CUST-0075,PROD-007,South,5,85.78,0.1,386.01
ORD-003112,2023-02-26,CUST-0108,PROD-013,North,6,82.59,0.15,421.21
ORD-003113,2024-12-12,CUST-0005,PROD-003,South,8,279.82,0.1,2014.7
ORD-003114,2024-05-24,CUST-0031,PROD-018,West,6,227.46,0.15,1160.05
ORD-003115,2023-11-09,CUST-0065,PROD-009,North,12,420.79,0.1,4544.53
ORD-003116,2023-06-03,CUST-0164,PROD-024,West,2,35.97,0.2,57.55
ORD-003117,2024-01-17,CUST-0013,PROD-008,North,6,225.75,0.15,1151.32
ORD-003118,2024-03-17,CUST-0003,PROD-014,East,14,54.68,0.0,765.52
ORD-003119,2023-09-18,CUST-0134,PROD-012,South,5,251.11,0.15,1067.22
ORD-003120,2023-12-13,CUST-0001,PROD-009,South,10,170.25,0.05,1617.38
ORD-003121,2024-07-09,CUST-0004,PROD-008,North,10,220.95,0.1,1988.55
ORD-003122,2023-09-01,CUST-0140,PROD-004,North,2,279.11,0.0,558.22
ORD-003123,2023-08-21,CUST-0152,PROD-004,South,14,236.99,0.05,3151.97
ORD-003124,2023-08-24,CUST-0115,PROD-008,East,4,188.68,0.15,641.51
ORD-003125,2024-11-29,CUST-0004,PROD-023,South,2,16.94,0.2,27.1
ORD-003126,2023-02-12,CUST-0130,PROD-003,North,3,163.69,0.05,466.52
ORD-003127,2023-10-09,CUST-0142,PROD-016,South,12,372.86,0.1,4026.89
ORD-003128,2024-01-07,CUST-0003,PROD-011,South,1,238.1,0.1,214.29
ORD-003129,2023-02-15,CUST-0135,PROD-007,East,11,144.26,0.15,1348.83
ORD-003130,2023-04-10,CUST-0144,PROD-022,South,2,26.94,0.2,43.1
ORD-003131,2023-02-15,CUST-0002,PROD-012,North,14,118.13,0.0,1653.82
ORD-003132,2024-04-15,CUST-0193,PROD-013,West,6,312.91,0.05,1783.59
ORD-003133,2023-09-03,CUST-0132,PROD-013,South,11,237.08,0.15,2216.7
ORD-003134,2024-01-12,CUST-0124,PROD-003,West,14,289.96,0.0,4059.44
ORD-003135,2024-06-29,CUST-0182,PROD-014,East,3,364.47,0.1,984.07
ORD-003136,2023-12-06,CUST-0073,PROD-004,West,5,382.43,0.05,1816.54
ORD-003137,2023-05-25,CUST-0043,PROD-008,South,11,97.9,0.05,1023.06
ORD-003138,2023-01-14,CUST-0170,PROD-014,North,7,80.61,0.1,507.84
ORD-003139,2023-03-25,CUST-0178,PROD-014,South,13,487.85,0.05,6024.95
ORD-003140,2023-11-27,CUST-0005,PROD-019,South,2,113.28,0.1,203.9
ORD-003141,2024-09-15,CUST-0026,PROD-017,North,3,277.61,0.05,791.19
ORD-003142,2024-08-07,CUST-0126,PROD-009,South,14,74.13,0.0,1037.82
ORD-003143,2023-01-29,CUST-0004,PROD-017,South,11,265.78,0.0,2923.58
ORD-003144,2023-10-10,CUST-0155,PROD-004,North,2,231.74,0.15,393.96
ORD-003145,2023-09-11,CUST-0009,PROD-017,North,11,323.22,0.15,3022.11
ORD-003146,2024-08-17,CUST-0002,PROD-015,East,2,386.83,0.05,734.98
ORD-003147,2023-04-27,CUST-0187,PROD-019,North,5,112.4,0.05,533.9
ORD-003148,2024-09-26,CUST-0144,PROD-003,West,11,75.78,0.15,708.54
ORD-003149,2024-05-25,CUST-0005,PROD-007,North,10,120.06,0.05,1140.57
ORD-003150,2023-05-19,CUST-0003,PROD-006,North,9,318.39,0.05,2722.23
ORD-003151,2023-09-09,CUST-0004,PROD-018,North,5,129.42,0.98,614.74
ORD-003152,2023-08-22,CUST-0009,PROD-014,West,3,141.5,0.1,382.05
ORD-003153,2023-10-10,CUST-0146,PROD-017,North,9,412.3,0.1,3339.63
ORD-003154,2024-12-03,CUST-0076,PROD-010,North,5,312.66,0.1,1406.97
ORD-003155,2024-11-24,CUST-0032,PROD-001,South,12,78.21,0.05,891.59
ORD-003156,2024-12-22,CUST-0003,PROD-002,North,4,239.93,0.05,911.73
ORD-003157,2023-04-30,CUST-0139,PROD-019,West,11,178.64,0.0,1965.04
ORD-003158,2023-01-04,CUST-0002,PROD-002,West,1,245.21,0.15,208.43
ORD-003159,2023-08-08,CUST-0082,PROD-015,North,14,172.45,0.15,2052.15
ORD-003160,2024-04-08,CUST-0159,PROD-006,South,13,116.32,0.15,1285.34
ORD-003161,2024-01-23,CUST-0001,PROD-006,South,12,369.9,0.05,4216.86
ORD-003162,2024-03-20,CUST-0077,PROD-017,West,7,90.61,0.05,602.56
ORD-003163,2024-11-13,CUST-0009,PROD-010,North,1,359.05,0.15,305.19
ORD-003164,2023-02-05,CUST-0004,PROD-012,West,4,118.56,0.05,450.53
ORD-003165,2024-05-25,CUST-0085,PROD-005,South,5,85.61,0.0,428.05
ORD-003166,2023-07-29,CUST-0004,PROD-015,East,6,311.46,0.15,1588.45
ORD-003167,2024-05-07,CUST-0004,PROD-019,North,11,126.81,0.15,1185.67
ORD-003168,2024-01-31,CUST-0190,PROD-007,West,12,315.07,0.1,3402.76
ORD-003169,2023-06-04,CUST-0005,PROD-006,North,5,322.34,0.1,1450.53
ORD-003170,2024-09-05,CUST-0001,PROD-010,South,4,394.28,0.0,1577.12
ORD-003171,2023-01-12,CUST-0001,PROD-015,East,14,313.88,0.0,4394.32
ORD-003172,2023-08-17,CUST-0005,PROD-021,East,2,37.02,0.2,59.23
ORD-003173,2024-02-20,CUST-0001,PROD-006,South,7,481.72,0.1,3034.84
ORD-003174,2024-08-11,CUST-0003,PROD-007,South,3,251.61,0.0,754.83
ORD-003175,2024-12-17,CUST-0073,PROD-016,North,11,307.76,0.0,3385.36
ORD-003176,2024-02-16,CUST-0200,PROD-008,West,10,316.27,0.15,2688.29
ORD-003177,2023-06-28,CUST-0123,PROD-001,South,11,99.37,0.0,1093.07
ORD-003178,2023-04-26,CUST-0098,PROD-004,North,1,209.81,0.05,199.32
ORD-003179,2023-12-11,CUST-0122,PROD-006,North,10,111.63,0.05,1060.48
ORD-003180,2023-01-20,CUST-0060,PROD-019,North,12,268.79,0.0,3225.48
ORD-003181,2024-10-28,CUST-0175,PROD-005,North,6,297.1,0.1,1604.34
ORD-003182,2024-11-17,CUST-0024,PROD-015,South,5,377.69,0.0,1888.45
ORD-003183,2023-11-23,CUST-0088,PROD-010,East,6,303.31,0.0,1819.86
ORD-003184,2024-04-17,CUST-0143,PROD-018,North,6,59.99,0.1,323.95
ORD-003185,2023-06-10,CUST-0058,PROD-014,West,8,113.45,0.15,771.46
ORD-003186,2023-05-17,CUST-0003,PROD-012,East,13,126.24,0.05,1559.06
ORD-003187,2023-07-01,CUST-0154,PROD-018,East,13,331.19,0.15,3659.65
ORD-003188,2024-08-16,CUST-0022,PROD-008,North,12,423.38,0.1,4572.5
ORD-003189,2023-12-20,CUST-0084,PROD-008,West,3,270.0,0.0,810.0
ORD-003190,2024-11-04,CUST-0059,PROD-024,West,1,39.14,0.2,31.31
ORD-003191,2023-12-04,CUST-0078,PROD-007,East,4,247.23,0.0,988.92
ORD-003192,2023-05-06,CUST-0021,PROD-001,East,14,204.35,0.05,2717.86
ORD-003193,2023-10-21,CUST-0116,PROD-003,North,12,113.79,0.1,1228.93
ORD-003194,2023-08-02,CUST-0005,PROD-008,North,6,239.67,0.05,1366.12
ORD-003195,2023-04-14,CUST-0120,PROD-005,East,6,193.75,0.05,1104.38
ORD-003196,2023-06-12,CUST-0019,PROD-018,South,14,474.27,0.0,6639.78
ORD-003197,2024-03-19,CUST-0029,PROD-024,South,2,24.16,0.2,38.66
ORD-003198,2023-12-10,CUST-0063,PROD-007,North,7,372.33,0.1,2345.68
ORD-003199,2024-10-19,CUST-0004,PROD-016,East,5,72.98,0.0,364.9
ORD-003200,2023-12-26,CUST-0102,PROD-002,North,14,255.04,0.05,3392.03
ORD-003201,2023-06-04,CUST-0044,PROD-018,South,14,454.83,0.05,6049.24
ORD-003202,2023-09-04,CUST-0001,PROD-006,North,9,114.45,0.1,927.04
ORD-003203,2024-02-16,CUST-0075,PROD-025,East,1,38.17,0.2,30.54
ORD-003204,2023-10-08,CUST-0113,PROD-016,South,9,87.41,0.0,786.69
ORD-003205,2023-04-17,CUST-0142,PROD-006,North,7,126.69,0.0,886.83
ORD-003206,2023-03-24,CUST-0005,PROD-014,South,10,153.65,0.0,1536.5
ORD-003207,2024-12-23,CUST-0002,PROD-004,North,10,275.2,0.0,2752.0
ORD-003208,2024-07-15,CUST-0172,PROD-014,South,8,78.32,0.15,532.58
ORD-003209,2023-03-24,CUST-0010,PROD-014,South,9,416.96,0.05,3565.01
ORD-003210,2024-01-24,CUST-0143,PROD-006,South,9,207.88,0.1,1683.83
ORD-003211,2023-11-19,CUST-0111,PROD-013,North,6,164.05,0.15,836.66
ORD-003212,2024-11-10,CUST-0187,PROD-013,North,2,108.73,0.05,206.59
ORD-003213,2023-12-07,CUST-0104,PROD-015,West,1,343.31,0.15,291.81
ORD-003214,2024-04-05,CUST-0118,PROD-016,East,1,366.73,0.15,311.72
ORD-003215,2023-10-07,CUST-0152,PROD-015,East,14,389.09,0.0,5447.26
ORD-003216,2023-10-23,CUST-0002,PROD-011,West,4,204.6,0.1,736.56
ORD-003217,2024-01-23,CUST-0128,PROD-018,South,6,81.86,0.15,417.49
ORD-003218,2024-01-16,CUST-0010,PROD-007,West,12,291.76,0.05,3326.06
ORD-003219,2023-10-10,CUST-0172,PROD-006,North,13,183.36,0.15,2026.13
ORD-003220,2023-05-09,CUST-0161,PROD-003,East,1,131.57,0.15,111.83
ORD-003221,2024-03-29,CUST-0022,PROD-012,East,5,136.83,0.0,684.15
ORD-003222,2024-12-16,CUST-0003,PROD-003,South,8,449.17,0.05,3413.69
ORD-003223,2023-12-03,CUST-0037,PROD-014,North,1,131.86,0.0,131.86
ORD-003224,2023-01-30,CUST-0063,PROD-011,South,11,162.7,0.05,1700.21
ORD-003225,2023-11-27,CUST-0115,PROD-016,North,13,299.82,0.1,3507.89
ORD-003226,2024-01-06,CUST-0078,PROD-013,West,11,162.38,0.05,1696.87
ORD-003227,2023-07-09,CUST-0059,PROD-015,South,11,467.98,0.0,5147.78
ORD-003228,2024-09-15,CUST-0198,PROD-004,North,8,231.87,0.1,1669.46
ORD-003229,2024-02-01,CUST-0121,PROD-025,South,1,32.41,0.2,25.93
ORD-003230,2023-09-15,CUST-0136,PROD-006,East,2,98.81,0.15,167.98
ORD-003231,2023-09-23,CUST-0002,PROD-009,South,1,294.2,0.0,294.2
ORD-003232,2023-01-02,CUST-0069,PROD-016,South,10,480.87,0.05,4568.26
ORD-003233,2024-08-27,CUST-0152,PROD-003,East,10,87.2,0.1,784.8
ORD-003234,2023-10-12,CUST-0002,PROD-019,East,6,132.19,0.05,753.48
ORD-003235,2023-02-07,CUST-0005,PROD-014,South,8,440.87,0.15,2997.92
ORD-003236,2023-09-19,CUST-0131,PROD-015,South,5,67.76,0.1,304.92
ORD-003237,2023-09-16,CUST-0004,PROD-007,South,9,438.97,0.15,3358.12
ORD-003238,2024-12-07,CUST-0050,PROD-019,North,13,287.4,0.1,3362.58
ORD-003239,2024-02-20,CUST-0002,PROD-022,North,2,26.95,0.2,43.12
ORD-003240,2023-11-22,CUST-0089,PROD-006,North,14,146.04,0.1,1840.1
ORD-003241,2024-03-02,CUST-0184,PROD-005,West,12,266.21,0.15,2715.34
ORD-003242,2024-05-26,CUST-0002,PROD-010,South,10,458.43,0.15,3896.66
ORD-003243,2024-02-06,CUST-0167,PROD-002,South,5,375.55,0.0,1877.75
ORD-003244,2023-10-07,CUST-0030,PROD-007,South,7,456.69,0.15,2717.31
ORD-003245,2023-04-28,CUST-0172,PROD-010,North,3,405.83,0.1,1095.74
ORD-003246,2023-05-13,CUST-0005,PROD-016,West,13,181.84,0.0,2363.92
ORD-003247,2023-10-05,CUST-0053,PROD-016,North,4,229.73,0.1,827.03
ORD-003248,2024-03-01,CUST-0059,PROD-004,East,12,156.42,0.05,1783.19
ORD-003249,2023-01-08,CUST-0090,PROD-014,East,4,72.84,0.05,276.79
ORD-003250,2023-07-20,CUST-0117,PROD-006,East,14,214.94,0.0,3009.16
ORD-003251,2024-08-26,CUST-0172,PROD-013,East,3,125.23,0.15,319.34
ORD-003252,2024-02-22,CUST-0076,PROD-005,South,8,354.96,0.05,2697.7
ORD-003253,2023-05-24,CUST-0083,PROD-005,South,12,176.38,0.05,2010.73
ORD-003254,2023-07-10,CUST-0178,PROD-005,South,12,89.62,0.1,967.9
ORD-003255,2024-10-25,CUST-0170,PROD-010,North,2,132.75,0.0,265.5
ORD-003256,2024-05-22,CUST-0123,PROD-013,West,12,86.21,0.05,982.79
ORD-003257,2023-07-30,CUST-0194,PROD-011,South,5,88.31,0.0,441.55
ORD-003258,2023-11-26,CUST-0073,PROD-012,East,13,56.19,0.15,620.9
ORD-003259,2023-07-04,CUST-0168,PROD-003,South,9,279.75,0.1,2265.98
ORD-003260,2023-02-13,CUST-0004,PROD-008,West,13,344.48,0.15,3806.5
ORD-003261,2024-06-25,CUST-0105,PROD-019,South,6,454.41,0.05,2590.14
ORD-003262,2023-07-28,CUST-0062,PROD-023,South,2,20.59,0.2,32.94
ORD-003263,2023-08-22,CUST-0047,PROD-007,South,4,408.35,0.0,1633.4
ORD-003264,2023-01-07,CUST-0163,PROD-003,North,1,368.62,0.1,331.76
ORD-003265,2023-09-17,CUST-0035,PROD-009,South,14,454.22,0.1,5723.17
ORD-003266,2024-04-15,CUST-0076,PROD-017,East,13,77.71,0.05,959.72
ORD-003267,2023-12-25,CUST-0069,PROD-001,South,5,482.49,0.0,2412.45
ORD-003268,2024-07-03,CUST-0111,PROD-018,South,5,443.03,0.0,2215.15
ORD-003269,2023-05-11,CUST-0038,PROD-012,North,5,164.13,0.15,697.55
ORD-003270,2024-04-30,CUST-0142,PROD-011,South,6,176.25,0.0,1057.5
ORD-003271,2024-11-25,CUST-0170,PROD-004,South,8,141.55,0.1,1019.16
ORD-003272,2023-01-03,CUST-0002,PROD-025,South,1,28.36,0.2,22.69
ORD-003273,2024-01-21,CUST-0046,PROD-015,East,13,78.43,0.0,1019.59
ORD-003274,2024-05-02,CUST-0081,PROD-008,North,5,372.27,0.15,1582.15
ORD-003275,2023-05-15,CUST-0003,PROD-019,South,11,487.09,0.1,4822.19
ORD-003276,2024-03-30,CUST-0159,PROD-004,West,10,328.89,0.1,2960.01
ORD-003277,2023-12-06,CUST-0191,PROD-008,East,6,169.82,0.0,1018.92
ORD-003278,2023-09-18,CUST-0127,PROD-006,North,7,315.52,0.15,1877.34
ORD-003279,2024-12-26,CUST-0002,PROD-009,South,13,280.02,0.0,3640.26
ORD-003280,2023-07-26,CUST-0001,PROD-009,South,4,372.07,0.0,1488.28
ORD-003281,2024-06-13,CUST-0004,PROD-018,North,13,414.52,0.0,5388.76
ORD-003282,2023-08-23,CUST-0155,PROD-008,North,14,180.84,0.1,2278.58
ORD-003283,2023-12-15,CUST-0178,PROD-005,East,11,198.81,0.0,2186.91
ORD-003284,2024-08-10,CUST-0135,PROD-013,North,14,327.17,0.1,4122.34
ORD-003285,2024-05-04,CUST-0106,PROD-018,South,13,310.99,0.15,3436.44
ORD-003286,2023-03-04,CUST-0146,PROD-005,South,7,182.43,0.1,1149.31
ORD-003287,2023-09-16,CUST-0044,PROD-009,West,12,152.55,0.0,1830.6
ORD-003288,2023-09-16,CUST-0161,PROD-015,South,13,475.65,0.0,6183.45
ORD-003289,2023-08-15,CUST-0112,PROD-016,North,8,301.65,0.05,2292.54
ORD-003290,2024-06-24,CUST-0021,PROD-006,South,13,192.07,0.0,2496.91
ORD-003291,2023-07-26,CUST-0108,PROD-004,South,3,82.0,0.15,209.1
ORD-003292,2024-12-15,CUST-0106,PROD-010,East,12,282.53,0.15,2881.81
ORD-003293,2024-02-15,CUST-0005,PROD-019,East,13,113.95,0.1,1333.22
ORD-003294,2023-12-01,CUST-0176,PROD-003,East,2,176.33,0.0,352.66
ORD-003295,2023-05-16,CUST-0127,PROD-010,South,11,130.46,0.1,1291.55
ORD-003296,2023-11-18,CUST-0176,PROD-013,North,10,87.05,0.05,826.97
ORD-003297,2023-01-31,CUST-0001,PROD-013,East,14,204.24,0.1,2573.42
ORD-003298,2024-06-04,CUST-0199,PROD-017,North,11,288.63,0.15,2698.69
ORD-003299,2023-07-09,CUST-0127,PROD-005,South,1,373.91,0.05,355.21
ORD-003300,2023-02-24,CUST-0003,PROD-006,North,11,346.77,0.15,3242.3
ORD-003301,2023-06-11,CUST-0015,PROD-017,North,8,337.94,0.1,2433.17
ORD-003302,2024-08-05,CUST-0128,PROD-016,East,14,69.48,0.05,924.08
ORD-003303,2023-10-12,CUST-0141,PROD-014,West,5,186.68,0.05,886.73
ORD-003304,2023-07-12,CUST-0037,PROD-003,North,3,438.54,0.15,1118.28
ORD-003305,2023-05-23,CUST-0122,PROD-007,South,11,362.33,0.05,3786.35
ORD-003306,2024-04-11,CUST-0128,PROD-017,West,6,293.51,0.15,1496.9
ORD-003307,2023-10-24,CUST-0079,PROD-007,South,2,128.1,0.05,243.39
ORD-003308,2024-08-19,CUST-0020,PROD-018,North,8,402.24,0.15,2735.23
ORD-003309,2024-12-23,CUST-0118,PROD-008,North,9,70.37,0.15,538.33
ORD-003310,2023-07-15,CUST-0130,PROD-005,West,5,314.9,0.0,1574.5
ORD-003311,2024-11-21,CUST-0004,PROD-018,West,1,359.07,0.1,323.16
ORD-003312,2024-12-10,CUST-0048,PROD-004,South,12,381.77,0.05,4352.18
ORD-003313,2023-10-23,CUST-0194,PROD-009,North,11,437.29,0.0,4810.19
ORD-003314,2023-05-11,CUST-0153,PROD-010,North,10,233.67,0.0,2336.7
ORD-003315,2024-07-10,CUST-0002,PROD-002,East,4,286.27,0.05,1087.83
ORD-003316,2024-08-10,CUST-0117,PROD-013,South,4,209.93,0.15,713.76
ORD-003317,2023-06-06,CUST-0193,PROD-017,West,11,208.29,0.15,1947.51
ORD-003318,2024-04-06,CUST-0175,PROD-017,South,12,163.23,0.15,1664.95
ORD-003319,2024-05-03,CUST-0063,PROD-017,North,5,173.99,0.1,782.96
ORD-003320,2024-06-29,CUST-0007,PROD-007,North,8,288.9,0.15,1964.52
ORD-003321,2023-06-09,CUST-0090,PROD-007,North,2,363.56,0.15,618.05
ORD-003322,2023-07-28,CUST-0001,PROD-011,South,11,245.08,0.1,2426.29
ORD-003323,2024-03-18,CUST-0004,PROD-003,North,13,300.26,0.15,3317.87
ORD-003324,2024-03-04,CUST-0187,PROD-011,North,13,237.58,0.15,2625.26
ORD-003325,2023-07-09,CUST-0006,PROD-007,West,2,364.57,0.05,692.68
ORD-003326,2024-01-05,CUST-0027,PROD-019,South,4,176.23,0.05,669.67
ORD-003327,2023-02-24,CUST-0198,PROD-006,South,1,357.18,0.0,357.18
ORD-003328,2023-09-26,CUST-0049,PROD-002,East,8,81.24,0.1,584.93
ORD-003329,2023-03-21,CUST-0001,PROD-014,South,4,510.76,0.05,1940.89
ORD-003330,2023-03-28,CUST-0029,PROD-021,North,1,28.69,0.2,22.95
ORD-003331,2023-05-14,CUST-0185,PROD-019,North,11,395.14,0.0,4346.54
ORD-003332,2023-01-21,CUST-0129,PROD-024,South,2,38.74,0.2,61.98
ORD-003333,2024-10-24,CUST-0111,PROD-009,South,1,104.13,0.1,93.72
ORD-003334,2023-07-08,CUST-0085,PROD-018,South,11,192.03,0.15,1795.48
ORD-003335,2023-12-05,CUST-0066,PROD-012,East,2,334.63,0.0,669.26
ORD-003336,2023-04-17,CUST-0097,PROD-012,East,11,83.96,0.15,785.03
ORD-003337,2023-11-21,CUST-0052,PROD-007,North,14,185.43,0.1,2336.42
ORD-003338,2023-04-13,CUST-0152,PROD-019,South,4,76.73,0.0,306.92
ORD-003339,2023-04-30,CUST-0114,PROD-007,East,3,228.07,0.0,684.21
ORD-003340,2024-05-04,CUST-0134,PROD-015,West,8,163.27,0.0,1306.16
ORD-003341,2024-03-29,CUST-0141,PROD-001,North,9,234.75,0.15,1795.84
ORD-003342,2024-08-03,CUST-0071,PROD-016,East,8,137.07,0.1,986.9
ORD-003343,2023-02-05,CUST-0155,PROD-014,East,2,150.61,0.1,271.1
ORD-003344,2023-04-21,CUST-0091,PROD-022,South,2,17.26,0.2,27.62
ORD-003345,2024-01-24,CUST-0075,PROD-019,West,11,237.73,0.1,2353.53
ORD-003346,2024-12-04,CUST-0021,PROD-013,South,3,243.23,0.15,620.24
ORD-003347,2023-04-20,CUST-0003,PROD-010,West,3,200.14,0.1,540.38
ORD-003348,2024-10-14,CUST-0126,PROD-012,South,9,455.77,0.15,3486.64
ORD-003349,2023-06-03,CUST-0193,PROD-013,West,3,113.48,0.0,340.44
ORD-003350,2024-08-04,CUST-0161,PROD-003,North,4,189.17,0.15,643.18
ORD-003351,2024-04-21,CUST-0154,PROD-001,South,3,223.75,0.15,570.56
ORD-003352,2023-06-06,CUST-0108,PROD-012,South,6,472.28,0.05,2692.0
ORD-003353,2023-07-01,CUST-0111,PROD-008,South,6,500.63,0.05,2853.59
ORD-003354,2023-05-20,CUST-0159,PROD-013,East,6,347.42,0.1,1876.07
ORD-003355,2024-10-27,CUST-0145,PROD-002,North,4,300.12,0.1,1080.43
ORD-003356,2024-07-08,CUST-0149,PROD-001,South,7,328.67,0.0,2300.69
ORD-003357,2023-01-12,CUST-0002,PROD-007,East,1,224.22,0.1,201.8
ORD-003358,2024-09-23,CUST-0118,PROD-015,South,5,386.54,0.05,1836.06
ORD-003359,2024-08-10,CUST-0104,PROD-007,North,5,396.06,0.1,1782.27
ORD-003360,2023-12-13,CUST-0002,PROD-003,East,13,101.71,0.15,1123.9
ORD-003361,2024-11-05,CUST-0003,PROD-002,West,7,273.11,0.1,1720.59
ORD-003362,2024-07-12,CUST-0113,PROD-004,West,11,375.1,0.05,3919.8
ORD-003363,2023-01-07,CUST-0081,PROD-019,North,2,270.74,0.1,487.33
ORD-003364,2024-01-26,CUST-0004,PROD-018,West,8,58.12,0.0,464.96
ORD-003365,2023-07-05,CUST-0174,PROD-010,South,10,243.94,0.05,2317.43
ORD-003366,2023-04-12,CUST-0186,PROD-019,North,13,55.08,0.0,716.04
ORD-003367,2023-02-18,CUST-0193,PROD-014,North,4,391.15,0.15,1329.91
ORD-003368,2023-06-18,CUST-0073,PROD-010,North,2,351.22,0.05,667.32
ORD-003369,2023-03-05,CUST-0166,PROD-014,West,8,73.93,0.15,502.72
ORD-003370,2024-06-17,CUST-0121,PROD-015,North,1,434.93,0.1,391.44
ORD-003371,2023-11-08,CUST-0018,PROD-007,South,14,460.45,0.0,6446.3
ORD-003372,2023-07-30,CUST-0174,PROD-019,West,5,61.13,0.0,305.65
ORD-003373,2024-08-23,CUST-0152,PROD-005,East,12,181.99,0.05,2074.69
ORD-003374,2024-04-02,CUST-0067,PROD-021,West,1,21.61,0.2,17.29
ORD-003375,2023-12-09,CUST-0088,PROD-007,South,2,98.7,0.05,187.53
ORD-003376,2023-11-06,CUST-0026,PROD-012,North,6,73.8,0.0,442.8
ORD-003377,2024-06-15,CUST-0002,PROD-019,North,6,386.59,0.1,2087.59
ORD-003378,2023-11-14,CUST-0086,PROD-016,West,3,213.09,0.1,575.34
ORD-003379,2023-11-29,CUST-0147,PROD-015,East,12,271.45,0.15,2768.79
ORD-003380,2023-09-08,CUST-0087,PROD-025,North,2,25.4,0.2,40.64
ORD-003381,2023-09-10,CUST-0124,PROD-019,South,11,255.92,0.05,2674.36
ORD-003382,2024-03-02,CUST-0005,PROD-005,North,11,415.48,0.15,3884.74
ORD-003383,2024-03-05,CUST-0002,PROD-011,South,4,404.92,0.0,1619.68
ORD-003384,2024-06-19,CUST-0022,PROD-006,East,3,196.6,0.15,501.33
ORD-003385,2024-07-10,CUST-0153,PROD-015,West,13,204.77,0.05,2528.91
ORD-003386,2023-05-29,CUST-0095,PROD-008,North,7,309.29,0.15,1840.28
ORD-003387,2023-02-15,CUST-0010,PROD-015,South,8,511.27,0.05,3885.65
ORD-003388,2024-01-10,CUST-0183,PROD-012,West,10,81.71,0.0,817.1
ORD-003389,2023-07-24,CUST-0004,PROD-010,South,9,343.51,0.05,2937.01
ORD-003390,2023-02-07,CUST-0138,PROD-008,East,1,139.37,0.05,132.4
ORD-003391,2023-10-11,CUST-0001,PROD-018,South,3,352.81,0.15,899.67
ORD-003392,2024-09-18,CUST-0175,PROD-025,South,2,23.24,0.2,37.18
ORD-003393,2024-08-09,CUST-0123,PROD-001,East,7,98.74,0.1,622.06
ORD-003394,2024-04-21,CUST-0008,PROD-003,North,10,340.13,0.15,2891.1
ORD-003395,2024-10-09,CUST-0046,PROD-011,North,13,413.42,0.05,5105.74
ORD-003396,2024-06-23,CUST-0154,PROD-011,South,9,453.26,0.05,3875.37
ORD-003397,2024-10-13,CUST-0001,PROD-015,East,11,244.45,0.05,2554.5
ORD-003398,2024-01-19,CUST-0155,PROD-009,West,5,189.53,0.05,900.27
ORD-003399,2023-03-27,CUST-0056,PROD-007,North,8,106.29,0.05,807.8
ORD-003400,2024-05-19,CUST-0002,PROD-007,East,3,361.63,0.1,976.4
ORD-003401,2023-02-24,CUST-0004,PROD-005,South,7,435.11,0.05,2893.48
ORD-003402,2023-09-19,CUST-0161,PROD-012,North,1,279.28,0.0,279.28
ORD-003403,2024-03-27,CUST-0196,PROD-009,East,12,162.78,0.0,1953.36
ORD-003404,2024-01-01,CUST-0093,PROD-014,North,3,282.29,0.1,762.18
ORD-003405,2024-07-08,CUST-0093,PROD-007,West,5,82.97,0.05,394.11
ORD-003406,2024-01-28,CUST-0095,PROD-011,West,14,117.41,0.0,1643.74
ORD-003407,2024-10-14,CUST-0004,PROD-010,East,8,291.59,0.0,2332.72
ORD-003408,2024-11-05,CUST-0005,PROD-019,South,9,72.47,0.15,554.4
ORD-003409,2023-05-16,CUST-0038,PROD-019,South,14,214.07,0.15,2547.43
ORD-003410,2024-02-15,CUST-0150,PROD-015,East,7,336.0,0.1,2116.8
ORD-003411,2023-07-19,CUST-0005,PROD-011,North,9,332.6,0.1,2694.06
ORD-003412,2024-06-18,CUST-0078,PROD-012,South,10,178.22,0.15,1514.87
ORD-003413,2024-08-15,CUST-0108,PROD-007,West,1,337.79,0.15,287.12
ORD-003414,2023-03-19,CUST-0129,PROD-018,West,2,175.06,0.15,297.6
ORD-003415,2024-08-10,CUST-0170,PROD-012,East,8,302.24,0.05,2297.02
ORD-003416,2024-04-27,CUST-0175,PROD-007,South,14,324.62,0.1,4090.21
ORD-003417,2024-09-10,CUST-0047,PROD-023,West,2,16.88,0.2,27.01
ORD-003418,2024-09-13,CUST-0008,PROD-015,South,7,251.86,0.1,1586.72
ORD-003419,2023-05-23,CUST-0002,PROD-024,North,1,39.22,0.2,31.38
ORD-003420,2024-04-23,CUST-0087,PROD-008,South,2,243.05,0.15,413.18
ORD-003421,2024-07-14,CUST-0106,PROD-008,West,6,340.28,0.1,1837.51
ORD-003422,2024-01-29,CUST-0007,PROD-017,South,3,283.74,0.0,851.22
ORD-003423,2023-10-19,CUST-0037,PROD-004,East,6,187.25,0.0,1123.5
ORD-003424,2024-04-30,CUST-0002,PROD-009,East,4,320.97,0.1,1155.49
ORD-003425,2023-01-01,CUST-0154,PROD-001,South,9,102.25,0.1,828.22
ORD-003426,2024-06-12,CUST-0005,PROD-014,North,11,68.61,0.05,716.97
ORD-003427,2023-07-31,CUST-0018,PROD-012,North,9,167.36,0.15,1280.3
ORD-003428,2023-10-21,CUST-0119,PROD-007,South,8,270.89,0.0,2167.12
ORD-003429,2023-07-08,CUST-0071,PROD-018,East,9,395.11,0.0,3555.99
ORD-003430,2023-10-26,CUST-0001,PROD-017,South,10,250.97,0.15,2133.24
ORD-003431,2024-08-10,CUST-0081,PROD-011,North,14,74.98,0.15,892.26
ORD-003432,2024-06-17,CUST-0060,PROD-003,North,1,101.36,0.0,101.36
ORD-003433,2024-02-08,CUST-0004,PROD-011,West,13,184.95,0.0,2404.35
ORD-003434,2024-08-26,CUST-0001,PROD-011,East,7,96.94,0.15,576.79
ORD-003435,2023-11-24,CUST-0002,PROD-011,South,9,510.55,0.0,4594.95
ORD-003436,2023-03-23,CUST-0144,PROD-011,East,5,307.76,0.1,1384.92
ORD-003437,2023-05-10,CUST-0002,PROD-024,West,1,33.5,0.2,26.8
ORD-003438,2024-05-05,CUST-0011,PROD-014,South,3,266.63,0.15,679.91
ORD-003439,2023-01-29,CUST-0005,PROD-007,South,13,245.83,0.0,3195.79
ORD-003440,2023-01-20,CUST-0005,PROD-002,West,6,327.73,0.15,1671.42
ORD-003441,2023-10-21,CUST-0055,PROD-008,South,8,435.82,0.1,3137.9
ORD-003442,2023-06-21,CUST-0055,PROD-001,North,11,92.78,0.0,1020.58
ORD-003443,2023-07-01,CUST-0001,PROD-025,West,1,20.47,0.2,16.38
ORD-003444,2024-05-04,CUST-0139,PROD-018,North,11,300.67,0.05,3142.0
ORD-003445,2024-08-27,CUST-0189,PROD-006,South,11,178.85,0.05,1868.98
ORD-003446,2024-04-01,CUST-0148,PROD-017,South,2,115.48,0.0,230.96
ORD-003447,2024-12-13,CUST-0150,PROD-004,South,8,215.31,0.05,1636.36
ORD-003448,2023-10-24,CUST-0052,PROD-002,West,1,166.3,0.1,149.67
ORD-003449,2024-11-04,CUST-0082,PROD-010,North,5,149.16,0.05,708.51
ORD-003450,2024-07-09,CUST-0002,PROD-014,North,14,380.45,0.0,5326.3
ORD-003451,2023-02-25,CUST-0160,PROD-016,North,6,334.48,0.1,1806.19
ORD-003452,2023-10-11,CUST-0168,PROD-013,East,14,235.62,0.0,3298.68
ORD-003453,2024-04-18,CUST-0066,PROD-013,West,4,284.32,0.15,966.69
ORD-003454,2023-10-06,CUST-0178,PROD-006,East,6,59.56,0.0,357.36
ORD-003455,2023-07-20,CUST-0001,PROD-003,North,1,404.0,0.0,404.0
ORD-003456,2024-09-16,CUST-0010,PROD-010,South,3,292.04,0.15,744.7
ORD-003457,2024-11-05,CUST-0009,PROD-015,South,2,398.78,0.1,717.8
ORD-003458,2024-02-24,CUST-0061,PROD-018,West,13,341.0,0.05,4211.35
ORD-003459,2023-06-27,CUST-0107,PROD-024,South,2,30.96,0.2,49.54
ORD-003460,2024-10-04,CUST-0137,PROD-009,East,1,355.45,0.05,337.68
ORD-003461,2023-08-26,CUST-0101,PROD-004,West,14,60.9,0.15,724.71
ORD-003462,2023-01-27,CUST-0188,PROD-017,West,5,180.35,0.05,856.66
ORD-003463,2023-11-30,CUST-0004,PROD-016,East,2,153.7,0.15,261.29
ORD-003464,2024-04-28,CUST-0156,PROD-011,North,7,338.71,0.1,2133.87
ORD-003465,2023-11-13,CUST-0122,PROD-019,South,3,228.68,0.05,651.74
ORD-003466,2023-10-04,CUST-0152,PROD-005,South,4,101.89,0.15,346.43
ORD-003467,2024-03-31,CUST-0005,PROD-014,East,11,286.22,0.15,2676.16
ORD-003468,2024-06-05,CUST-0032,PROD-006,South,4,444.14,0.1,1598.9
ORD-003469,2023-07-08,CUST-0096,PROD-007,South,8,69.33,0.1,499.18
ORD-003470,2023-06-09,CUST-0033,PROD-012,South,11,364.8,0.15,3410.88
ORD-003471,2024-07-03,CUST-0004,PROD-008,East,13,338.88,0.1,3964.9
ORD-003472,2024-08-24,CUST-0075,PROD-015,South,10,84.53,0.1,760.77
ORD-003473,2024-05-09,CUST-0182,PROD-015,South,13,314.24,0.15,3472.35
ORD-003474,2023-04-22,CUST-0037,PROD-004,North,2,303.43,0.15,515.83
ORD-003475,2023-11-09,CUST-0146,PROD-015,North,7,427.34,0.15,2542.67
ORD-003476,2024-10-09,CUST-0017,PROD-004,South,10,364.73,0.0,3647.3
ORD-003477,2024-04-26,CUST-0005,PROD-021,North,1,25.85,0.2,20.68
ORD-003478,2023-11-13,CUST-0150,PROD-018,South,7,76.69,0.05,509.99
ORD-003479,2024-06-28,CUST-0004,PROD-002,East,2,196.45,0.1,353.61
ORD-003480,2024-10-04,CUST-0047,PROD-019,West,3,261.56,0.0,784.68
ORD-003481,2024-07-05,CUST-0153,PROD-019,South,9,495.7,0.0,4461.3
ORD-003482,2023-10-19,CUST-0007,PROD-004,South,8,338.88,0.15,2304.38
ORD-003483,2024-11-04,CUST-0050,PROD-011,South,10,398.36,0.0,3983.6
ORD-003484,2024-03-27,CUST-0187,PROD-003,North,3,225.34,0.15,574.62
ORD-003485,2023-12-31,CUST-0105,PROD-008,East,7,244.49,0.05,1625.86
ORD-003486,2023-06-26,CUST-0043,PROD-007,North,12,428.75,0.15,4373.25
ORD-003487,2023-11-25,CUST-0183,PROD-018,West,5,178.45,0.1,803.02
ORD-003488,2024-11-26,CUST-0101,PROD-001,North,4,116.05,0.05,440.99
ORD-003489,2023-12-26,CUST-0163,PROD-013,South,2,83.38,0.15,141.75
ORD-003490,2024-07-30,CUST-0062,PROD-018,South,10,384.87,0.15,3271.4
ORD-003491,2023-01-17,CUST-0110,PROD-002,North,5,235.23,0.0,1176.15
ORD-003492,2024-07-24,CUST-0172,PROD-025,East,1,39.38,0.2,31.5
ORD-003493,2023-08-16,CUST-0192,PROD-007,North,14,233.53,0.1,2942.48
ORD-003494,2024-08-11,CUST-0038,PROD-015,South,10,192.58,0.0,1925.8
ORD-003495,2024-03-05,CUST-0004,PROD-008,South,7,79.11,0.1,498.39
ORD-003496,2023-05-12,CUST-0076,PROD-001,West,11,187.43,0.1,1855.56
ORD-003497,2023-08-04,CUST-0175,PROD-011,West,13,370.51,0.1,4334.97
ORD-003498,2023-02-03,CUST-0199,PROD-021,East,2,22.46,0.2,35.94
ORD-003499,2023-11-01,CUST-0002,PROD-019,North,6,180.62,0.0,1083.72
ORD-003500,2023-12-27,CUST-0025,PROD-024,East,1,34.28,0.2,27.42
ORD-003501,2023-06-10,CUST-0130,PROD-013,North,13,15000.0,0.05,150000.0
ORD-003502,2023-02-05,CUST-0142,PROD-005,North,4,105.21,0.0,420.84
ORD-003503,2023-11-07,CUST-0066,PROD-017,South,4,270.51,0.15,919.73
ORD-003504,2023-07-10,CUST-0054,PROD-001,North,7,86.3,0.0,604.1
ORD-003505,2023-04-06,CUST-0145,PROD-002,North,4,220.91,0.0,883.64
ORD-003506,2024-03-10,CUST-0076,PROD-003,North,3,236.39,0.0,709.17
ORD-003507,2024-02-20,CUST-0115,PROD-009,North,14,209.65,0.05,2788.34
ORD-003508,2024-08-21,CUST-0012,PROD-015,South,5,95.8,0.1,431.1
ORD-003509,2023-05-13,CUST-0112,PROD-002,South,3,385.14,0.15,982.11
ORD-003510,2023-03-04,CUST-0136,PROD-004,East,7,313.76,0.0,2196.32
ORD-003511,2023-07-02,CUST-0178,PROD-014,South,12,85.43,0.1,922.64
ORD-003512,2023-08-27,CUST-0183,PROD-004,West,7,333.84,0.05,2220.04
ORD-003513,2024-08-18,CUST-0001,PROD-003,South,4,307.44,0.15,1045.3
ORD-003514,2023-08-29,CUST-0020,PROD-019,South,5,333.01,0.15,1415.29
ORD-003515,2023-06-02,CUST-0063,PROD-005,North,13,188.4,0.1,2204.28
ORD-003516,2024-03-15,CUST-0149,PROD-018,North,13,303.94,0.0,3951.22
ORD-003517,2024-04-27,CUST-0003,PROD-005,South,2,172.38,0.1,310.28
ORD-003518,2023-08-28,CUST-0035,PROD-016,North,5,405.73,0.05,1927.22
ORD-003519,2023-08-27,CUST-0003,PROD-014,South,10,375.87,0.0,3758.7
ORD-003520,2023-03-07,CUST-0016,PROD-016,East,12,386.35,0.05,4404.39
ORD-003521,2024-03-12,CUST-0011,PROD-001,West,1,219.13,0.15,186.26
ORD-003522,2024-12-30,CUST-0029,PROD-011,North,8,127.47,0.0,1019.76
ORD-003523,2023-12-23,CUST-0003,PROD-007,North,13,137.17,0.0,1783.21
ORD-003524,2024-05-06,CUST-0173,PROD-015,West,6,62.51,0.0,375.06
ORD-003525,2024-03-15,CUST-0092,PROD-001,South,5,430.16,0.0,2150.8
ORD-003526,2023-11-01,CUST-0185,PROD-023,North,2,25.96,0.2,41.54
ORD-003527,2023-04-11,CUST-0190,PROD-002,North,10,341.68,0.05,3245.96
ORD-003528,2023-11-20,CUST-0115,PROD-018,North,11,66.12,0.15,618.22
ORD-003529,2023-01-17,CUST-0003,PROD-003,West,5,69.75,0.0,348.75
ORD-003530,2024-02-15,CUST-0096,PROD-014,South,11,420.73,0.1,4165.23
ORD-003531,2023-02-23,CUST-0166,PROD-014,South,12,444.49,0.1,4800.49
ORD-003532,2023-06-09,CUST-0020,PROD-010,South,8,295.53,0.05,2246.03
ORD-003533,2023-12-31,CUST-0008,PROD-019,East,1,284.29,0.1,255.86
ORD-003534,2023-04-09,CUST-0158,PROD-016,East,9,288.77,0.0,2598.93
ORD-003535,2023-09-01,CUST-0004,PROD-006,East,14,377.5,0.15,4492.25
ORD-003536,2023-07-30,CUST-0145,PROD-013,North,9,411.63,0.0,3704.67
ORD-003537,2024-04-09,CUST-0004,PROD-017,South,10,272.19,0.1,2449.71
ORD-003538,2024-05-01,CUST-0001,PROD-024,South,2,15.65,0.2,25.04
ORD-003539,2023-05-10,CUST-0049,PROD-014,South,13,507.41,0.05,6266.51
ORD-003540,2023-03-29,CUST-0051,PROD-012,East,11,294.01,0.0,3234.11
ORD-003541,2024-01-18,CUST-0176,PROD-006,North,13,130.73,0.15,1444.57
ORD-003542,2024-07-04,CUST-0045,PROD-001,East,7,399.45,0.0,2796.15
ORD-003543,2024-04-06,CUST-0002,PROD-012,North,3,228.76,0.0,686.28
ORD-003544,2023-08-25,CUST-0123,PROD-015,East,6,261.36,0.05,1489.75
ORD-003545,2023-04-05,CUST-0093,PROD-010,North,7,248.73,0.05,1654.05
ORD-003546,2023-06-19,CUST-0105,PROD-012,South,14,97.2,0.0,1360.8
ORD-003547,2023-10-29,CUST-0173,PROD-016,North,6,435.87,0.05,2484.46
ORD-003548,2024-12-05,CUST-0137,PROD-011,South,2,71.12,0.1,128.02
ORD-003549,2024-01-08,CUST-0103,PROD-024,East,2,15.64,0.2,25.02
ORD-003550,2023-04-08,CUST-0114,PROD-005,South,8,394.56,0.05,2998.66
ORD-003551,2024-10-18,CUST-0199,PROD-001,South,13,366.18,0.15,4046.29
ORD-003552,2023-01-24,CUST-0005,PROD-009,East,14,64.15,0.1,808.29
ORD-003553,2023-12-14,CUST-0002,PROD-009,South,7,230.72,0.05,1534.29
ORD-003554,2023-04-08,CUST-0007,PROD-021,South,1,28.88,0.2,23.1
ORD-003555,2023-12-04,CUST-0142,PROD-009,North,3,207.28,0.0,621.84
ORD-003556,2023-12-26,CUST-0002,PROD-009,West,3,243.86,0.1,658.42
ORD-003557,2023-08-12,CUST-0003,PROD-005,North,1,434.97,0.05,413.22
ORD-003558,2023-03-21,CUST-0118,PROD-004,North,12,405.29,0.0,4863.48
ORD-003559,2023-12-02,CUST-0177,PROD-011,South,13,75.71,0.0,984.23
ORD-003560,2023-06-04,CUST-0002,PROD-002,North,4,109.72,0.0,438.88
ORD-003561,2024-07-04,CUST-0004,PROD-003,West,1,133.63,0.0,133.63
ORD-003562,2023-02-21,CUST-0158,PROD-017,North,10,72.24,0.15,614.04
ORD-003563,2023-01-31,CUST-0134,PROD-016,North,5,409.69,0.15,1741.18
ORD-003564,2024-03-17,CUST-0187,PROD-015,East,11,297.73,0.15,2783.78
ORD-003565,2024-11-26,CUST-0065,PROD-021,North,1,36.52,0.2,29.22
ORD-003566,2024-03-31,CUST-0168,PROD-006,West,9,164.35,0.05,1405.19
ORD-003567,2023-07-26,CUST-0004,PROD-021,North,1,18.02,0.2,14.42
ORD-003568,2023-11-04,CUST-0001,PROD-003,South,10,357.52,0.0,3575.2
ORD-003569,2024-05-17,CUST-0160,PROD-004,North,1,164.4,0.1,147.96
ORD-003570,2024-11-18,CUST-0170,PROD-011,South,5,405.99,0.0,2029.95
ORD-003571,2024-10-24,CUST-0098,PROD-019,North,12,148.95,0.0,1787.4
ORD-003572,2023-07-06,CUST-0120,PROD-013,South,8,190.25,0.0,1522.0
ORD-003573,2024-07-25,CUST-0189,PROD-005,South,5,311.3,0.1,1400.85
ORD-003574,2023-03-26,CUST-0192,PROD-013,South,4,106.25,0.1,382.5
ORD-003575,2024-08-02,CUST-0198,PROD-025,North,2,36.17,0.2,57.87
ORD-003576,2024-07-19,CUST-0074,PROD-014,North,8,322.52,0.05,2451.15
ORD-003577,2023-05-01,CUST-0053,PROD-025,East,2,22.97,0.2,36.75
ORD-003578,2024-08-25,CUST-0002,PROD-011,North,1,136.77,0.1,123.09
ORD-003579,2023-08-21,CUST-0140,PROD-019,South,1,115.86,0.15,98.48
ORD-003580,2024-03-18,CUST-0034,PROD-007,South,8,67.43,0.1,485.5
ORD-003581,2024-12-12,CUST-0157,PROD-005,South,3,83.65,0.05,238.4
ORD-003582,2023-10-30,CUST-0005,PROD-019,South,1,135.75,0.0,135.75
ORD-003583,2024-01-12,CUST-0005,PROD-012,West,14,244.99,0.15,2915.38
ORD-003584,2023-09-11,CUST-0068,PROD-018,West,7,165.05,0.0,1155.35
ORD-003585,2024-11-18,CUST-0030,PROD-016,North,13,285.49,0.15,3154.66
ORD-003586,2023-09-05,CUST-0001,PROD-002,West,2,255.62,0.15,434.55
ORD-003587,2023-10-24,CUST-0001,PROD-014,West,13,257.56,0.05,3180.87
ORD-003588,2023-12-23,CUST-0001,PROD-001,North,12,193.52,0.1,2090.02
ORD-003589,2023-02-16,CUST-0102,PROD-011,East,7,301.88,0.15,1796.19
ORD-003590,2023-06-07,CUST-0115,PROD-006,North,6,328.31,0.0,1969.86
ORD-003591,2024-03-23,CUST-0040,PROD-010,South,6,396.99,0.1,2143.75
ORD-003592,2024-01-03,CUST-0023,PROD-015,North,8,201.73,0.0,1613.84
ORD-003593,2024-11-25,CUST-0112,PROD-013,East,8,375.53,0.0,3004.24
ORD-003594,2024-12-13,CUST-0040,PROD-021,South,2,24.61,0.2,39.38
ORD-003595,2024-01-07,CUST-0154,PROD-012,West,9,282.41,0.0,2541.69
ORD-003596,2023-08-11,CUST-0112,PROD-009,North,3,424.94,0.05,1211.08
ORD-003597,2023-11-21,CUST-0099,PROD-003,North,6,176.19,0.15,898.57
ORD-003598,2024-05-22,CUST-0067,PROD-016,South,10,473.32,0.0,4733.2
ORD-003599,2023-08-09,CUST-0003,PROD-015,South,2,289.76,0.05,550.54
ORD-003600,2024-04-17,CUST-0049,PROD-003,South,8,207.89,0.15,1413.65
ORD-003601,2023-07-21,CUST-0004,PROD-010,South,11,398.89,0.15,3729.62
ORD-003602,2023-07-20,CUST-0076,PROD-007,West,4,111.55,0.15,379.27
ORD-003603,2023-03-27,CUST-0183,PROD-001,South,8,95.62,0.0,764.96
ORD-003604,2023-02-22,CUST-0003,PROD-007,North,12,181.5,0.05,2069.1
ORD-003605,2024-11-13,CUST-0111,PROD-012,North,3,294.4,0.0,883.2
ORD-003606,2024-04-14,CUST-0185,PROD-010,South,8,390.72,0.15,2656.9
ORD-003607,2023-09-08,CUST-0098,PROD-003,North,7,215.95,0.1,1360.48
ORD-003608,2023-07-31,CUST-0085,PROD-001,South,4,224.45,0.05,852.91
ORD-003609,2023-06-28,CUST-0169,PROD-012,South,12,84.32,0.1,910.66
ORD-003610,2024-11-12,CUST-0001,PROD-002,North,10,370.34,0.0,3703.4
ORD-003611,2023-07-02,CUST-0062,PROD-010,South,6,359.2,0.05,2047.44
ORD-003612,2024-01-08,CUST-0110,PROD-006,West,6,59.62,0.1,321.95
ORD-003613,2023-05-20,CUST-0046,PROD-002,West,14,185.58,0.1,2338.31
ORD-003614,2023-07-24,CUST-0003,PROD-003,South,2,438.53,0.05,833.21
ORD-003615,2023-06-16,CUST-0032,PROD-002,East,10,367.51,0.1,3307.59
ORD-003616,2023-11-16,CUST-0175,PROD-013,South,7,443.0,0.15,2635.85
ORD-003617,2024-06-12,CUST-0004,PROD-009,North,4,150.02,0.05,570.08
ORD-003618,2023-08-30,CUST-0070,PROD-015,South,9,147.54,0.0,1327.86
ORD-003619,2023-06-12,CUST-0012,PROD-014,East,7,171.94,0.15,1023.04
ORD-003620,2024-03-30,CUST-0025,PROD-013,North,13,282.3,0.0,3669.9
ORD-003621,2024-02-25,CUST-0166,PROD-003,South,7,262.85,0.0,1839.95
ORD-003622,2024-06-18,CUST-0096,PROD-008,South,14,155.14,0.15,1846.17
ORD-003623,2023-01-21,CUST-0018,PROD-010,North,2,88.64,0.1,159.55
ORD-003624,2023-07-13,CUST-0140,PROD-001,South,8,186.95,0.05,1420.82
ORD-003625,2023-12-12,CUST-0057,PROD-019,East,13,320.5,0.05,3958.18
ORD-003626,2023-02-10,CUST-0130,PROD-001,North,3,226.8,0.1,612.36
ORD-003627,2024-04-02,CUST-0017,PROD-021,East,1,17.32,0.2,13.86
ORD-003628,2023-06-27,CUST-0003,PROD-015,North,11,99.36,0.05,1038.31
ORD-003629,2024-05-13,CUST-0043,PROD-018,South,4,105.01,0.0,420.04
ORD-003630,2024-05-19,CUST-0003,PROD-014,South,14,282.2,0.0,3950.8
ORD-003631,2024-03-18,CUST-0107,PROD-012,South,5,441.07,0.15,1874.55
ORD-003632,2023-05-01,CUST-0029,PROD-006,East,9,164.51,0.15,1258.5
ORD-003633,2023-04-16,CUST-0004,PROD-007,South,5,262.69,0.05,1247.78
ORD-003634,2024-01-11,CUST-0088,PROD-019,South,5,422.72,0.1,1902.24
ORD-003635,2024-10-19,CUST-0005,PROD-013,South,8,358.79,0.05,2726.8
ORD-003636,2023-02-13,CUST-0026,PROD-014,South,12,510.75,0.1,5516.1
ORD-003637,2023-11-29,CUST-0002,PROD-004,East,12,341.12,0.1,3684.1
ORD-003638,2024-02-08,CUST-0190,PROD-016,West,5,337.95,0.1,1520.78
ORD-003639,2023-11-04,CUST-0182,PROD-019,North,1,382.41,0.05,363.29
ORD-003640,2024-06-24,CUST-0001,PROD-003,East,4,149.88,0.15,509.59
ORD-003641,2024-03-08,CUST-0001,PROD-012,North,2,77.98,0.05,148.16
ORD-003642,2024-07-06,CUST-0004,PROD-025,South,2,39.05,0.2,62.48
ORD-003643,2024-04-27,CUST-0073,PROD-025,West,2,28.06,0.2,44.9
ORD-003644,2024-01-13,CUST-0089,PROD-018,South,8,258.64,0.0,2069.12
ORD-003645,2024-12-23,CUST-0033,PROD-012,North,13,217.1,0.15,2398.96
ORD-003646,2024-07-28,CUST-0140,PROD-016,East,10,187.47,0.1,1687.23
ORD-003647,2024-04-18,CUST-0134,PROD-010,East,5,240.39,0.15,1021.66
ORD-003648,2023-06-20,CUST-0004,PROD-011,East,5,122.97,0.15,522.62
ORD-003649,2024-08-06,CUST-0160,PROD-007,West,3,88.48,0.05,252.17
ORD-003650,2024-11-13,CUST-0005,PROD-019,South,11,148.41,0.05,1550.88
ORD-003651,2024-06-26,CUST-0031,PROD-016,South,8,272.1,0.15,1850.28
ORD-003652,2024-08-06,CUST-0062,PROD-015,North,1,163.24,0.1,146.92
ORD-003653,2024-08-08,CUST-0022,PROD-016,South,8,417.17,0.15,2836.76
ORD-003654,2024-11-10,CUST-0197,PROD-010,East,11,218.29,0.05,2281.13
ORD-003655,2024-09-30,CUST-0003,PROD-009,West,14,149.87,0.05,1993.27
ORD-003656,2023-07-14,CUST-0130,PROD-022,West,1,27.26,0.2,21.81
ORD-003657,2023-01-04,CUST-0003,PROD-006,South,4,181.85,0.15,618.29
ORD-003658,2024-02-03,CUST-0155,PROD-001,South,11,148.3,0.1,1468.17
ORD-003659,2023-07-09,CUST-0053,PROD-006,East,8,291.99,0.0,2335.92
ORD-003660,2023-08-27,CUST-0036,PROD-011,South,3,451.6,0.15,1151.58
ORD-003661,2024-07-27,CUST-0068,PROD-007,South,8,105.53,0.0,844.24
ORD-003662,2024-09-19,CUST-0002,PROD-017,South,11,327.0,0.1,3237.3
ORD-003663,2023-01-15,CUST-0136,PROD-005,West,8,249.2,0.0,1993.6
ORD-003664,2023-10-24,CUST-0002,PROD-019,South,10,496.15,0.0,4961.5
ORD-003665,2023-04-20,CUST-0050,PROD-010,West,14,109.25,0.15,1300.08
ORD-003666,2024-06-04,CUST-0048,PROD-025,South,1,24.04,0.2,19.23
ORD-003667,2023-05-11,CUST-0037,PROD-005,East,4,113.82,0.0,455.28
ORD-003668,2024-02-27,CUST-0020,PROD-016,South,7,149.42,0.15,889.05
ORD-003669,2023-03-19,CUST-0090,PROD-025,West,1,22.7,0.2,18.16
ORD-003670,2023-11-25,CUST-0066,PROD-015,South,8,395.05,0.15,2686.34
ORD-003671,2024-01-16,CUST-0018,PROD-010,North,4,376.04,0.0,1504.16
ORD-003672,2023-01-21,CUST-0189,PROD-021,South,2,18.56,0.2,29.7
ORD-003673,2024-11-23,CUST-0002,PROD-013,West,2,115.69,0.1,208.24
ORD-003674,2023-02-20,CUST-0038,PROD-006,West,11,192.82,0.0,2121.02
ORD-003675,2024-09-29,CUST-0001,PROD-006,West,9,313.95,0.1,2543.0
ORD-003676,2024-01-15,CUST-0090,PROD-012,South,4,495.46,0.05,1882.75
ORD-003677,2024-01-12,CUST-0077,PROD-010,South,6,272.88,0.15,1391.69
ORD-003678,2024-12-20,CUST-0002,PROD-015,South,13,297.73,0.0,3870.49
ORD-003679,2023-02-12,CUST-0076,PROD-017,North,10,208.52,0.1,1876.68
ORD-003680,2024-11-01,CUST-0004,PROD-014,North,2,135.73,0.15,230.74
ORD-003681,2024-09-04,CUST-0003,PROD-006,South,10,85.95,0.1,773.55
ORD-003682,2024-09-23,CUST-0114,PROD-013,South,6,151.36,0.0,908.16
ORD-003683,2024-08-25,CUST-0191,PROD-004,East,6,257.1,0.15,1311.21
ORD-003684,2023-07-15,CUST-0011,PROD-008,North,5,82.07,0.15,348.8
ORD-003685,2023-12-20,CUST-0085,PROD-015,West,1,254.96,0.1,229.46
ORD-003686,2023-06-26,CUST-0002,PROD-006,East,13,229.69,0.1,2687.37
ORD-003687,2023-09-14,CUST-0002,PROD-002,South,4,106.66,0.05,405.31
ORD-003688,2023-04-10,CUST-0003,PROD-008,North,6,258.39,0.15,1317.79
ORD-003689,2024-06-11,CUST-0002,PROD-009,North,13,185.0,0.0,2405.0
ORD-003690,2024-06-13,CUST-0125,PROD-013,East,11,59.42,0.15,555.58
ORD-003691,2024-08-09,CUST-0146,PROD-015,North,10,56.67,0.05,538.36
ORD-003692,2024-05-09,CUST-0002,PROD-001,North,5,353.38,0.15,1501.86
ORD-003693,2023-02-17,CUST-0120,PROD-001,West,11,342.43,0.15,3201.72
ORD-003694,2024-03-25,CUST-0172,PROD-002,South,4,410.32,0.15,1395.09
ORD-003695,2023-10-21,CUST-0067,PROD-021,South,2,24.97,0.2,39.95
ORD-003696,2023-07-12,CUST-0001,PROD-014,West,4,236.45,0.1,851.22
ORD-003697,2023-10-26,CUST-0003,PROD-008,East,10,383.66,0.15,3261.11
ORD-003698,2023-01-14,CUST-0068,PROD-006,East,2,71.66,0.0,143.32
ORD-003699,2023-08-19,CUST-0002,PROD-010,North,11,354.42,0.1,3508.76
ORD-003700,2024-02-24,CUST-0125,PROD-003,West,13,301.48,0.05,3723.28
ORD-003701,2023-06-05,CUST-0004,PROD-007,East,7,395.66,0.05,2631.14
ORD-003702,2024-10-04,CUST-0001,PROD-019,South,9,236.61,0.15,1810.07
ORD-003703,2023-03-14,CUST-0127,PROD-008,North,8,334.77,0.05,2544.25
ORD-003704,2023-01-31,CUST-0131,PROD-018,South,14,460.92,0.0,6452.88
ORD-003705,2023-07-18,CUST-0169,PROD-018,North,10,394.18,0.1,3547.62
ORD-003706,2023-09-23,CUST-0149,PROD-013,South,12,242.16,0.1,2615.33
ORD-003707,2023-07-06,CUST-0183,PROD-010,East,11,387.89,0.1,3840.11
ORD-003708,2023-07-18,CUST-0001,PROD-010,North,13,313.02,0.05,3865.8
ORD-003709,2023-06-24,CUST-0100,PROD-006,West,10,305.19,0.15,2594.12
ORD-003710,2024-02-23,CUST-0012,PROD-019,South,13,485.09,0.15,5360.24
ORD-003711,2023-08-30,CUST-0080,PROD-013,North,14,224.26,0.0,3139.64
ORD-003712,2023-11-08,CUST-0076,PROD-001,West,1,348.97,0.0,348.97
ORD-003713,2023-11-30,CUST-0085,PROD-004,South,1,444.2,0.0,444.2
ORD-003714,2024-12-05,CUST-0132,PROD-008,South,11,208.97,0.1,2068.8
ORD-003715,2024-02-20,CUST-0132,PROD-013,North,8,384.22,0.0,3073.76
ORD-003716,2023-06-14,CUST-0002,PROD-012,North,9,98.65,0.15,754.67
ORD-003717,2023-10-24,CUST-0118,PROD-006,South,3,428.02,0.1,1155.65
ORD-003718,2023-07-12,CUST-0090,PROD-015,North,14,147.0,0.1,1852.2
ORD-003719,2023-10-22,CUST-0004,PROD-009,North,1,134.15,0.1,120.74
ORD-003720,2024-12-25,CUST-0065,PROD-002,West,3,194.14,0.05,553.3
ORD-003721,2024-12-15,CUST-0004,PROD-023,East,1,27.44,0.2,21.95
ORD-003722,2023-12-19,CUST-0071,PROD-012,South,2,106.82,0.15,181.59
ORD-003723,2024-09-17,CUST-0174,PROD-002,North,5,385.77,0.1,1735.96
ORD-003724,2023-04-19,CUST-0123,PROD-012,North,4,67.36,0.05,255.97
ORD-003725,2024-05-03,CUST-0196,PROD-001,South,14,445.11,0.0,6231.54
ORD-003726,2024-08-15,CUST-0049,PROD-012,South,13,188.68,0.1,2207.56
ORD-003727,2023-07-19,CUST-0175,PROD-014,East,7,277.46,0.0,1942.22
ORD-003728,2024-02-24,CUST-0150,PROD-002,North,6,377.82,0.0,2266.92
ORD-003729,2024-10-21,CUST-0159,PROD-008,South,9,383.32,0.05,3277.39
ORD-003730,2024-07-28,CUST-0112,PROD-006,South,10,453.98,0.0,4539.8
ORD-003731,2023-04-10,CUST-0013,PROD-024,North,2,34.82,0.2,55.71
ORD-003732,2024-04-04,CUST-0003,PROD-010,South,12,427.61,0.1,4618.19
ORD-003733,2023-12-20,CUST-0072,PROD-004,West,2,295.91,0.05,562.23
ORD-003734,2024-07-09,CUST-0074,PROD-005,East,1,279.01,0.0,279.01
ORD-003735,2024-07-01,CUST-0168,PROD-017,North,13,170.24,0.0,2213.12
ORD-003736,2023-09-30,CUST-0098,PROD-011,East,13,181.48,0.0,2359.24
ORD-003737,2024-03-06,CUST-0144,PROD-014,North,6,139.56,0.15,711.76
ORD-003738,2024-08-27,CUST-0019,PROD-015,West,1,329.52,0.0,329.52
ORD-003739,2023-04-22,CUST-0177,PROD-002,South,6,102.87,0.1,555.5
ORD-003740,2023-01-17,CUST-0168,PROD-012,South,14,327.59,0.15,3898.32
ORD-003741,2023-10-16,CUST-0184,PROD-008,North,4,359.33,0.1,1293.59
ORD-003742,2024-05-08,CUST-0070,PROD-015,South,3,311.13,0.15,793.38
ORD-003743,2023-11-11,CUST-0004,PROD-015,South,11,378.68,0.0,4165.48
ORD-003744,2023-02-10,CUST-0167,PROD-007,South,6,408.88,0.15,2085.29
ORD-003745,2023-09-23,CUST-0153,PROD-002,East,9,289.24,0.1,2342.84
ORD-003746,2023-02-01,CUST-0004,PROD-002,South,14,376.97,0.1,4749.82
ORD-003747,2023-12-20,CUST-0066,PROD-015,East,4,354.98,0.05,1348.92
ORD-003748,2023-04-15,CUST-0119,PROD-002,South,2,318.79,0.1,573.82
ORD-003749,2024-02-15,CUST-0127,PROD-018,South,2,350.38,0.1,630.68
ORD-003750,2023-02-11,CUST-0042,PROD-013,South,7,249.68,0.1,1572.98
ORD-003751,2023-08-17,CUST-0061,PROD-005,South,9,427.22,0.05,3652.73
ORD-003752,2024-10-27,CUST-0079,PROD-023,West,1,28.92,0.2,23.14
ORD-003753,2023-02-03,CUST-0002,PROD-017,West,8,308.57,0.15,2098.28
ORD-003754,2023-06-15,CUST-0021,PROD-019,West,10,180.88,0.0,1808.8
ORD-003755,2023-11-08,CUST-0153,PROD-005,South,6,360.14,0.15,1836.71
ORD-003756,2023-08-25,CUST-0078,PROD-004,South,6,258.41,0.0,1550.46
ORD-003757,2024-03-20,CUST-0145,PROD-003,South,1,471.0,0.05,447.45
ORD-003758,2024-12-11,CUST-0132,PROD-025,South,1,36.02,0.2,28.82
ORD-003759,2024-06-28,CUST-0126,PROD-011,South,2,364.7,0.15,619.99
ORD-003760,2024-02-26,CUST-0199,PROD-001,South,5,128.03,0.0,640.15
ORD-003761,2024-07-13,CUST-0003,PROD-008,South,14,258.81,0.05,3442.17
ORD-003762,2024-01-15,CUST-0115,PROD-012,South,9,372.84,0.05,3187.78
ORD-003763,2024-03-04,CUST-0023,PROD-003,North,14,278.21,0.0,3894.94
ORD-003764,2023-10-18,CUST-0178,PROD-007,South,10,364.06,0.0,3640.6
ORD-003765,2023-07-26,CUST-0109,PROD-001,South,1,356.64,0.1,320.98
ORD-003766,2024-11-20,CUST-0167,PROD-007,East,13,95.33,0.05,1177.33
ORD-003767,2024-10-15,CUST-0004,PROD-013,East,13,152.99,0.15,1690.54
ORD-003768,2024-10-01,CUST-0076,PROD-007,East,8,301.25,0.15,2048.5
ORD-003769,2023-05-24,CUST-0059,PROD-018,North,14,161.16,0.15,1917.8
ORD-003770,2024-06-05,CUST-0103,PROD-009,West,13,230.5,0.0,2996.5
ORD-003771,2023-05-05,CUST-0001,PROD-012,South,7,79.8,0.1,502.74
ORD-003772,2023-12-03,CUST-0074,PROD-016,South,2,344.28,0.05,654.13
ORD-003773,2023-07-12,CUST-0004,PROD-017,East,8,134.24,0.0,1073.92
ORD-003774,2024-11-12,CUST-0001,PROD-015,South,13,372.26,0.05,4597.41
ORD-003775,2024-02-12,CUST-0048,PROD-006,North,9,306.28,0.05,2618.69
ORD-003776,2024-06-01,CUST-0161,PROD-005,North,13,301.4,0.0,3918.2
ORD-003777,2024-10-16,CUST-0178,PROD-004,North,2,360.47,0.0,720.94
ORD-003778,2024-10-11,CUST-0001,PROD-023,South,1,34.41,0.2,27.53
ORD-003779,2024-03-31,CUST-0004,PROD-006,North,12,347.4,0.0,4168.8
ORD-003780,2023-04-19,CUST-0094,PROD-016,East,6,74.34,0.05,423.74
ORD-003781,2024-03-08,CUST-0064,PROD-013,North,5,58.11,0.0,290.55
ORD-003782,2024-09-25,CUST-0119,PROD-023,South,2,29.69,0.2,47.5
ORD-003783,2024-12-03,CUST-0004,PROD-005,South,2,508.56,0.1,915.41
ORD-003784,2023-05-27,CUST-0195,PROD-011,South,4,397.47,0.0,1589.88
ORD-003785,2024-04-27,CUST-0001,PROD-011,South,8,438.88,0.0,3511.04
ORD-003786,2024-02-26,CUST-0001,PROD-004,North,9,396.03,0.15,3029.63
ORD-003787,2024-06-22,CUST-0153,PROD-010,East,5,308.9,0.15,1312.82
ORD-003788,2024-06-14,CUST-0122,PROD-005,South,11,376.66,0.15,3521.77
ORD-003789,2023-10-27,CUST-0162,PROD-021,North,2,30.9,0.2,49.44
ORD-003790,2023-01-07,CUST-0005,PROD-012,North,10,73.79,0.05,701.01
ORD-003791,2024-05-13,CUST-0046,PROD-019,West,13,136.35,0.1,1595.3
ORD-003792,2024-08-11,CUST-0004,PROD-016,North,10,242.82,0.0,2428.2
ORD-003793,2024-04-30,CUST-0155,PROD-015,East,10,223.91,0.1,2015.19
ORD-003794,2023-08-22,CUST-0194,PROD-002,North,1,313.92,0.05,298.22
ORD-003795,2024-02-01,CUST-0156,PROD-012,East,12,105.79,0.05,1206.01
ORD-003796,2024-08-20,CUST-0003,PROD-006,East,1,356.86,0.1,321.17
ORD-003797,2024-11-23,CUST-0003,PROD-018,North,5,320.38,0.15,1361.62
ORD-003798,2024-09-24,CUST-0014,PROD-022,North,1,15.67,0.2,12.54
ORD-003799,2024-09-04,CUST-0065,PROD-005,South,12,403.26,0.05,4597.16
ORD-003800,2023-08-25,CUST-0020,PROD-022,South,2,38.46,0.2,61.54
ORD-003801,2028-12-01,CUST-0005,PROD-009,South,3,277.94,0.1,750.44
ORD-003802,2024-09-10,CUST-0049,PROD-008,North,8,391.79,0.1,2820.89
ORD-003803,2024-04-21,CUST-0003,PROD-009,West,6,175.59,0.0,1053.54
ORD-003804,2024-04-14,CUST-0142,PROD-012,West,4,183.23,0.05,696.27
ORD-003805,2024-11-08,CUST-0060,PROD-011,South,12,279.69,0.15,2852.84
ORD-003806,2023-07-24,CUST-0002,PROD-004,South,7,310.82,0.05,2066.95
ORD-003807,2024-02-10,CUST-0001,PROD-008,East,5,344.93,0.15,1465.95
ORD-003808,2023-05-19,CUST-0124,PROD-018,South,8,266.04,0.05,2021.9
ORD-003809,2023-12-11,CUST-0077,PROD-013,North,8,161.4,0.15,1097.52
ORD-003810,2023-04-18,CUST-0003,PROD-003,West,8,114.35,0.15,777.58
ORD-003811,2024-10-19,CUST-0003,PROD-017,South,13,92.16,0.15,1018.37
ORD-003812,2024-07-07,CUST-0001,PROD-012,North,5,151.07,0.15,642.05
ORD-003813,2023-04-09,CUST-0002,PROD-009,South,11,252.1,0.15,2357.13
ORD-003814,2024-07-31,CUST-0106,PROD-017,North,11,225.59,0.15,2109.27
ORD-003815,2023-12-05,CUST-0081,PROD-014,North,4,239.55,0.05,910.29
ORD-003816,2024-01-03,CUST-0143,PROD-018,East,5,288.47,0.05,1370.23
ORD-003817,2023-08-19,CUST-0113,PROD-006,South,10,82.79,0.0,827.9
ORD-003818,2023-12-17,CUST-0198,PROD-013,East,7,122.28,0.0,855.96
ORD-003819,2023-06-24,CUST-0005,PROD-001,South,9,448.55,0.15,3431.41
ORD-003820,2023-12-28,CUST-0004,PROD-018,North,9,257.1,0.05,2198.2
ORD-003821,2024-03-26,CUST-0097,PROD-014,South,7,342.63,0.0,2398.41
ORD-003822,2024-11-14,CUST-0052,PROD-021,South,1,35.35,0.2,28.28
ORD-003823,2024-12-25,CUST-0126,PROD-018,South,13,81.6,0.15,901.68
ORD-003824,2023-10-04,CUST-0050,PROD-012,South,1,173.59,0.1,156.23
ORD-003825,2024-10-06,CUST-0115,PROD-013,North,10,406.27,0.05,3859.56
ORD-003826,2023-01-21,CUST-0117,PROD-014,South,13,182.31,0.1,2133.03
ORD-003827,2023-03-24,CUST-0186,PROD-018,West,6,61.84,0.0,371.04
ORD-003828,2024-04-27,CUST-0146,PROD-003,South,4,222.18,0.0,888.72
ORD-003829,2023-09-27,CUST-0172,PROD-012,East,13,143.0,0.15,1580.15
ORD-003830,2023-04-04,CUST-0003,PROD-006,South,12,159.27,0.15,1624.55
ORD-003831,2024-05-06,CUST-0095,PROD-007,South,11,193.85,0.1,1919.12
ORD-003832,2023-11-13,CUST-0123,PROD-003,North,5,92.41,0.0,462.05
ORD-003833,2023-02-13,CUST-0110,PROD-022,North,2,22.32,0.2,35.71
ORD-003834,2023-06-16,CUST-0003,PROD-005,North,6,245.72,0.0,1474.32
ORD-003835,2023-12-09,CUST-0136,PROD-011,East,14,169.74,0.1,2138.72
ORD-003836,2023-11-29,CUST-0003,PROD-010,North,3,405.41,0.1,1094.61
ORD-003837,2024-12-01,CUST-0106,PROD-001,West,9,150.22,0.05,1284.38
ORD-003838,2023-01-03,CUST-0001,PROD-011,South,12,435.78,0.1,4706.42
ORD-003839,2023-05-02,CUST-0069,PROD-015,South,5,309.79,0.1,1394.06
ORD-003840,2024-05-17,CUST-0146,PROD-024,South,1,39.41,0.2,31.53
ORD-003841,2023-06-06,CUST-0002,PROD-002,West,7,184.1,0.05,1224.26
ORD-003842,2024-10-13,CUST-0085,PROD-004,South,2,279.83,0.0,559.66
ORD-003843,2023-01-11,CUST-0109,PROD-016,North,5,60.52,0.05,287.47
ORD-003844,2024-10-07,CUST-0009,PROD-014,North,10,117.53,0.15,999.0
ORD-003845,2023-01-31,CUST-0004,PROD-004,South,7,298.33,0.05,1983.89
ORD-003846,2024-08-01,CUST-0117,PROD-015,South,6,392.69,0.15,2002.72
ORD-003847,2023-01-02,CUST-0049,PROD-014,West,1,136.39,0.0,136.39
ORD-003848,2023-11-10,CUST-0004,PROD-007,East,6,196.54,0.1,1061.32
ORD-003849,2023-12-20,CUST-0110,PROD-001,East,3,212.94,0.15,543.0
ORD-003850,2023-12-21,CUST-0164,PROD-024,South,1,23.27,0.2,18.62
ORD-003851,2024-05-25,CUST-0073,PROD-015,North,11,225.96,0.0,2485.56
ORD-003852,2024-09-14,CUST-0093,PROD-019,North,1,136.28,0.15,115.84
ORD-003853,2024-01-06,CUST-0005,PROD-011,West,7,310.14,0.0,2170.98
ORD-003854,2024-04-14,CUST-0121,PROD-002,North,12,245.4,0.15,2503.08
ORD-003855,2023-07-03,CUST-0042,PROD-009,East,7,125.12,0.1,788.26
ORD-003856,2024-03-12,CUST-0039,PROD-012,North,5,250.49,0.1,1127.21
ORD-003857,2024-08-23,CUST-0061,PROD-012,East,7,143.04,0.15,851.09
ORD-003858,2023-07-02,CUST-0142,PROD-019,West,6,92.8,0.0,556.8
ORD-003859,2024-11-15,CUST-0159,PROD-005,North,4,310.0,0.15,1054.0
ORD-003860,2024-11-18,CUST-0185,PROD-019,East,6,257.86,0.0,1547.16
ORD-003861,2023-03-21,CUST-0089,PROD-004,East,1,79.54,0.05,75.56
ORD-003862,2024-03-23,CUST-0104,PROD-015,South,1,209.75,0.05,199.26
ORD-003863,2023-04-16,CUST-0003,PROD-023,South,1,32.94,0.2,26.35
ORD-003864,2023-11-26,CUST-0136,PROD-018,East,9,270.96,0.05,2316.71
ORD-003865,2023-09-06,CUST-0043,PROD-008,East,5,119.99,0.0,599.95
ORD-003866,2024-09-02,CUST-0176,PROD-005,South,7,429.06,0.15,2552.91
ORD-003867,2024-05-26,CUST-0137,PROD-016,South,13,504.84,0.1,5906.63
ORD-003868,2023-03-19,CUST-0130,PROD-010,East,10,347.49,0.0,3474.9
ORD-003869,2024-06-25,CUST-0166,PROD-012,South,13,259.61,0.05,3206.18
ORD-003870,2024-10-18,CUST-0123,PROD-015,South,13,115.97,0.15,1281.47
ORD-003871,2023-04-16,CUST-0022,PROD-008,East,7,328.56,0.15,1954.93
ORD-003872,2023-09-20,CUST-0167,PROD-005,East,3,184.71,0.05,526.42
ORD-003873,2023-05-26,CUST-0152,PROD-011,North,11,271.7,0.05,2839.26
ORD-003874,2023-07-27,CUST-0075,PROD-012,North,9,331.75,0.1,2687.18
ORD-003875,2024-05-24,CUST-0177,PROD-011,South,6,448.19,0.05,2554.68
ORD-003876,2024-07-18,CUST-0185,PROD-009,South,5,284.45,0.1,1280.03
ORD-003877,2024-03-06,CUST-0174,PROD-017,South,4,446.68,0.15,1518.71
ORD-003878,2024-05-09,CUST-0165,PROD-014,East,14,231.41,0.0,3239.74
ORD-003879,2024-09-13,CUST-0193,PROD-010,East,14,324.88,0.15,3866.07
ORD-003880,2024-06-17,CUST-0200,PROD-016,South,10,286.57,0.05,2722.41
ORD-003881,2023-03-15,CUST-0097,PROD-008,North,14,155.46,0.05,2067.62
ORD-003882,2024-09-15,CUST-0199,PROD-012,West,8,195.14,0.0,1561.12
ORD-003883,2023-01-17,CUST-0025,PROD-013,West,8,263.89,0.0,2111.12
ORD-003884,2023-02-07,CUST-0189,PROD-007,West,14,282.72,0.15,3364.37
ORD-003885,2023-05-10,CUST-0164,PROD-002,North,7,199.01,0.1,1253.76
ORD-003886,2024-06-20,CUST-0060,PROD-014,North,8,301.55,0.0,2412.4
ORD-003887,2024-12-07,CUST-0146,PROD-021,South,2,24.43,0.2,39.09
ORD-003888,2023-02-23,CUST-0004,PROD-011,North,14,237.49,0.1,2992.37
ORD-003889,2023-08-01,CUST-0011,PROD-010,North,1,249.04,0.15,211.68
ORD-003890,2024-02-05,CUST-0163,PROD-008,East,5,58.48,0.1,263.16
ORD-003891,2023-10-30,CUST-0043,PROD-008,South,12,206.93,0.05,2359.0
ORD-003892,2023-10-03,CUST-0146,PROD-010,South,13,243.93,0.0,3171.09
ORD-003893,2023-09-11,CUST-0046,PROD-017,North,7,416.54,0.15,2478.41
ORD-003894,2024-05-01,CUST-0005,PROD-009,West,6,318.48,0.1,1719.79
ORD-003895,2024-02-13,CUST-0001,PROD-023,South,2,34.08,0.2,54.53
ORD-003896,2024-10-10,CUST-0001,PROD-003,South,2,184.05,0.1,331.29
ORD-003897,2023-11-01,CUST-0132,PROD-014,West,1,190.29,0.05,180.78
ORD-003898,2023-06-19,CUST-0123,PROD-001,West,6,134.62,0.1,726.95
ORD-003899,2023-04-07,CUST-0069,PROD-019,North,1,353.06,0.05,335.41
ORD-003900,2024-10-04,CUST-0113,PROD-014,West,10,109.75,0.0,1097.5
ORD-003901,2023-12-22,CUST-0190,PROD-009,West,8,325.46,0.05,2473.5
ORD-003902,2024-05-21,CUST-0126,PROD-008,East,14,252.44,0.05,3357.45
ORD-003903,2023-05-14,CUST-0143,PROD-011,North,14,189.8,0.1,2391.48
ORD-003904,2024-03-17,CUST-0118,PROD-007,North,9,304.65,0.0,2741.85
ORD-003905,2023-12-24,CUST-0190,PROD-014,North,11,192.48,0.1,1905.55
ORD-003906,2024-10-12,CUST-0002,PROD-017,East,8,113.34,0.15,770.71
ORD-003907,2024-11-25,CUST-0086,PROD-019,West,13,323.53,0.05,3995.6
ORD-003908,2023-05-17,CUST-0138,PROD-008,North,6,201.14,0.05,1146.5
ORD-003909,2023-03-27,CUST-0003,PROD-019,South,10,211.3,0.1,1901.7
ORD-003910,2023-07-26,CUST-0150,PROD-008,South,11,148.66,0.1,1471.73
ORD-003911,2023-02-15,CUST-0005,PROD-005,South,14,179.37,0.05,2385.62
ORD-003912,2023-03-15,CUST-0150,PROD-001,South,5,386.58,0.05,1836.26
ORD-003913,2023-10-10,CUST-0187,PROD-007,South,7,274.91,0.1,1731.93
ORD-003914,2024-06-23,CUST-0004,PROD-001,South,5,418.57,0.0,2092.85
ORD-003915,2024-02-07,CUST-0003,PROD-025,South,2,21.43,0.2,34.29
ORD-003916,2024-04-10,CUST-0020,PROD-013,North,9,84.81,0.1,686.96
ORD-003917,2024-05-16,CUST-0129,PROD-018,South,1,179.88,0.05,170.89
ORD-003918,2023-01-19,CUST-0073,PROD-021,South,1,30.63,0.2,24.5
ORD-003919,2024-05-08,CUST-0031,PROD-001,South,5,210.76,0.05,1001.11
ORD-003920,2024-03-16,CUST-0139,PROD-022,South,1,23.34,0.2,18.67
ORD-003921,2023-04-25,CUST-0010,PROD-010,South,9,298.04,0.1,2414.12
ORD-003922,2023-12-31,CUST-0120,PROD-013,East,11,177.69,0.1,1759.13
ORD-003923,2024-01-05,CUST-0077,PROD-018,North,7,75.47,0.1,475.46
ORD-003924,2024-10-08,CUST-0005,PROD-006,North,3,362.91,0.15,925.42
ORD-003925,2023-04-11,CUST-0144,PROD-021,South,2,24.22,0.2,38.75
ORD-003926,2024-09-02,CUST-0004,PROD-006,North,9,364.59,0.05,3117.24
ORD-003927,2024-05-21,CUST-0127,PROD-001,West,8,223.48,0.1,1609.06
ORD-003928,2023-05-27,CUST-0117,PROD-009,East,8,252.34,0.0,2018.72
ORD-003929,2023-02-05,CUST-0136,PROD-003,West,5,218.05,0.05,1035.74
ORD-003930,2023-06-22,CUST-0059,PROD-003,South,10,151.05,0.05,1434.98
ORD-003931,2024-07-17,CUST-0004,PROD-015,North,8,93.82,0.0,750.56
ORD-003932,2024-04-01,CUST-0056,PROD-023,East,2,35.41,0.2,56.66
ORD-003933,2024-07-13,CUST-0100,PROD-005,South,5,433.31,0.05,2058.22
ORD-003934,2024-10-31,CUST-0079,PROD-009,South,7,212.7,0.05,1414.45
ORD-003935,2023-02-05,CUST-0052,PROD-021,East,2,18.06,0.2,28.9
ORD-003936,2023-08-03,CUST-0005,PROD-018,South,6,180.84,0.15,922.28
ORD-003937,2023-06-15,CUST-0003,PROD-004,North,4,275.74,0.05,1047.81
ORD-003938,2023-11-09,CUST-0002,PROD-008,North,13,291.7,0.1,3412.89
ORD-003939,2023-10-30,CUST-0001,PROD-012,South,4,83.25,0.0,333.0
ORD-003940,2023-05-08,CUST-0135,PROD-015,South,7,416.16,0.15,2476.15
ORD-003941,2023-12-15,CUST-0047,PROD-006,East,11,334.52,0.15,3127.76
ORD-003942,2024-02-28,CUST-0056,PROD-015,East,10,139.16,0.15,1182.86
ORD-003943,2024-09-27,CUST-0025,PROD-007,South,3,440.35,0.05,1255.0
ORD-003944,2023-05-05,CUST-0001,PROD-021,North,2,17.51,0.2,28.02
ORD-003945,2023-07-11,CUST-0087,PROD-009,South,3,74.94,0.1,202.34
ORD-003946,2023-08-25,CUST-0017,PROD-011,East,1,70.53,0.15,59.95
ORD-003947,2024-08-25,CUST-0149,PROD-006,North,4,62.58,0.1,225.29
ORD-003948,2023-01-05,CUST-0128,PROD-010,North,10,394.46,0.1,3550.14
ORD-003949,2024-09-08,CUST-0111,PROD-006,South,6,321.1,0.1,1733.94
ORD-003950,2024-04-17,CUST-0005,PROD-017,West,4,341.33,0.05,1297.05
ORD-003951,2024-04-23,CUST-0162,PROD-004,North,11,145.16,0.1,1437.08
ORD-003952,2024-01-04,CUST-0189,PROD-013,South,12,511.08,0.05,5826.31
ORD-003953,2024-01-29,CUST-0005,PROD-002,North,6,176.91,0.1,955.31
ORD-003954,2024-08-20,CUST-0124,PROD-004,South,1,235.39,0.05,223.62
ORD-003955,2024-06-16,CUST-0191,PROD-016,South,6,333.31,0.0,1999.86
ORD-003956,2023-11-28,CUST-0001,PROD-022,East,1,39.98,0.2,31.98
ORD-003957,2023-08-02,CUST-0190,PROD-009,South,10,429.86,0.05,4083.67
ORD-003958,2023-08-03,CUST-0001,PROD-014,South,6,277.53,0.05,1581.92
ORD-003959,2024-12-25,CUST-0090,PROD-021,South,2,37.64,0.2,60.22
ORD-003960,2024-04-14,CUST-0005,PROD-007,West,8,336.06,0.0,2688.48
ORD-003961,2023-02-28,CUST-0192,PROD-012,East,11,373.15,0.1,3694.18
ORD-003962,2023-08-20,CUST-0102,PROD-014,South,13,380.11,0.0,4941.43
ORD-003963,2024-07-22,CUST-0128,PROD-004,North,14,99.29,0.15,1181.55
ORD-003964,2023-06-04,CUST-0001,PROD-024,East,2,17.67,0.2,28.27
ORD-003965,2023-05-25,CUST-0148,PROD-002,East,5,184.91,0.05,878.32
ORD-003966,2023-12-10,CUST-0001,PROD-013,East,1,107.72,0.0,107.72
ORD-003967,2023-01-07,CUST-0081,PROD-018,South,3,485.46,0.1,1310.74
ORD-003968,2024-04-16,CUST-0006,PROD-003,West,10,342.55,0.05,3254.22
ORD-003969,2023-11-10,CUST-0009,PROD-015,North,2,63.47,0.1,114.25
ORD-003970,2023-03-03,CUST-0004,PROD-021,South,1,25.92,0.2,20.74
ORD-003971,2024-08-02,CUST-0135,PROD-005,South,7,431.02,0.1,2715.43
ORD-003972,2024-02-01,CUST-0110,PROD-023,East,1,29.55,0.2,23.64
ORD-003973,2024-12-03,CUST-0129,PROD-016,East,3,363.35,0.1,981.05
ORD-003974,2023-01-22,CUST-0067,PROD-010,West,5,149.77,0.0,748.85
ORD-003975,2023-11-29,CUST-0060,PROD-007,West,14,191.99,0.1,2419.07
ORD-003976,2023-09-17,CUST-0034,PROD-005,East,8,72.6,0.15,493.68
ORD-003977,2023-09-12,CUST-0019,PROD-002,North,3,112.5,0.1,303.75
ORD-003978,2024-07-23,CUST-0113,PROD-001,East,9,371.36,0.1,3008.02
ORD-003979,2024-02-27,CUST-0041,PROD-006,North,7,159.15,0.15,946.94
ORD-003980,2024-05-13,CUST-0004,PROD-016,East,7,280.95,0.15,1671.65
ORD-003981,2024-06-04,CUST-0002,PROD-018,North,13,265.02,0.05,3273.0
ORD-003982,2023-06-21,CUST-0198,PROD-013,North,13,355.6,0.15,3929.38
ORD-003983,2023-01-15,CUST-0109,PROD-005,West,11,268.46,0.15,2510.1
ORD-003984,2024-08-24,CUST-0002,PROD-025,South,1,23.67,0.2,18.94
ORD-003985,2024-02-01,CUST-0002,PROD-024,West,2,32.67,0.2,52.27
ORD-003986,2024-02-28,CUST-0178,PROD-022,North,2,37.31,0.2,59.7
ORD-003987,2024-08-21,CUST-0053,PROD-010,South,3,155.78,0.15,397.24
ORD-003988,2023-02-28,CUST-0048,PROD-002,West,13,185.75,0.05,2294.01
ORD-003989,2023-10-04,CUST-0066,PROD-008,South,4,149.18,0.0,596.72
ORD-003990,2024-01-29,CUST-0003,PROD-002,East,10,105.32,0.1,947.88
ORD-003991,2023-02-12,CUST-0154,PROD-014,South,10,502.24,0.05,4771.28
ORD-003992,2024-10-22,CUST-0003,PROD-008,East,2,70.65,0.15,120.1
ORD-003993,2023-12-04,CUST-0003,PROD-004,West,10,310.85,0.05,2953.08
ORD-003994,2024-07-13,CUST-0183,PROD-009,West,12,331.02,0.1,3575.02
ORD-003995,2024-07-29,CUST-0001,PROD-002,South,4,290.38,0.1,1045.37
ORD-003996,2023-05-16,CUST-0140,PROD-015,North,9,359.33,0.1,2910.57
ORD-003997,2023-12-09,CUST-0161,PROD-002,East,6,295.52,0.1,1595.81
ORD-003998,2023-07-21,CUST-0067,PROD-021,South,1,28.0,0.2,22.4
ORD-003999,2024-12-10,CUST-0081,PROD-009,East,9,211.68,0.0,1905.12
ORD-004000,2024-03-16,CUST-0200,PROD-008,South,12,200.46,0.15,2044.69
ORD-004001,2024-02-07,CUST-0026,PROD-004,West,9,172.14,0.0,1549.26
ORD-004002,2023-01-16,CUST-0128,PROD-010,North,2,74.81,0.05,142.14
ORD-004003,2023-03-11,CUST-0002,PROD-003,South,10,208.7,0.05,1982.65
ORD-004004,2023-09-23,CUST-0158,PROD-001,South,11,99.24,0.1,982.48
ORD-004005,2024-08-31,CUST-0089,PROD-015,East,13,135.68,0.15,1499.26
ORD-004006,2024-05-08,CUST-0160,PROD-025,South,2,22.73,0.2,36.37
ORD-004007,2024-11-14,CUST-0167,PROD-025,North,1,18.7,0.2,14.96
ORD-004008,2024-05-20,CUST-0188,PROD-024,North,2,36.18,0.2,57.89
ORD-004009,2023-10-29,CUST-0160,PROD-019,West,10,332.29,0.05,3156.76
ORD-004010,2024-09-12,CUST-0092,PROD-009,West,6,107.11,0.1,578.39
ORD-004011,2023-04-03,CUST-0089,PROD-025,East,2,20.13,0.2,32.21
ORD-004012,2024-01-20,CUST-0001,PROD-019,East,4,127.7,0.05,485.26
ORD-004013,2024-01-18,CUST-0194,PROD-014,North,6,266.24,0.15,1357.82
ORD-004014,2023-07-02,CUST-0111,PROD-007,North,3,408.67,0.1,1103.41
ORD-004015,2023-07-12,CUST-0005,PROD-018,North,4,295.69,0.1,1064.48
ORD-004016,2023-06-26,CUST-0141,PROD-009,East,11,213.35,0.15,1994.82
ORD-004017,2024-01-11,CUST-0004,PROD-011,North,11,87.47,0.05,914.06
ORD-004018,2024-11-10,CUST-0002,PROD-013,South,11,242.11,0.15,2263.73
ORD-004019,2024-09-18,CUST-0002,PROD-014,East,7,387.96,0.05,2579.93
ORD-004020,2024-02-01,CUST-0063,PROD-013,South,4,517.92,0.0,2071.68
ORD-004021,2023-05-14,CUST-0096,PROD-005,South,6,425.13,0.1,2295.7
ORD-004022,2024-10-21,CUST-0013,PROD-004,South,4,411.53,0.05,1563.81
ORD-004023,2023-04-30,CUST-0101,PROD-003,East,1,223.96,0.05,212.76
ORD-004024,2023-12-10,CUST-0002,PROD-014,West,12,261.07,0.0,3132.84
ORD-004025,2024-01-11,CUST-0004,PROD-017,South,11,315.87,0.15,2953.38
ORD-004026,2024-05-13,CUST-0002,PROD-013,South,3,240.92,0.05,686.62
ORD-004027,2024-08-11,CUST-0016,PROD-004,South,9,393.36,0.1,3186.22
ORD-004028,2024-09-10,CUST-0100,PROD-007,South,12,285.92,0.05,3259.49
ORD-004029,2023-03-14,CUST-0003,PROD-001,East,7,144.32,0.15,858.7
ORD-004030,2023-04-21,CUST-0119,PROD-010,North,4,319.44,0.05,1213.87
ORD-004031,2024-03-19,CUST-0003,PROD-016,North,14,228.08,0.15,2714.15
ORD-004032,2023-06-10,CUST-0066,PROD-013,North,13,138.95,0.1,1625.72
ORD-004033,2024-06-25,CUST-0117,PROD-008,North,8,350.06,0.15,2380.41
ORD-004034,2024-03-10,CUST-0036,PROD-010,South,12,401.66,0.15,4096.93
ORD-004035,2024-03-17,CUST-0095,PROD-003,North,5,263.88,0.0,1319.4
ORD-004036,2024-10-01,CUST-0002,PROD-009,East,8,186.08,0.15,1265.34
ORD-004037,2023-07-09,CUST-0001,PROD-004,North,2,93.92,0.0,187.84
ORD-004038,2024-12-30,CUST-0153,PROD-015,North,7,77.93,0.15,463.68
ORD-004039,2024-01-26,CUST-0005,PROD-019,South,6,138.61,0.1,748.49
ORD-004040,2024-04-24,CUST-0132,PROD-009,West,5,241.42,0.0,1207.1
ORD-004041,2023-09-02,CUST-0005,PROD-004,North,5,370.83,0.1,1668.74
ORD-004042,2023-09-14,CUST-0074,PROD-009,North,10,137.83,0.1,1240.47
ORD-004043,2024-01-01,CUST-0164,PROD-007,North,6,130.16,0.1,702.86
ORD-004044,2024-02-29,CUST-0047,PROD-015,North,1,197.48,0.15,167.86
ORD-004045,2023-06-20,CUST-0004,PROD-004,South,14,503.86,0.05,6701.34
ORD-004046,2024-05-09,CUST-0004,PROD-016,East,3,273.55,0.1,738.59
ORD-004047,2023-06-19,CUST-0136,PROD-005,South,7,371.28,0.15,2209.12
ORD-004048,2024-10-21,CUST-0112,PROD-003,South,2,117.91,0.0,235.82
ORD-004049,2023-11-16,CUST-0038,PROD-024,North,2,29.33,0.2,46.93
ORD-004050,2024-08-17,CUST-0063,PROD-015,South,9,448.6,0.15,3431.79
ORD-004051,2024-01-04,CUST-0152,PROD-017,South,5,98.21,0.15,417.39
ORD-004052,2024-09-16,CUST-0093,PROD-016,South,14,472.31,0.05,6281.72
ORD-004053,2023-07-21,CUST-0083,PROD-008,North,4,301.31,0.15,1024.45
ORD-004054,2023-11-06,CUST-0080,PROD-012,North,9,224.49,0.05,1919.39
ORD-004055,2023-06-18,CUST-0135,PROD-015,West,5,72.18,0.05,342.86
ORD-004056,2023-06-17,CUST-0001,PROD-011,North,11,311.14,0.1,3080.29
ORD-004057,2023-08-09,CUST-0003,PROD-005,East,7,201.48,0.15,1198.81
ORD-004058,2024-07-06,CUST-0003,PROD-009,East,5,181.27,0.1,815.72
ORD-004059,2024-07-28,CUST-0117,PROD-005,North,14,330.05,0.0,4620.7
ORD-004060,2023-09-17,CUST-0074,PROD-012,South,8,505.06,0.0,4040.48
ORD-004061,2024-04-10,CUST-0001,PROD-007,East,9,72.42,0.05,619.19
ORD-004062,2024-01-14,CUST-0128,PROD-010,South,1,221.82,0.1,199.64
ORD-004063,2023-06-02,CUST-0154,PROD-002,North,6,229.75,0.05,1309.58
ORD-004064,2023-04-10,CUST-0070,PROD-013,East,2,222.74,0.0,445.48
ORD-004065,2023-08-15,CUST-0014,PROD-004,East,5,394.99,0.15,1678.71
ORD-004066,2024-05-18,CUST-0068,PROD-003,South,4,502.09,0.05,1907.94
ORD-004067,2024-07-03,CUST-0059,PROD-014,North,1,160.86,0.1,144.77
ORD-004068,2023-03-11,CUST-0059,PROD-001,North,6,266.66,0.1,1439.96
ORD-004069,2023-09-16,CUST-0027,PROD-011,South,2,244.83,0.05,465.18
ORD-004070,2023-02-07,CUST-0198,PROD-017,South,6,212.38,0.0,1274.28
ORD-004071,2024-04-28,CUST-0126,PROD-012,South,10,512.14,0.05,4865.33
ORD-004072,2024-05-23,CUST-0146,PROD-011,East,4,175.05,0.0,700.2
ORD-004073,2023-05-27,CUST-0001,PROD-016,North,10,327.38,0.05,3110.11
ORD-004074,2024-12-13,CUST-0002,PROD-001,North,12,297.53,0.1,3213.32
ORD-004075,2024-05-20,CUST-0057,PROD-013,East,6,382.38,0.0,2294.28
ORD-004076,2024-11-24,CUST-0155,PROD-002,North,5,245.96,0.1,1106.82
ORD-004077,2024-05-09,CUST-0125,PROD-016,East,12,315.06,0.05,3591.68
ORD-004078,2023-09-05,CUST-0044,PROD-001,South,14,134.61,0.0,1884.54
ORD-004079,2023-09-16,CUST-0098,PROD-009,South,12,258.21,0.0,3098.52
ORD-004080,2024-11-16,CUST-0002,PROD-017,South,8,351.26,0.15,2388.57
ORD-004081,2023-04-06,CUST-0005,PROD-016,West,4,292.72,0.1,1053.79
ORD-004082,2023-06-30,CUST-0153,PROD-007,South,13,456.87,0.0,5939.31
ORD-004083,2023-08-31,CUST-0133,PROD-018,North,12,421.72,0.1,4554.58
ORD-004084,2023-06-04,CUST-0167,PROD-007,North,9,188.27,0.1,1524.99
ORD-004085,2024-09-03,CUST-0056,PROD-005,West,4,169.95,0.05,645.81
ORD-004086,2023-04-11,CUST-0086,PROD-016,North,2,306.72,0.0,613.44
ORD-004087,2024-02-01,CUST-0044,PROD-018,West,6,60.36,0.0,362.16
ORD-004088,2023-03-15,CUST-0107,PROD-010,North,5,361.64,0.05,1717.79
ORD-004089,2024-08-15,CUST-0002,PROD-008,South,10,439.54,0.1,3955.86
ORD-004090,2023-12-09,CUST-0007,PROD-019,South,2,99.57,0.15,169.27
ORD-004091,2023-02-05,CUST-0068,PROD-012,South,12,352.98,0.1,3812.18
ORD-004092,2023-02-20,CUST-0002,PROD-015,North,14,112.6,0.05,1497.58
ORD-004093,2023-01-21,CUST-0087,PROD-012,North,14,75.66,0.0,1059.24
ORD-004094,2024-11-03,CUST-0046,PROD-006,North,8,122.43,0.1,881.5
ORD-004095,2024-05-27,CUST-0144,PROD-001,West,10,153.68,0.1,1383.12
ORD-004096,2023-03-05,CUST-0149,PROD-007,North,10,189.52,0.15,1610.92
ORD-004097,2024-12-18,CUST-0001,PROD-017,North,8,269.61,0.15,1833.35
ORD-004098,2023-02-24,CUST-0057,PROD-011,North,12,372.96,0.1,4027.97
ORD-004099,2023-10-27,CUST-0102,PROD-016,West,2,260.85,0.1,469.53
ORD-004100,2024-07-10,CUST-0015,PROD-004,East,1,331.16,0.15,281.49
ORD-004101,2024-12-19,CUST-0160,PROD-016,North,10,15000.0,0.15,150000.0
ORD-004102,2024-09-02,CUST-0004,PROD-016,North,8,379.09,0.0,3032.72
ORD-004103,2023-10-05,CUST-0115,PROD-013,North,13,228.02,0.1,2667.83
ORD-004104,2023-01-16,CUST-0099,PROD-001,East,2,377.49,0.0,754.98
ORD-004105,2023-07-13,CUST-0098,PROD-023,West,1,20.38,0.2,16.3
ORD-004106,2023-01-07,CUST-0187,PROD-015,South,12,388.2,0.0,4658.4
ORD-004107,2024-01-16,CUST-0050,PROD-001,North,8,130.34,0.05,990.58
ORD-004108,2024-11-05,CUST-0099,PROD-016,East,7,112.15,0.05,745.8
ORD-004109,2023-10-29,CUST-0193,PROD-009,East,4,121.02,0.15,411.47
ORD-004110,2024-02-10,CUST-0115,PROD-019,West,14,286.21,0.0,4006.94
ORD-004111,2023-06-14,CUST-0097,PROD-007,East,11,156.46,0.05,1635.01
ORD-004112,2024-04-01,CUST-0135,PROD-015,West,6,166.16,0.0,996.96
ORD-004113,2024-12-30,CUST-0004,PROD-006,South,7,123.94,0.0,867.58
ORD-004114,2024-12-03,CUST-0125,PROD-018,South,8,281.18,0.0,2249.44
ORD-004115,2024-12-09,CUST-0187,PROD-024,East,2,28.0,0.2,44.8
ORD-004116,2023-10-02,CUST-0125,PROD-025,East,2,17.83,0.2,28.53
ORD-004117,2023-12-05,CUST-0064,PROD-019,North,11,418.26,0.05,4370.82
ORD-004118,2024-08-26,CUST-0073,PROD-018,West,4,118.72,0.0,474.88
ORD-004119,2024-01-21,CUST-0153,PROD-017,West,12,233.36,0.1,2520.29
ORD-004120,2023-02-01,CUST-0071,PROD-016,South,8,464.01,0.15,3155.27
ORD-004121,2023-02-23,CUST-0004,PROD-019,West,12,185.07,0.0,2220.84
ORD-004122,2024-03-22,CUST-0003,PROD-006,East,4,67.14,0.1,241.7
ORD-004123,2024-06-16,CUST-0004,PROD-019,South,14,106.88,0.1,1346.69
ORD-004124,2024-01-05,CUST-0003,PROD-013,West,13,293.27,0.1,3431.26
ORD-004125,2024-06-11,CUST-0189,PROD-006,North,2,281.32,0.1,506.38
ORD-004126,2024-07-22,CUST-0105,PROD-011,West,3,335.38,0.15,855.22
ORD-004127,2024-06-19,CUST-0174,PROD-006,East,11,319.86,0.0,3518.46
ORD-004128,2024-05-28,CUST-0099,PROD-010,North,1,78.46,0.05,74.54
ORD-004129,2023-01-15,CUST-0001,PROD-007,North,5,57.63,0.1,259.34
ORD-004130,2023-07-22,CUST-0058,PROD-008,North,7,290.18,0.15,1726.57
ORD-004131,2023-05-02,CUST-0106,PROD-025,South,2,19.43,0.2,31.09
ORD-004132,2024-08-06,CUST-0182,PROD-016,South,11,473.19,0.05,4944.84
ORD-004133,2023-01-10,CUST-0082,PROD-012,North,4,334.11,0.0,1336.44
ORD-004134,2024-05-03,CUST-0002,PROD-006,West,8,101.86,0.0,814.88
ORD-004135,2023-01-13,CUST-0002,PROD-011,South,14,413.7,0.15,4923.03
ORD-004136,2023-10-12,CUST-0077,PROD-015,North,3,74.92,0.15,191.05
ORD-004137,2023-12-29,CUST-0006,PROD-018,South,12,129.16,0.0,1549.92
ORD-004138,2024-11-10,CUST-0130,PROD-009,North,8,318.08,0.15,2162.94
ORD-004139,2023-07-29,CUST-0003,PROD-011,West,14,217.33,0.05,2890.49
ORD-004140,2023-11-01,CUST-0021,PROD-010,North,1,132.89,0.1,119.6
ORD-004141,2023-01-14,CUST-0004,PROD-006,East,2,168.86,0.15,287.06
ORD-004142,2024-08-05,CUST-0052,PROD-003,East,7,197.05,0.1,1241.42
ORD-004143,2024-05-12,CUST-0059,PROD-015,West,12,320.19,0.15,3265.94
ORD-004144,2023-11-09,CUST-0109,PROD-013,South,14,370.39,0.05,4926.19
ORD-004145,2024-11-25,CUST-0119,PROD-007,East,2,119.3,0.05,226.67
ORD-004146,2023-05-19,CUST-0170,PROD-017,North,3,107.67,0.1,290.71
ORD-004147,2023-08-20,CUST-0032,PROD-002,South,14,166.9,0.05,2219.77
ORD-004148,2024-09-06,CUST-0004,PROD-001,North,13,406.32,0.0,5282.16
ORD-004149,2023-09-27,CUST-0134,PROD-011,South,9,424.15,0.1,3435.62
ORD-004150,2024-07-28,CUST-0135,PROD-004,East,1,390.95,0.0,390.95
ORD-004151,2023-12-14,CUST-0184,PROD-023,East,1,16.43,0.2,13.14
ORD-004152,2024-05-23,CUST-0077,PROD-009,East,5,112.06,0.0,560.3
ORD-004153,2024-03-09,CUST-0031,PROD-009,West,14,145.54,0.15,1731.93
ORD-004154,2023-10-25,CUST-0171,PROD-007,South,14,208.01,0.15,2475.32
ORD-004155,2024-02-27,CUST-0186,PROD-006,South,1,479.41,0.0,479.41
ORD-004156,2024-04-01,CUST-0189,PROD-008,West,2,173.08,0.0,346.16
ORD-004157,2024-07-31,CUST-0005,PROD-015,South,13,215.13,0.1,2517.02
ORD-004158,2023-07-19,CUST-0032,PROD-001,North,11,394.31,0.15,3686.8
ORD-004159,2024-01-14,CUST-0003,PROD-009,North,9,100.73,0.0,906.57
ORD-004160,2023-01-19,CUST-0005,PROD-004,North,9,138.4,0.0,1245.6
ORD-004161,2023-06-25,CUST-0156,PROD-016,West,6,376.82,0.05,2147.87
ORD-004162,2023-01-01,CUST-0029,PROD-001,North,5,241.18,0.1,1085.31
ORD-004163,2023-04-09,CUST-0002,PROD-005,West,10,319.38,0.0,3193.8
ORD-004164,2024-10-27,CUST-0001,PROD-005,East,5,120.77,0.15,513.27
ORD-004165,2023-03-12,CUST-0180,PROD-021,West,1,24.29,0.2,19.43
ORD-004166,2023-12-18,CUST-0068,PROD-009,South,7,322.29,0.1,2030.43
ORD-004167,2024-10-29,CUST-0181,PROD-010,East,14,142.1,0.1,1790.46
ORD-004168,2023-05-16,CUST-0046,PROD-018,West,7,262.11,0.1,1651.29
ORD-004169,2023-10-22,CUST-0019,PROD-022,South,2,27.0,0.2,43.2
ORD-004170,2023-11-09,CUST-0128,PROD-017,East,12,278.89,0.0,3346.68
ORD-004171,2024-07-18,CUST-0191,PROD-001,West,1,359.4,0.15,305.49
ORD-004172,2023-11-23,CUST-0135,PROD-018,West,12,380.44,0.0,4565.28
ORD-004173,2023-09-20,CUST-0185,PROD-013,West,13,323.26,0.1,3782.14
ORD-004174,2023-09-15,CUST-0078,PROD-019,North,5,367.62,0.1,1654.29
ORD-004175,2024-12-06,CUST-0003,PROD-014,South,1,458.65,0.0,458.65
ORD-004176,2024-07-19,CUST-0146,PROD-013,South,8,465.45,0.15,3165.06
ORD-004177,2023-06-29,CUST-0068,PROD-002,North,14,323.82,0.05,4306.81
ORD-004178,2023-12-11,CUST-0086,PROD-004,South,11,285.73,0.1,2828.73
ORD-004179,2024-08-18,CUST-0051,PROD-009,North,10,317.63,0.1,2858.67
ORD-004180,2023-05-22,CUST-0072,PROD-010,North,11,100.68,0.0,1107.48
ORD-004181,2024-01-28,CUST-0188,PROD-017,South,4,243.25,0.1,875.7
ORD-004182,2023-02-06,CUST-0073,PROD-024,South,2,15.83,0.2,25.33
ORD-004183,2024-12-02,CUST-0003,PROD-016,East,5,88.32,0.1,397.44
ORD-004184,2023-10-14,CUST-0060,PROD-006,East,5,142.89,0.1,643.0
ORD-004185,2024-11-25,CUST-0190,PROD-014,North,11,217.75,0.0,2395.25
ORD-004186,2023-07-14,CUST-0010,PROD-013,North,4,315.23,0.0,1260.92
ORD-004187,2023-03-15,CUST-0015,PROD-014,West,9,228.89,0.05,1957.01
ORD-004188,2023-05-18,CUST-0005,PROD-019,East,9,352.55,0.1,2855.66
ORD-004189,2024-10-23,CUST-0001,PROD-024,North,1,15.88,0.2,12.7
ORD-004190,2023-09-13,CUST-0003,PROD-006,North,9,264.28,0.0,2378.52
ORD-004191,2023-12-22,CUST-0048,PROD-009,North,12,324.01,0.1,3499.31
ORD-004192,2023-08-30,CUST-0081,PROD-016,West,13,300.85,0.15,3324.39
ORD-004193,2024-04-15,CUST-0005,PROD-009,East,6,93.27,0.05,531.64
ORD-004194,2024-08-03,CUST-0002,PROD-017,North,8,236.92,0.15,1611.06
ORD-004195,2023-04-23,CUST-0096,PROD-012,West,7,278.27,0.15,1655.71
ORD-004196,2023-12-28,CUST-0002,PROD-009,South,8,223.58,0.05,1699.21
ORD-004197,2023-12-24,CUST-0015,PROD-014,South,12,164.27,0.05,1872.68
ORD-004198,2024-01-06,CUST-0197,PROD-006,South,8,229.35,0.15,1559.58
ORD-004199,2023-03-20,CUST-0039,PROD-013,North,3,322.64,0.15,822.73
ORD-004200,2024-03-20,CUST-0086,PROD-004,North,1,355.31,0.0,355.31
ORD-004201,2023-03-27,CUST-0005,PROD-007,North,12,230.08,0.1,2484.86
ORD-004202,2024-01-11,CUST-0054,PROD-003,North,9,135.69,0.05,1160.15
ORD-004203,2023-12-31,CUST-0093,PROD-016,South,7,345.47,0.0,2418.29
ORD-004204,2023-03-10,CUST-0038,PROD-001,South,2,122.31,0.05,232.39
ORD-004205,2024-03-31,CUST-0047,PROD-004,East,4,212.1,0.05,805.98
ORD-004206,2024-02-14,CUST-0064,PROD-004,North,5,284.87,0.1,1281.92
ORD-004207,2023-01-08,CUST-0001,PROD-010,East,12,372.19,0.05,4242.97
ORD-004208,2024-05-01,CUST-0005,PROD-024,West,1,16.48,0.2,13.18
ORD-004209,2023-03-07,CUST-0025,PROD-018,South,13,244.81,0.15,2705.15
ORD-004210,2023-03-08,CUST-0183,PROD-002,East,12,318.1,0.0,3817.2
ORD-004211,2023-06-19,CUST-0139,PROD-017,North,9,157.57,0.05,1347.22
ORD-004212,2023-10-23,CUST-0062,PROD-017,South,8,255.62,0.1,1840.46
ORD-004213,2024-03-19,CUST-0001,PROD-015,East,4,88.66,0.0,354.64
ORD-004214,2024-05-02,CUST-0132,PROD-019,West,8,264.47,0.0,2115.76
ORD-004215,2023-05-07,CUST-0002,PROD-005,East,12,171.67,0.1,1854.04
ORD-004216,2023-10-17,CUST-0100,PROD-015,South,7,383.68,0.0,2685.76
ORD-004217,2024-03-22,CUST-0075,PROD-025,North,1,20.57,0.2,16.46
ORD-004218,2023-06-06,CUST-0074,PROD-009,South,3,355.79,0.1,960.63
ORD-004219,2023-08-30,CUST-0126,PROD-003,West,14,157.57,0.0,2205.98
ORD-004220,2023-12-09,CUST-0094,PROD-014,West,7,135.32,0.15,805.15
ORD-004221,2024-10-19,CUST-0007,PROD-005,North,7,382.19,0.0,2675.33
ORD-004222,2024-05-15,CUST-0080,PROD-019,East,7,299.38,0.1,1886.09
ORD-004223,2023-03-27,CUST-0004,PROD-017,North,4,229.78,0.05,873.16
ORD-004224,2023-10-04,CUST-0103,PROD-001,South,10,476.69,0.1,4290.21
ORD-004225,2024-03-17,CUST-0148,PROD-016,South,1,83.98,0.1,75.58
ORD-004226,2024-10-26,CUST-0088,PROD-007,East,10,165.31,0.05,1570.44
ORD-004227,2024-10-26,CUST-0104,PROD-007,East,12,78.52,0.05,895.13
ORD-004228,2024-10-25,CUST-0190,PROD-019,South,9,270.05,0.05,2308.93
ORD-004229,2024-03-07,CUST-0001,PROD-005,East,11,283.86,0.1,2810.21
ORD-004230,2023-07-08,CUST-0001,PROD-010,South,1,328.62,0.05,312.19
ORD-004231,2024-03-11,CUST-0080,PROD-003,West,7,230.78,0.15,1373.14
ORD-004232,2023-10-14,CUST-0117,PROD-001,West,12,161.13,0.05,1836.88
ORD-004233,2023-09-02,CUST-0005,PROD-007,West,10,326.37,0.05,3100.52
ORD-004234,2024-05-02,CUST-0054,PROD-025,North,2,26.98,0.2,43.17
ORD-004235,2024-06-25,CUST-0001,PROD-001,South,13,379.43,0.0,4932.59
ORD-004236,2023-08-27,CUST-0002,PROD-009,East,13,76.83,0.0,998.79
ORD-004237,2024-02-27,CUST-0119,PROD-006,East,2,172.2,0.1,309.96
ORD-004238,2024-05-27,CUST-0180,PROD-007,South,2,195.66,0.15,332.62
ORD-004239,2023-06-18,CUST-0083,PROD-013,North,4,177.75,0.15,604.35
ORD-004240,2024-11-27,CUST-0056,PROD-015,South,8,170.71,0.0,1365.68
ORD-004241,2023-06-22,CUST-0004,PROD-019,South,12,422.6,0.05,4817.64
ORD-004242,2023-11-22,CUST-0179,PROD-004,South,14,131.81,0.0,1845.34
ORD-004243,2023-02-03,CUST-0052,PROD-011,South,5,167.9,0.15,713.58
ORD-004244,2024-06-05,CUST-0004,PROD-011,North,5,118.21,0.05,561.5
ORD-004245,2024-06-01,CUST-0001,PROD-012,North,10,63.88,0.1,574.92
ORD-004246,2024-01-26,CUST-0001,PROD-013,North,4,220.5,0.0,882.0
ORD-004247,2023-09-15,CUST-0046,PROD-023,South,1,18.32,0.2,14.66
ORD-004248,2024-02-10,CUST-0032,PROD-005,North,14,89.14,0.0,1247.96
ORD-004249,2023-04-05,CUST-0099,PROD-004,West,6,299.91,0.1,1619.51
ORD-004250,2023-01-04,CUST-0003,PROD-006,South,4,419.65,0.05,1594.67
ORD-004251,2024-08-17,CUST-0141,PROD-019,South,2,105.84,0.0,211.68
ORD-004252,2023-02-15,CUST-0030,PROD-014,South,8,500.58,0.0,4004.64
ORD-004253,2024-06-26,CUST-0047,PROD-011,East,3,122.73,0.1,331.37
ORD-004254,2024-01-09,CUST-0183,PROD-010,North,9,404.35,0.05,3457.19
ORD-004255,2023-01-09,CUST-0091,PROD-018,West,2,161.54,0.15,274.62
ORD-004256,2024-11-24,CUST-0058,PROD-025,East,2,16.8,0.2,26.88
ORD-004257,2024-12-10,CUST-0056,PROD-002,South,13,284.24,0.15,3140.85
ORD-004258,2023-05-29,CUST-0140,PROD-008,North,1,388.0,0.05,368.6
ORD-004259,2023-08-31,CUST-0049,PROD-025,South,1,18.23,0.2,14.58
ORD-004260,2023-05-14,CUST-0160,PROD-006,North,13,323.59,0.05,3996.34
ORD-004261,2024-05-25,CUST-0043,PROD-014,South,10,458.18,0.05,4352.71
ORD-004262,2024-11-17,CUST-0004,PROD-016,South,7,372.03,0.05,2474.0
ORD-004263,2024-11-27,CUST-0183,PROD-019,East,9,172.26,0.05,1472.82
ORD-004264,2024-08-20,CUST-0028,PROD-013,South,6,162.95,0.1,879.93
ORD-004265,2024-04-05,CUST-0002,PROD-007,North,10,254.2,0.0,2542.0
ORD-004266,2023-05-01,CUST-0015,PROD-024,East,1,28.04,0.2,22.43
ORD-004267,2024-05-18,CUST-0005,PROD-018,South,10,335.44,0.15,2851.24
ORD-004268,2023-12-15,CUST-0004,PROD-003,North,10,128.66,0.15,1093.61
ORD-004269,2023-02-10,CUST-0193,PROD-001,South,13,358.55,0.0,4661.15
ORD-004270,2023-07-22,CUST-0184,PROD-006,North,7,429.14,0.0,3003.98
ORD-004271,2024-08-26,CUST-0043,PROD-018,South,8,200.8,0.1,1445.76
ORD-004272,2023-05-29,CUST-0176,PROD-025,South,1,24.96,0.2,19.97
ORD-004273,2024-08-28,CUST-0146,PROD-009,North,5,205.88,0.15,874.99
ORD-004274,2023-04-09,CUST-0076,PROD-010,East,5,80.8,0.05,383.8
ORD-004275,2023-04-21,CUST-0170,PROD-010,North,7,84.59,0.0,592.13
ORD-004276,2023-07-05,CUST-0141,PROD-018,South,11,461.3,0.0,5074.3
ORD-004277,2024-01-06,CUST-0002,PROD-025,North,1,32.5,0.2,26.0
ORD-004278,2023-07-31,CUST-0024,PROD-005,South,2,435.96,0.05,828.32
ORD-004279,2024-09-14,CUST-0068,PROD-024,South,2,37.85,0.2,60.56
ORD-004280,2023-10-25,CUST-0131,PROD-011,South,7,208.15,0.15,1238.49
ORD-004281,2024-08-12,CUST-0084,PROD-001,West,12,196.43,0.15,2003.59
ORD-004282,2024-05-14,CUST-0161,PROD-007,South,7,134.04,0.0,938.28
ORD-004283,2023-02-25,CUST-0001,PROD-012,South,13,113.27,0.05,1398.88
ORD-004284,2023-01-14,CUST-0124,PROD-014,North,7,109.77,0.05,729.97
ORD-004285,2024-04-13,CUST-0122,PROD-006,South,10,201.55,0.15,1713.18
ORD-004286,2024-08-31,CUST-0098,PROD-010,South,13,150.47,0.15,1662.69
ORD-004287,2023-12-04,CUST-0005,PROD-001,East,1,264.88,0.0,264.88
ORD-004288,2023-02-27,CUST-0168,PROD-018,South,13,330.22,0.05,4078.22
ORD-004289,2024-03-22,CUST-0144,PROD-011,West,1,389.14,0.05,369.68
ORD-004290,2023-05-17,CUST-0158,PROD-006,North,2,120.78,0.05,229.48
ORD-004291,2023-12-04,CUST-0068,PROD-016,South,5,447.06,0.0,2235.3
ORD-004292,2023-07-14,CUST-0191,PROD-023,East,1,16.9,0.2,13.52
ORD-004293,2024-04-22,CUST-0053,PROD-019,South,9,313.69,0.15,2399.73
ORD-004294,2023-01-27,CUST-0002,PROD-006,South,7,444.35,0.1,2799.4
ORD-004295,2024-12-29,CUST-0002,PROD-004,North,12,249.58,0.15,2545.72
ORD-004296,2023-09-14,CUST-0001,PROD-003,West,7,52.89,0.15,314.7
ORD-004297,2023-04-29,CUST-0056,PROD-006,North,11,158.91,0.1,1573.21
ORD-004298,2023-04-29,CUST-0071,PROD-011,South,13,319.93,0.05,3951.14
ORD-004299,2023-03-29,CUST-0094,PROD-009,North,9,213.26,0.1,1727.41
ORD-004300,2023-04-08,CUST-0067,PROD-017,North,3,190.56,0.1,514.51
ORD-004301,2023-01-10,CUST-0044,PROD-007,North,13,202.72,0.05,2503.59
ORD-004302,2023-02-25,CUST-0002,PROD-002,East,6,136.1,0.05,775.77
ORD-004303,2023-03-07,CUST-0195,PROD-005,South,5,270.76,0.0,1353.8
ORD-004304,2023-08-26,CUST-0106,PROD-011,South,7,502.57,0.05,3342.09
ORD-004305,2023-04-10,CUST-0097,PROD-006,North,13,359.51,0.05,4439.95
ORD-004306,2024-11-25,CUST-0136,PROD-008,North,6,65.48,0.0,392.88
ORD-004307,2023-12-31,CUST-0013,PROD-022,South,1,35.45,0.2,28.36
ORD-004308,2024-11-12,CUST-0058,PROD-009,South,9,239.14,0.15,1829.42
ORD-004309,2024-06-12,CUST-0187,PROD-019,East,5,252.54,0.1,1136.43
ORD-004310,2024-06-26,CUST-0023,PROD-014,East,7,137.81,0.0,964.67
ORD-004311,2023-07-29,CUST-0001,PROD-002,South,12,390.82,0.05,4455.35
ORD-004312,2024-10-06,CUST-0009,PROD-001,South,8,217.82,0.05,1655.43
ORD-004313,2023-07-24,CUST-0065,PROD-005,North,2,310.26,0.15,527.44
ORD-004314,2023-01-21,CUST-0002,PROD-012,South,11,488.92,0.15,4571.4
ORD-004315,2024-03-02,CUST-0179,PROD-012,West,14,135.25,0.1,1704.15
ORD-004316,2024-10-30,CUST-0034,PROD-018,North,14,366.79,0.0,5135.06
ORD-004317,2023-10-03,CUST-0048,PROD-001,North,13,222.03,0.05,2742.07
ORD-004318,2023-12-04,CUST-0023,PROD-001,South,9,294.46,0.1,2385.13
ORD-004319,2024-06-15,CUST-0086,PROD-019,South,3,82.59,0.15,210.6
ORD-004320,2024-05-25,CUST-0017,PROD-016,East,11,97.37,0.1,963.96
ORD-004321,2023-09-08,CUST-0002,PROD-005,West,7,312.08,0.15,1856.88
ORD-004322,2023-03-31,CUST-0148,PROD-002,North,13,219.61,0.1,2569.44
ORD-004323,2024-04-22,CUST-0035,PROD-015,East,14,217.05,0.1,2734.83
ORD-004324,2023-03-17,CUST-0161,PROD-004,West,13,276.63,0.0,3596.19
ORD-004325,2023-07-08,CUST-0174,PROD-025,North,1,30.57,0.2,24.46
ORD-004326,2023-10-22,CUST-0185,PROD-012,East,8,146.18,0.15,994.02
ORD-004327,2024-11-12,CUST-0002,PROD-018,West,6,103.33,0.05,588.98
ORD-004328,2024-11-28,CUST-0050,PROD-006,North,12,123.51,0.15,1259.8
ORD-004329,2024-10-23,CUST-0003,PROD-017,North,11,409.97,0.05,4284.19
ORD-004330,2024-03-11,CUST-0125,PROD-013,South,12,190.34,0.05,2169.88
ORD-004331,2023-03-12,CUST-0187,PROD-012,North,9,248.94,0.0,2240.46
ORD-004332,2024-04-04,CUST-0063,PROD-022,South,2,17.74,0.2,28.38
ORD-004333,2024-02-05,CUST-0004,PROD-007,North,14,266.37,0.1,3356.26
ORD-004334,2024-09-04,CUST-0046,PROD-013,South,1,149.94,0.05,142.44
ORD-004335,2024-03-22,CUST-0119,PROD-018,West,9,247.45,0.0,2227.05
ORD-004336,2023-02-06,CUST-0087,PROD-008,North,10,272.1,0.0,2721.0
ORD-004337,2023-05-13,CUST-0002,PROD-025,South,1,29.76,0.2,23.81
ORD-004338,2024-01-14,CUST-0133,PROD-010,South,6,427.34,0.1,2307.64
ORD-004339,2023-03-12,CUST-0002,PROD-008,North,7,346.22,0.15,2060.01
ORD-004340,2023-06-11,CUST-0005,PROD-006,North,2,198.1,0.0,396.2
ORD-004341,2023-08-16,CUST-0178,PROD-015,South,1,274.03,0.1,246.63
ORD-004342,2024-10-25,CUST-0001,PROD-018,South,3,458.12,0.05,1305.64
ORD-004343,2023-03-07,CUST-0038,PROD-004,North,9,71.54,0.05,611.67
ORD-004344,2023-08-03,CUST-0003,PROD-023,North,1,33.16,0.2,26.53
ORD-004345,2023-09-13,CUST-0036,PROD-001,East,2,185.0,0.0,370.0
ORD-004346,2023-08-14,CUST-0146,PROD-012,North,11,143.95,0.05,1504.28
ORD-004347,2023-05-27,CUST-0003,PROD-003,South,13,235.45,0.0,3060.85
ORD-004348,2024-07-25,CUST-0005,PROD-010,South,10,304.11,0.0,3041.1
ORD-004349,2024-09-17,CUST-0157,PROD-025,West,2,22.12,0.2,35.39
ORD-004350,2024-10-05,CUST-0179,PROD-014,West,14,99.09,0.1,1248.53
ORD-004351,2024-07-05,CUST-0175,PROD-013,South,-15,403.45,0.1,-1500.0
ORD-004352,2023-03-23,CUST-0096,PROD-006,North,2,99.37,0.1,178.87
ORD-004353,2023-01-23,CUST-0155,PROD-024,West,1,37.89,0.2,30.31
ORD-004354,2024-05-02,CUST-0018,PROD-002,West,1,65.64,0.05,62.36
ORD-004355,2024-12-26,CUST-0003,PROD-007,South,6,393.72,0.0,2362.32
ORD-004356,2024-04-06,CUST-0014,PROD-012,West,12,69.29,0.1,748.33
ORD-004357,2024-06-13,CUST-0002,PROD-021,North,1,35.05,0.2,28.04
ORD-004358,2023-02-09,CUST-0138,PROD-001,West,12,245.68,0.15,2505.94
ORD-004359,2023-09-06,CUST-0013,PROD-011,North,11,64.61,0.05,675.17
ORD-004360,2023-04-17,CUST-0183,PROD-015,North,7,143.26,0.1,902.54
ORD-004361,2023-05-08,CUST-0121,PROD-014,East,1,288.98,0.05,274.53
ORD-004362,2023-08-24,CUST-0168,PROD-016,West,6,289.68,0.1,1564.27
ORD-004363,2023-02-16,CUST-0112,PROD-008,North,11,115.24,0.1,1140.88
ORD-004364,2024-11-12,CUST-0002,PROD-004,North,8,260.6,0.1,1876.32
ORD-004365,2024-08-14,CUST-0003,PROD-013,East,2,118.89,0.05,225.89
ORD-004366,2024-05-03,CUST-0027,PROD-016,South,12,261.68,0.0,3140.16
ORD-004367,2024-04-15,CUST-0113,PROD-015,East,8,345.46,0.1,2487.31
ORD-004368,2024-02-20,CUST-0002,PROD-008,South,8,309.23,0.15,2102.76
ORD-004369,2023-02-27,CUST-0056,PROD-016,West,6,376.7,0.0,2260.2
ORD-004370,2023-03-14,CUST-0075,PROD-010,South,6,381.3,0.1,2059.02
ORD-004371,2024-10-08,CUST-0045,PROD-004,East,5,219.29,0.15,931.98
ORD-004372,2023-03-30,CUST-0161,PROD-018,North,5,437.24,0.05,2076.89
ORD-004373,2024-05-18,CUST-0002,PROD-004,West,13,92.08,0.15,1017.48
ORD-004374,2023-04-24,CUST-0056,PROD-003,North,1,109.56,0.1,98.6
ORD-004375,2024-09-03,CUST-0004,PROD-006,South,5,319.56,0.1,1438.02
ORD-004376,2023-06-29,CUST-0032,PROD-004,North,7,157.39,0.15,936.47
ORD-004377,2024-02-14,CUST-0064,PROD-013,South,2,73.13,0.15,124.32
ORD-004378,2023-04-11,CUST-0026,PROD-011,South,10,71.74,0.1,645.66
ORD-004379,2024-04-06,CUST-0002,PROD-017,South,14,214.85,0.05,2857.5
ORD-004380,2023-01-25,CUST-0196,PROD-003,South,4,489.14,0.1,1760.9
ORD-004381,2024-01-21,CUST-0186,PROD-007,South,5,279.91,0.1,1259.6
ORD-004382,2023-03-03,CUST-0119,PROD-014,North,6,428.27,0.0,2569.62
ORD-004383,2023-11-12,CUST-0005,PROD-009,North,14,330.39,0.05,4394.19
ORD-004384,2024-05-20,CUST-0077,PROD-010,South,7,323.05,0.0,2261.35
ORD-004385,2023-07-06,CUST-0003,PROD-018,South,11,193.26,0.1,1913.27
ORD-004386,2023-05-14,CUST-0005,PROD-009,South,9,305.18,0.1,2471.96
ORD-004387,2024-02-15,CUST-0027,PROD-009,North,8,248.93,0.05,1891.87
ORD-004388,2023-12-27,CUST-0061,PROD-001,South,10,350.31,0.0,3503.1
ORD-004389,2023-09-18,CUST-0002,PROD-009,North,3,395.78,0.15,1009.24
ORD-004390,2024-06-28,CUST-0021,PROD-017,South,8,72.64,0.15,493.95
ORD-004391,2024-04-03,CUST-0152,PROD-008,South,14,422.66,0.0,5917.24
ORD-004392,2024-03-26,CUST-0182,PROD-009,South,8,507.83,0.0,4062.64
ORD-004393,2023-01-23,CUST-0119,PROD-005,North,1,397.07,0.05,377.22
ORD-004394,2023-11-16,CUST-0003,PROD-009,South,11,229.42,0.15,2145.08
ORD-004395,2024-04-17,CUST-0035,PROD-007,North,5,386.03,0.1,1737.14
ORD-004396,2023-06-09,CUST-0085,PROD-003,North,13,274.51,0.0,3568.63
ORD-004397,2024-12-21,CUST-0085,PROD-014,South,12,186.83,0.05,2129.86
ORD-004398,2024-08-24,CUST-0026,PROD-005,East,14,69.75,0.0,976.5
ORD-004399,2023-03-26,CUST-0002,PROD-010,East,9,273.85,0.15,2094.95
ORD-004400,2024-04-10,CUST-0031,PROD-009,East,5,291.99,0.15,1240.96
ORD-004401,2023-04-14,CUST-0004,PROD-013,South,7,259.65,0.05,1726.67
ORD-004402,2023-11-16,CUST-0150,PROD-007,South,2,489.4,0.15,831.98
ORD-004403,2024-02-14,CUST-0004,PROD-019,West,4,58.73,0.05,223.17
ORD-004404,2024-01-12,CUST-0157,PROD-001,North,3,379.47,0.15,967.65
ORD-004405,2024-07-31,CUST-0096,PROD-012,East,10,352.55,0.0,3525.5
ORD-004406,2023-01-27,CUST-0005,PROD-019,East,11,82.46,0.05,861.71
ORD-004407,2024-04-10,CUST-0039,PROD-016,North,9,116.37,0.1,942.6
ORD-004408,2024-11-25,CUST-0199,PROD-004,North,4,246.29,0.05,935.9
ORD-004409,2023-01-31,CUST-0062,PROD-016,South,10,380.65,0.1,3425.85
ORD-004410,2023-06-21,CUST-0171,PROD-022,East,2,31.99,0.2,51.18
ORD-004411,2023-02-02,CUST-0005,PROD-012,South,4,296.77,0.05,1127.73
ORD-004412,2023-01-16,CUST-0002,PROD-013,West,4,207.25,0.05,787.55
ORD-004413,2024-06-20,CUST-0178,PROD-002,South,5,471.87,0.1,2123.42
ORD-004414,2024-12-30,CUST-0094,PROD-004,South,2,298.8,0.1,537.84
ORD-004415,2023-08-16,CUST-0024,PROD-017,South,14,222.54,0.15,2648.23
ORD-004416,2023-09-07,CUST-0117,PROD-001,East,10,143.3,0.05,1361.35
ORD-004417,2024-02-07,CUST-0179,PROD-013,North,11,433.1,0.0,4764.1
ORD-004418,2023-04-13,CUST-0138,PROD-013,North,9,439.59,0.05,3758.49
ORD-004419,2023-10-04,CUST-0065,PROD-016,South,4,113.81,0.0,455.24
ORD-004420,2023-12-23,CUST-0002,PROD-016,North,3,242.73,0.05,691.78
ORD-004421,2024-03-26,CUST-0134,PROD-007,South,2,430.12,0.05,817.23
ORD-004422,2024-08-22,CUST-0159,PROD-010,East,12,122.4,0.1,1321.92
ORD-004423,2024-02-18,CUST-0159,PROD-005,South,2,374.07,0.05,710.73
ORD-004424,2024-06-18,CUST-0001,PROD-017,North,11,238.32,0.1,2359.37
ORD-004425,2023-07-14,CUST-0001,PROD-007,North,9,387.53,0.1,3138.99
ORD-004426,2024-04-24,CUST-0178,PROD-008,East,6,82.87,0.05,472.36
ORD-004427,2024-04-18,CUST-0079,PROD-015,West,6,83.69,0.15,426.82
ORD-004428,2023-03-28,CUST-0131,PROD-003,East,5,250.4,0.15,1064.2
ORD-004429,2023-01-01,CUST-0097,PROD-024,East,2,30.51,0.2,48.82
ORD-004430,2023-05-21,CUST-0016,PROD-006,South,14,170.54,0.0,2387.56
ORD-004431,2024-10-11,CUST-0059,PROD-004,South,14,469.32,0.05,6241.96
ORD-004432,2023-02-15,CUST-0074,PROD-015,North,12,370.62,0.1,4002.7
ORD-004433,2023-01-08,CUST-0012,PROD-019,North,6,371.87,0.05,2119.66
ORD-004434,2024-11-29,CUST-0123,PROD-011,North,4,264.82,0.15,900.39
ORD-004435,2023-06-25,CUST-0076,PROD-011,North,13,404.75,0.1,4735.58
ORD-004436,2023-02-27,CUST-0193,PROD-007,South,9,96.77,0.05,827.38
ORD-004437,2024-02-20,CUST-0127,PROD-007,East,3,381.01,0.05,1085.88
ORD-004438,2024-01-21,CUST-0022,PROD-009,South,14,511.55,0.0,7161.7
ORD-004439,2023-09-26,CUST-0070,PROD-010,West,7,137.95,0.0,965.65
ORD-004440,2023-11-06,CUST-0172,PROD-019,South,11,240.88,0.15,2252.23
ORD-004441,2024-12-10,CUST-0005,PROD-001,North,2,334.83,0.0,669.66
ORD-004442,2023-07-22,CUST-0114,PROD-025,East,2,16.5,0.2,26.4
ORD-004443,2023-05-07,CUST-0030,PROD-006,East,6,105.51,0.0,633.06
ORD-004444,2024-09-13,CUST-0002,PROD-019,West,6,60.15,0.0,360.9
ORD-004445,2023-08-10,CUST-0084,PROD-025,South,1,17.5,0.2,14.0
ORD-004446,2024-08-05,CUST-0188,PROD-001,South,11,418.02,0.0,4598.22
ORD-004447,2023-03-23,CUST-0183,PROD-014,South,4,410.67,0.05,1560.55
ORD-004448,2023-01-25,CUST-0110,PROD-008,South,14,148.62,0.15,1768.58
ORD-004449,2024-02-24,CUST-0005,PROD-016,West,3,350.67,0.1,946.81
ORD-004450,2024-07-15,CUST-0004,PROD-011,East,6,191.5,0.05,1091.55
ORD-004451,2024-10-03,CUST-0069,PROD-002,East,5,144.78,0.1,651.51
ORD-004452,2023-10-05,CUST-0157,PROD-014,South,1,396.82,0.15,337.3
ORD-004453,2023-04-25,CUST-0038,PROD-019,South,8,66.38,0.0,531.04
ORD-004454,2024-05-04,CUST-0003,PROD-011,West,12,383.76,0.05,4374.86
ORD-004455,2024-06-03,CUST-0103,PROD-006,West,9,253.69,0.1,2054.89
ORD-004456,2023-03-20,CUST-0068,PROD-012,North,10,335.31,0.15,2850.14
ORD-004457,2024-07-03,CUST-0004,PROD-015,South,10,372.58,0.1,3353.22
ORD-004458,2023-12-29,CUST-0194,PROD-012,North,2,178.74,0.15,303.86
ORD-004459,2024-08-01,CUST-0027,PROD-012,South,6,186.24,0.0,1117.44
ORD-004460,2024-05-31,CUST-0002,PROD-014,South,10,66.37,0.0,663.7
ORD-004461,2024-03-09,CUST-0008,PROD-016,East,4,297.35,0.0,1189.4
ORD-004462,2023-05-17,CUST-0117,PROD-010,East,10,100.4,0.15,853.4
ORD-004463,2023-08-05,CUST-0056,PROD-010,South,7,136.58,0.15,812.65
ORD-004464,2023-11-01,CUST-0001,PROD-012,West,6,314.46,0.05,1792.42
ORD-004465,2023-03-12,CUST-0058,PROD-002,West,10,172.48,0.05,1638.56
ORD-004466,2023-04-19,CUST-0002,PROD-018,South,4,439.4,0.15,1493.96
ORD-004467,2024-03-03,CUST-0084,PROD-004,South,5,120.92,0.15,513.91
ORD-004468,2024-03-10,CUST-0004,PROD-021,North,2,29.77,0.2,47.63
ORD-004469,2024-02-22,CUST-0003,PROD-015,South,4,274.63,0.05,1043.59
ORD-004470,2024-04-01,CUST-0132,PROD-007,South,3,168.83,0.15,430.52
ORD-004471,2023-08-12,CUST-0183,PROD-019,West,5,375.07,0.0,1875.35
ORD-004472,2023-10-12,CUST-0076,PROD-019,West,10,78.7,0.15,668.95
ORD-004473,2024-11-12,CUST-0186,PROD-011,North,7,284.91,0.15,1695.21
ORD-004474,2023-03-15,CUST-0066,PROD-012,South,1,189.65,0.05,180.17
ORD-004475,2024-07-30,CUST-0005,PROD-014,South,3,71.12,0.15,181.36
ORD-004476,2023-02-23,CUST-0075,PROD-015,East,5,170.44,0.0,852.2
ORD-004477,2024-08-03,CUST-0057,PROD-024,North,1,35.3,0.2,28.24
ORD-004478,2024-12-12,CUST-0004,PROD-003,West,3,220.86,0.15,563.19
ORD-004479,2024-01-01,CUST-0145,PROD-002,South,10,124.76,0.0,1247.6
ORD-004480,2024-04-14,CUST-0013,PROD-005,South,12,208.72,0.0,2504.64
ORD-004481,2024-09-20,CUST-0041,PROD-011,West,14,140.94,0.15,1677.19
ORD-004482,2023-11-24,CUST-0003,PROD-010,South,5,127.04,0.05,603.44
ORD-004483,2023-01-15,CUST-0086,PROD-012,North,7,122.41,0.05,814.03
ORD-004484,2023-05-31,CUST-0094,PROD-022,North,1,29.64,0.2,23.71
ORD-004485,2024-09-06,CUST-0107,PROD-010,South,13,492.39,0.1,5760.96
ORD-004486,2023-08-23,CUST-0182,PROD-019,East,4,296.87,0.1,1068.73
ORD-004487,2023-11-27,CUST-0121,PROD-025,East,1,28.1,0.2,22.48
ORD-004488,2023-02-22,CUST-0070,PROD-010,North,7,285.2,0.1,1796.76
ORD-004489,2023-11-30,CUST-0091,PROD-005,South,13,207.55,0.0,2698.15
ORD-004490,2024-03-04,CUST-0016,PROD-012,South,10,487.62,0.15,4144.77
ORD-004491,2024-07-26,CUST-0104,PROD-003,West,2,69.03,0.0,138.06
ORD-004492,2023-05-05,CUST-0037,PROD-022,West,2,25.31,0.2,40.5
ORD-004493,2024-01-04,CUST-0002,PROD-009,East,12,369.83,0.05,4216.06
ORD-004494,2023-12-02,CUST-0002,PROD-011,East,5,361.23,0.1,1625.54
ORD-004495,2023-11-30,CUST-0122,PROD-021,South,1,31.15,0.2,24.92
ORD-004496,2023-10-18,CUST-0077,PROD-015,North,8,122.52,0.1,882.14
ORD-004497,2023-06-14,CUST-0174,PROD-003,South,2,90.23,0.0,180.46
ORD-004498,2024-05-03,CUST-0077,PROD-013,South,10,451.3,0.0,4513.0
ORD-004499,2023-02-24,CUST-0035,PROD-005,South,12,78.95,0.1,852.66
ORD-004500,2024-06-10,CUST-0108,PROD-004,West,7,64.74,0.15,385.2
ORD-004501,2023-07-21,CUST-0119,PROD-006,South,11,136.77,0.05,1429.25
ORD-004502,2024-10-22,CUST-0102,PROD-002,North,1,406.09,0.15,345.18
ORD-004503,2023-10-11,CUST-0159,PROD-011,South,4,407.31,0.0,1629.24
ORD-004504,2023-12-17,CUST-0146,PROD-003,West,7,222.68,0.1,1402.88
ORD-004505,2024-09-18,CUST-0147,PROD-015,South,5,318.31,0.15,1352.82
ORD-004506,2023-10-12,CUST-0068,PROD-015,South,4,351.78,0.0,1407.12
ORD-004507,2023-05-10,CUST-0001,PROD-024,North,1,32.05,0.2,25.64
ORD-004508,2024-03-14,CUST-0002,PROD-015,East,2,145.57,0.05,276.58
ORD-004509,2023-12-26,CUST-0085,PROD-007,North,5,413.72,0.15,1758.31
ORD-004510,2023-06-20,CUST-0058,PROD-002,North,10,171.92,0.15,1461.32
ORD-004511,2023-08-12,CUST-0004,PROD-018,South,6,493.41,0.05,2812.44
ORD-004512,2024-02-24,CUST-0180,PROD-007,South,5,113.46,0.1,510.57
ORD-004513,2024-03-26,CUST-0005,PROD-012,South,8,216.77,0.05,1647.45
ORD-004514,2024-03-10,CUST-0077,PROD-001,North,2,243.55,0.1,438.39
ORD-004515,2023-06-06,CUST-0066,PROD-012,North,2,274.22,0.15,466.17
ORD-004516,2023-06-05,CUST-0118,PROD-013,East,14,109.64,0.05,1458.21
ORD-004517,2023-09-14,CUST-0099,PROD-015,North,3,125.61,0.05,357.99
ORD-004518,2023-10-07,CUST-0156,PROD-010,South,5,219.6,0.15,933.3
ORD-004519,2023-10-05,CUST-0001,PROD-023,South,2,39.74,0.2,63.58
ORD-004520,2024-05-19,CUST-0002,PROD-024,East,2,35.44,0.2,56.7
ORD-004521,2023-01-09,CUST-0005,PROD-003,South,2,459.16,0.0,918.32
ORD-004522,2023-05-19,CUST-0167,PROD-011,South,10,192.49,0.15,1636.16
ORD-004523,2024-02-29,CUST-0003,PROD-018,West,10,376.92,0.15,3203.82
ORD-004524,2024-03-30,CUST-0044,PROD-018,North,4,351.37,0.0,1405.48
ORD-004525,2024-03-07,CUST-0165,PROD-004,North,10,105.31,0.15,895.13
ORD-004526,2024-07-20,CUST-0105,PROD-012,South,14,500.72,0.1,6309.07
ORD-004527,2024-06-17,CUST-0146,PROD-019,North,11,107.53,0.05,1123.69
ORD-004528,2023-09-18,CUST-0004,PROD-011,North,11,174.36,0.1,1726.16
ORD-004529,2023-11-24,CUST-0197,PROD-012,South,4,497.09,0.15,1690.11
ORD-004530,2023-08-27,CUST-0141,PROD-010,North,13,236.78,0.0,3078.14
ORD-004531,2023-11-01,CUST-0003,PROD-010,South,7,494.22,0.05,3286.56
ORD-004532,2024-03-30,CUST-0170,PROD-012,South,8,164.36,0.0,1314.88
ORD-004533,2023-06-07,CUST-0075,PROD-015,East,9,143.96,0.1,1166.08
ORD-004534,2023-05-08,CUST-0037,PROD-006,South,8,436.63,0.0,3493.04
ORD-004535,2024-02-27,CUST-0001,PROD-007,North,14,205.02,0.1,2583.25
ORD-004536,2024-10-12,CUST-0121,PROD-016,West,7,123.74,0.1,779.56
ORD-004537,2024-01-05,CUST-0027,PROD-001,North,13,379.7,0.05,4689.29
ORD-004538,2024-01-04,CUST-0018,PROD-002,South,1,455.3,0.1,409.77
ORD-004539,2023-01-26,CUST-0103,PROD-005,South,4,153.01,0.15,520.23
ORD-004540,2024-04-02,CUST-0132,PROD-022,East,2,30.2,0.2,48.32
ORD-004541,2024-01-14,CUST-0005,PROD-006,North,4,289.41,0.15,983.99
ORD-004542,2023-10-03,CUST-0060,PROD-001,South,10,303.54,0.0,3035.4
ORD-004543,2023-03-08,CUST-0099,PROD-007,South,7,397.11,0.0,2779.77
ORD-004544,2024-08-01,CUST-0032,PROD-003,South,8,216.51,0.0,1732.08
ORD-004545,2023-12-27,CUST-0082,PROD-007,South,12,305.0,0.15,3111.0
ORD-004546,2023-05-11,CUST-0002,PROD-006,East,3,73.68,0.0,221.04
ORD-004547,2023-07-10,CUST-0004,PROD-019,East,9,140.59,0.05,1202.04
ORD-004548,2024-07-29,CUST-0064,PROD-018,North,2,297.74,0.1,535.93
ORD-004549,2024-07-03,CUST-0131,PROD-010,East,7,397.95,0.15,2367.8
ORD-004550,2023-08-02,CUST-0095,PROD-019,South,5,68.93,0.05,327.42
ORD-004551,2024-03-05,CUST-0198,PROD-011,North,8,146.37,0.05,1112.41
ORD-004552,2023-01-28,CUST-0001,PROD-006,North,4,103.74,0.15,352.72
ORD-004553,2023-07-17,CUST-0019,PROD-015,South,7,66.13,0.1,416.62
ORD-004554,2024-10-22,CUST-0176,PROD-011,South,3,398.76,0.1,1076.65
ORD-004555,2023-03-04,CUST-0103,PROD-014,East,8,136.55,0.1,983.16
ORD-004556,2023-12-31,CUST-0181,PROD-005,North,12,421.78,0.05,4808.29
ORD-004557,2024-05-08,CUST-0020,PROD-017,North,4,415.12,0.0,1660.48
ORD-004558,2023-11-06,CUST-0067,PROD-019,East,6,332.13,0.0,1992.78
ORD-004559,2024-08-13,CUST-0003,PROD-003,South,5,318.2,0.05,1511.45
ORD-004560,2023-06-26,CUST-0009,PROD-015,East,3,91.62,0.1,247.37
ORD-004561,2023-09-20,CUST-0095,PROD-003,South,1,166.64,0.05,158.31
ORD-004562,2023-01-01,CUST-0093,PROD-013,North,8,226.72,0.15,1541.7
ORD-004563,2023-07-21,CUST-0037,PROD-001,South,4,297.18,0.05,1129.28
ORD-004564,2024-07-16,CUST-0199,PROD-012,West,5,364.87,0.05,1733.13
ORD-004565,2024-10-26,CUST-0092,PROD-001,North,5,169.95,0.0,849.75
ORD-004566,2023-10-07,CUST-0115,PROD-015,West,13,295.16,0.0,3837.08
ORD-004567,2024-08-14,CUST-0051,PROD-016,South,8,255.63,0.0,2045.04
ORD-004568,2024-05-09,CUST-0160,PROD-019,North,13,258.01,0.15,2851.01
ORD-004569,2023-07-26,CUST-0150,PROD-013,North,7,244.92,0.05,1628.72
ORD-004570,2023-04-14,CUST-0015,PROD-001,South,10,398.14,0.15,3384.19
ORD-004571,2024-01-17,CUST-0016,PROD-021,North,2,36.59,0.2,58.54
ORD-004572,2024-05-18,CUST-0005,PROD-008,North,14,293.08,0.05,3897.96
ORD-004573,2023-10-18,CUST-0050,PROD-009,South,4,212.5,0.0,850.0
ORD-004574,2024-07-24,CUST-0051,PROD-007,South,2,248.42,0.15,422.31
ORD-004575,2024-06-08,CUST-0074,PROD-017,East,1,195.78,0.05,185.99
ORD-004576,2024-12-05,CUST-0067,PROD-015,North,8,144.28,0.1,1038.82
ORD-004577,2024-03-08,CUST-0002,PROD-003,South,9,309.28,0.15,2365.99
ORD-004578,2023-12-04,CUST-0147,PROD-018,South,10,262.65,0.1,2363.85
ORD-004579,2024-04-28,CUST-0065,PROD-019,South,8,473.13,0.1,3406.54
ORD-004580,2024-06-02,CUST-0171,PROD-005,North,10,200.09,0.1,1800.81
ORD-004581,2023-05-24,CUST-0191,PROD-006,West,11,247.01,0.05,2581.25
ORD-004582,2024-01-21,CUST-0077,PROD-016,South,12,146.11,0.15,1490.32
ORD-004583,2023-08-06,CUST-0120,PROD-006,West,3,190.04,0.1,513.11
ORD-004584,2023-10-02,CUST-0002,PROD-001,West,13,296.58,0.15,3277.21
ORD-004585,2024-06-09,CUST-0131,PROD-006,West,2,83.49,0.15,141.93
ORD-004586,2023-09-21,CUST-0060,PROD-007,South,12,236.78,0.1,2557.22
ORD-004587,2023-05-09,CUST-0005,PROD-014,East,11,221.85,0.05,2318.33
ORD-004588,2023-07-23,CUST-0063,PROD-015,South,8,124.6,0.1,897.12
ORD-004589,2023-12-21,CUST-0156,PROD-017,East,5,356.54,0.1,1604.43
ORD-004590,2023-07-20,CUST-0004,PROD-018,North,11,305.56,0.15,2856.99
ORD-004591,2023-08-10,CUST-0005,PROD-022,North,1,26.96,0.2,21.57
ORD-004592,2024-06-10,CUST-0153,PROD-001,East,9,108.79,0.0,979.11
ORD-004593,2023-04-01,CUST-0191,PROD-008,North,9,135.93,0.05,1162.2
ORD-004594,2024-09-13,CUST-0005,PROD-010,South,13,141.92,0.1,1660.46
ORD-004595,2023-08-14,CUST-0022,PROD-025,West,1,28.53,0.2,22.82
ORD-004596,2024-04-17,CUST-0072,PROD-016,South,1,350.81,0.0,350.81
ORD-004597,2023-03-18,CUST-0132,PROD-002,South,6,202.35,0.05,1153.39
ORD-004598,2023-01-12,CUST-0004,PROD-015,East,13,386.68,0.05,4775.5
ORD-004599,2023-05-29,CUST-0167,PROD-011,West,2,73.89,0.05,140.39
ORD-004600,2024-04-12,CUST-0017,PROD-015,South,3,323.97,0.0,971.91
ORD-004601,2024-07-25,CUST-0086,PROD-015,South,9,358.81,0.15,2744.9
ORD-004602,2024-03-29,CUST-0004,PROD-014,West,3,390.78,0.1,1055.11
ORD-004603,2024-10-08,CUST-0003,PROD-001,North,5,414.56,0.05,1969.16
ORD-004604,2024-07-30,CUST-0185,PROD-008,East,2,206.0,0.15,350.2
ORD-004605,2024-04-17,CUST-0002,PROD-009,South,2,345.76,0.15,587.79
ORD-004606,2024-08-02,CUST-0009,PROD-006,South,3,332.44,0.0,997.32
ORD-004607,2024-04-09,CUST-0140,PROD-006,South,1,123.06,0.15,104.6
ORD-004608,2023-03-23,CUST-0009,PROD-016,South,2,100.94,0.15,171.6
ORD-004609,2024-04-09,CUST-0026,PROD-011,East,2,231.04,0.0,462.08
ORD-004610,2024-11-09,CUST-0076,PROD-005,East,3,279.83,0.15,713.57
ORD-004611,2024-02-12,CUST-0048,PROD-008,South,9,433.67,0.15,3317.58
ORD-004612,2023-05-09,CUST-0061,PROD-005,East,10,79.77,0.0,797.7
ORD-004613,2024-01-07,CUST-0179,PROD-017,North,7,65.31,0.05,434.31
ORD-004614,2024-04-07,CUST-0003,PROD-009,South,2,151.32,0.1,272.38
ORD-004615,2023-08-24,CUST-0001,PROD-006,North,13,350.65,0.05,4330.53
ORD-004616,2024-01-04,CUST-0004,PROD-001,South,9,259.05,0.15,1981.73
ORD-004617,2024-11-02,CUST-0001,PROD-012,West,2,384.06,0.0,768.12
ORD-004618,2023-04-11,CUST-0179,PROD-021,North,2,15.9,0.2,25.44
ORD-004619,2024-06-23,CUST-0002,PROD-019,East,7,365.56,0.0,2558.92
ORD-004620,2023-10-15,CUST-0122,PROD-005,North,9,135.16,0.05,1155.62
ORD-004621,2024-02-12,CUST-0002,PROD-008,North,4,183.96,0.15,625.46
ORD-004622,2023-11-17,CUST-0002,PROD-025,West,2,31.8,0.2,50.88
ORD-004623,2024-05-06,CUST-0098,PROD-015,East,9,359.97,0.1,2915.76
ORD-004624,2024-05-25,CUST-0004,PROD-004,East,7,187.36,0.0,1311.52
ORD-004625,2024-01-12,CUST-0005,PROD-003,North,6,343.86,0.0,2063.16
ORD-004626,2023-02-06,CUST-0141,PROD-003,South,14,358.31,0.15,4263.89
ORD-004627,2023-05-22,CUST-0155,PROD-018,East,13,202.96,0.15,2242.71
ORD-004628,2023-03-27,CUST-0028,PROD-019,North,12,96.12,0.05,1095.77
ORD-004629,2023-07-01,CUST-0068,PROD-015,North,2,294.34,0.1,529.81
ORD-004630,2024-02-23,CUST-0130,PROD-011,North,1,259.06,0.0,259.06
ORD-004631,2023-03-11,CUST-0149,PROD-010,West,4,154.99,0.0,619.96
ORD-004632,2024-10-30,CUST-0001,PROD-018,West,9,244.96,0.05,2094.41
ORD-004633,2023-11-01,CUST-0004,PROD-005,West,7,217.07,0.05,1443.52
ORD-004634,2023-03-03,CUST-0002,PROD-014,South,4,256.12,0.0,1024.48
ORD-004635,2024-02-07,CUST-0044,PROD-001,North,14,295.06,0.0,4130.84
ORD-004636,2024-10-11,CUST-0050,PROD-003,East,13,184.33,0.15,2036.85
ORD-004637,2023-06-24,CUST-0003,PROD-012,South,7,142.61,0.05,948.36
ORD-004638,2024-06-17,CUST-0113,PROD-004,South,1,449.93,0.0,449.93
ORD-004639,2024-08-27,CUST-0145,PROD-007,South,7,183.62,0.15,1092.54
ORD-004640,2024-07-30,CUST-0071,PROD-013,West,5,268.21,0.05,1274.0
ORD-004641,2024-10-06,CUST-0174,PROD-005,West,5,312.34,0.1,1405.53
ORD-004642,2024-01-05,CUST-0002,PROD-014,North,8,96.78,0.15,658.1
ORD-004643,2024-08-04,CUST-0027,PROD-003,West,8,111.46,0.1,802.51
ORD-004644,2023-07-18,CUST-0026,PROD-018,North,5,428.63,0.05,2035.99
ORD-004645,2023-12-02,CUST-0015,PROD-001,West,3,197.39,0.15,503.34
ORD-004646,2023-11-04,CUST-0002,PROD-024,South,2,21.74,0.2,34.78
ORD-004647,2023-04-13,CUST-0091,PROD-003,East,13,255.91,0.0,3326.83
ORD-004648,2024-02-04,CUST-0001,PROD-009,East,11,102.04,0.1,1010.2
ORD-004649,2024-09-11,CUST-0182,PROD-013,South,1,268.87,0.05,255.43
ORD-004650,2023-03-28,CUST-0001,PROD-016,South,1,144.11,0.0,144.11
ORD-004651,2024-07-17,CUST-0115,PROD-013,East,7,181.89,0.05,1209.57
ORD-004652,2024-11-08,CUST-0098,PROD-001,South,8,505.7,0.05,3843.32
ORD-004653,2024-08-02,CUST-0001,PROD-015,North,11,375.95,0.05,3928.68
ORD-004654,2024-12-13,CUST-0115,PROD-017,South,12,470.06,0.05,5358.68
ORD-004655,2023-06-03,CUST-0071,PROD-001,North,7,345.01,0.1,2173.56
ORD-004656,2023-12-23,CUST-0079,PROD-003,North,3,397.46,0.0,1192.38
ORD-004657,2024-07-30,CUST-0059,PROD-010,East,7,279.22,0.05,1856.81
ORD-004658,2023-10-13,CUST-0186,PROD-018,South,7,106.42,0.0,744.94
ORD-004659,2024-08-24,CUST-0196,PROD-013,South,8,293.36,0.05,2229.54
ORD-004660,2023-12-10,CUST-0145,PROD-017,South,9,102.47,0.1,830.01
ORD-004661,2023-06-30,CUST-0004,PROD-006,West,13,372.85,0.1,4362.34
ORD-004662,2023-03-13,CUST-0042,PROD-014,South,2,373.82,0.15,635.49
ORD-004663,2023-07-06,CUST-0002,PROD-012,East,14,311.31,0.1,3922.51
ORD-004664,2024-07-24,CUST-0027,PROD-009,North,14,71.7,0.05,953.61
ORD-004665,2023-02-17,CUST-0139,PROD-017,South,5,106.04,0.05,503.69
ORD-004666,2024-10-22,CUST-0101,PROD-007,North,8,183.43,0.0,1467.44
ORD-004667,2023-11-03,CUST-0164,PROD-002,South,2,267.98,0.1,482.36
ORD-004668,2023-11-07,CUST-0043,PROD-015,East,3,54.26,0.0,162.78
ORD-004669,2024-02-16,CUST-0093,PROD-010,South,9,226.26,0.15,1730.89
ORD-004670,2023-08-14,CUST-0001,PROD-019,South,9,290.41,0.1,2352.32
ORD-004671,2023-01-13,CUST-0129,PROD-012,North,12,140.67,0.0,1688.04
ORD-004672,2024-12-06,CUST-0003,PROD-005,South,8,471.02,0.1,3391.34
ORD-004673,2023-04-05,CUST-0149,PROD-001,South,13,405.04,0.05,5002.24
ORD-004674,2024-12-22,CUST-0004,PROD-016,South,2,77.03,0.1,138.65
ORD-004675,2024-07-14,CUST-0008,PROD-016,South,12,177.92,0.15,1814.78
ORD-004676,2023-12-13,CUST-0002,PROD-002,West,13,85.4,0.1,999.18
ORD-004677,2024-01-15,CUST-0002,PROD-003,South,9,128.81,0.1,1043.36
ORD-004678,2024-01-02,CUST-0015,PROD-015,South,8,245.11,0.15,1666.75
ORD-004679,2023-09-06,CUST-0091,PROD-004,North,14,348.56,0.15,4147.86
ORD-004680,2023-11-13,CUST-0192,PROD-017,South,6,200.66,0.05,1143.76
ORD-004681,2023-02-27,CUST-0101,PROD-015,East,11,398.18,0.05,4160.98
ORD-004682,2024-06-10,CUST-0106,PROD-012,South,5,499.75,0.0,2498.75
ORD-004683,2023-05-10,CUST-0119,PROD-013,South,6,287.51,0.05,1638.81
ORD-004684,2024-06-26,CUST-0004,PROD-021,South,1,33.65,0.2,26.92
ORD-004685,2023-07-26,CUST-0003,PROD-013,North,10,272.76,0.1,2454.84
ORD-004686,2023-06-02,CUST-0177,PROD-012,North,4,249.4,0.15,847.96
ORD-004687,2023-07-14,CUST-0171,PROD-017,West,3,349.65,0.0,1048.95
ORD-004688,2024-02-19,CUST-0177,PROD-003,South,4,66.37,0.0,265.48
ORD-004689,2023-08-15,CUST-0071,PROD-002,North,7,228.56,0.1,1439.93
ORD-004690,2024-06-27,CUST-0024,PROD-009,North,8,222.26,0.1,1600.27
ORD-004691,2024-06-18,CUST-0188,PROD-002,West,14,200.42,0.0,2805.88
ORD-004692,2024-12-12,CUST-0112,PROD-013,West,5,394.47,0.05,1873.73
ORD-004693,2023-05-03,CUST-0001,PROD-003,South,10,507.99,0.05,4825.9
ORD-004694,2024-08-22,CUST-0189,PROD-002,East,2,238.82,0.05,453.76
ORD-004695,2023-12-08,CUST-0105,PROD-008,North,14,386.0,0.0,5404.0
ORD-004696,2024-01-04,CUST-0170,PROD-001,South,6,154.87,0.05,882.76
ORD-004697,2024-02-01,CUST-0109,PROD-008,North,12,112.36,0.15,1146.07
ORD-004698,2023-10-08,CUST-0001,PROD-001,South,3,65.4,0.0,196.2
ORD-004699,2024-01-11,CUST-0196,PROD-003,West,14,138.21,0.05,1838.19
ORD-004700,2024-02-17,CUST-0081,PROD-001,South,11,134.54,0.0,1479.94
ORD-004701,2024-07-30,CUST-0025,PROD-003,North,7,247.41,0.1,1558.68
ORD-004702,2024-10-02,CUST-0001,PROD-002,South,7,440.34,0.0,3082.38
ORD-004703,2024-02-08,CUST-0105,PROD-011,South,11,176.47,0.15,1649.99
ORD-004704,2024-01-18,CUST-0002,PROD-021,South,1,22.64,0.2,18.11
ORD-004705,2023-04-25,CUST-0060,PROD-019,North,1,354.68,0.1,319.21
ORD-004706,2024-03-14,CUST-0083,PROD-011,North,9,199.04,0.15,1522.66
ORD-004707,2024-06-17,CUST-0011,PROD-001,North,14,244.97,0.05,3258.1
ORD-004708,2024-10-28,CUST-0099,PROD-004,South,7,153.97,0.0,1077.79
ORD-004709,2023-02-02,CUST-0063,PROD-011,South,1,162.76,0.0,162.76
ORD-004710,2023-09-07,CUST-0008,PROD-017,East,9,196.44,0.05,1679.56
ORD-004711,2023-07-12,CUST-0191,PROD-011,South,8,395.66,0.05,3007.02
ORD-004712,2024-02-29,CUST-0196,PROD-013,South,10,309.08,0.15,2627.18
ORD-004713,2024-02-05,CUST-0040,PROD-005,South,5,208.27,0.0,1041.35
ORD-004714,2024-10-21,CUST-0132,PROD-016,South,5,179.43,0.15,762.58
ORD-004715,2023-12-21,CUST-0075,PROD-003,South,8,330.48,0.0,2643.84
ORD-004716,2024-02-16,CUST-0106,PROD-023,East,1,20.87,0.2,16.7
ORD-004717,2024-05-17,CUST-0076,PROD-014,North,2,384.07,0.1,691.33
ORD-004718,2023-07-08,CUST-0005,PROD-011,South,13,272.1,0.15,3006.7
ORD-004719,2023-12-26,CUST-0071,PROD-004,North,3,335.91,0.05,957.34
ORD-004720,2023-01-29,CUST-0164,PROD-012,East,2,324.62,0.0,649.24
ORD-004721,2023-09-18,CUST-0104,PROD-004,North,13,140.13,0.0,1821.69
ORD-004722,2024-08-07,CUST-0001,PROD-004,South,9,215.57,0.1,1746.12
ORD-004723,2023-12-13,CUST-0003,PROD-011,South,3,65.08,0.15,165.95
ORD-004724,2024-03-29,CUST-0152,PROD-018,East,14,350.22,0.1,4412.77
ORD-004725,2024-11-03,CUST-0162,PROD-018,North,13,137.96,0.1,1614.13
ORD-004726,2024-12-27,CUST-0085,PROD-008,North,2,345.33,0.05,656.13
ORD-004727,2024-05-18,CUST-0038,PROD-022,West,1,19.39,0.2,15.51
ORD-004728,2023-12-03,CUST-0014,PROD-015,North,13,98.29,0.05,1213.88
ORD-004729,2024-11-14,CUST-0003,PROD-003,South,4,514.66,0.0,2058.64
ORD-004730,2023-08-12,CUST-0005,PROD-004,West,7,50.92,0.05,338.62
ORD-004731,2023-05-14,CUST-0144,PROD-018,South,11,267.17,0.05,2791.93
ORD-004732,2024-03-18,CUST-0073,PROD-008,South,12,87.1,0.1,940.68
ORD-004733,2024-01-13,CUST-0196,PROD-006,South,5,74.0,0.05,351.5
ORD-004734,2024-05-15,CUST-0052,PROD-021,South,1,34.19,0.2,27.35
ORD-004735,2024-12-03,CUST-0003,PROD-005,South,2,357.6,0.05,679.44
ORD-004736,2024-03-21,CUST-0063,PROD-003,West,10,196.76,0.0,1967.6
ORD-004737,2024-08-16,CUST-0169,PROD-006,North,5,386.12,0.05,1834.07
ORD-004738,2023-11-12,CUST-0176,PROD-021,North,2,37.04,0.2,59.26
ORD-004739,2023-02-13,CUST-0136,PROD-015,South,6,222.11,0.0,1332.66
ORD-004740,2024-09-28,CUST-0003,PROD-013,South,1,127.98,0.05,121.58
ORD-004741,2023-04-27,CUST-0148,PROD-002,West,1,226.79,0.15,192.77
ORD-004742,2023-04-22,CUST-0121,PROD-025,South,2,23.83,0.2,38.13
ORD-004743,2023-01-31,CUST-0154,PROD-013,North,11,103.73,0.15,969.88
ORD-004744,2023-10-04,CUST-0167,PROD-015,North,10,383.42,0.1,3450.78
ORD-004745,2024-04-15,CUST-0111,PROD-011,West,13,140.18,0.0,1822.34
ORD-004746,2023-08-19,CUST-0023,PROD-006,West,4,374.69,0.0,1498.76
ORD-004747,2023-08-11,CUST-0001,PROD-002,North,4,212.78,0.15,723.45
ORD-004748,2024-09-07,CUST-0192,PROD-005,North,13,269.52,0.1,3153.38
ORD-004749,2024-12-30,CUST-0056,PROD-015,South,7,195.77,0.05,1301.87
ORD-004750,2024-12-27,CUST-0140,PROD-003,South,5,88.21,0.1,396.94
ORD-004751,2023-10-03,CUST-0085,PROD-011,South,12,466.62,0.1,5039.5
ORD-004752,2023-12-13,CUST-0099,PROD-008,East,9,231.22,0.05,1976.93
ORD-004753,2023-07-01,CUST-0005,PROD-005,West,6,314.52,0.0,1887.12
ORD-004754,2023-06-13,CUST-0004,PROD-007,South,1,210.53,0.05,200.0
ORD-004755,2024-04-18,CUST-0122,PROD-004,East,3,95.27,0.15,242.94
ORD-004756,2024-11-16,CUST-0134,PROD-005,West,7,393.77,0.0,2756.39
ORD-004757,2023-11-25,CUST-0062,PROD-009,North,13,110.29,0.15,1218.7
ORD-004758,2023-07-10,CUST-0004,PROD-019,North,2,309.58,0.0,619.16
ORD-004759,2023-06-06,CUST-0183,PROD-013,East,1,144.84,0.1,130.36
ORD-004760,2024-01-02,CUST-0115,PROD-014,South,7,169.52,0.05,1127.31
ORD-004761,2024-04-30,CUST-0079,PROD-017,North,8,217.34,0.1,1564.85
ORD-004762,2023-02-13,CUST-0002,PROD-015,East,4,355.86,0.15,1209.92
ORD-004763,2024-03-09,CUST-0004,PROD-012,East,13,296.63,0.05,3663.38
ORD-004764,2024-08-25,CUST-0005,PROD-010,South,13,218.02,0.1,2550.83
ORD-004765,2023-08-09,CUST-0069,PROD-010,North,2,324.71,0.05,616.95
ORD-004766,2024-06-21,CUST-0125,PROD-013,South,10,73.18,0.1,658.62
ORD-004767,2023-08-05,CUST-0161,PROD-004,South,5,324.05,0.15,1377.21
ORD-004768,2023-05-13,CUST-0055,PROD-010,South,1,383.47,0.0,383.47
ORD-004769,2023-01-22,CUST-0004,PROD-003,North,4,426.09,0.1,1533.92
ORD-004770,2024-06-04,CUST-0092,PROD-017,North,7,387.73,0.0,2714.11
ORD-004771,2024-09-30,CUST-0028,PROD-015,North,11,74.83,0.1,740.82
ORD-004772,2023-03-19,CUST-0026,PROD-007,South,4,157.56,0.1,567.22
ORD-004773,2023-12-23,CUST-0029,PROD-008,South,14,387.35,0.05,5151.76
ORD-004774,2024-02-25,CUST-0107,PROD-018,East,14,211.22,0.1,2661.37
ORD-004775,2024-06-03,CUST-0037,PROD-011,East,8,123.83,0.05,941.11
ORD-004776,2023-02-18,CUST-0100,PROD-015,South,11,183.9,0.1,1820.61
ORD-004777,2023-09-09,CUST-0149,PROD-013,North,4,232.09,0.15,789.11
ORD-004778,2023-03-29,CUST-0126,PROD-017,South,10,176.39,0.1,1587.51
ORD-004779,2023-08-07,CUST-0009,PROD-016,North,5,367.82,0.15,1563.24
ORD-004780,2024-12-19,CUST-0003,PROD-012,East,12,110.28,0.1,1191.02
ORD-004781,2024-05-27,CUST-0011,PROD-001,North,4,181.99,0.05,691.56
ORD-004782,2024-07-13,CUST-0079,PROD-003,South,8,454.28,0.1,3270.82
ORD-004783,2023-10-05,CUST-0190,PROD-004,North,11,82.78,0.15,773.99
ORD-004784,2024-07-15,CUST-0015,PROD-024,North,2,27.65,0.2,44.24
ORD-004785,2024-07-12,CUST-0167,PROD-005,North,7,314.96,0.15,1874.01
ORD-004786,2024-07-08,CUST-0004,PROD-003,South,5,449.44,0.15,1910.12
ORD-004787,2023-07-06,CUST-0134,PROD-023,North,2,23.42,0.2,37.47
ORD-004788,2023-08-01,CUST-0188,PROD-025,North,2,29.29,0.2,46.86
ORD-004789,2023-01-12,CUST-0174,PROD-006,West,6,158.74,0.1,857.2
ORD-004790,2024-11-11,CUST-0151,PROD-018,South,3,498.07,0.05,1419.5
ORD-004791,2023-02-04,CUST-0156,PROD-011,East,8,218.36,0.15,1484.85
ORD-004792,2024-12-16,CUST-0095,PROD-016,South,12,504.22,0.05,5748.11
ORD-004793,2024-07-05,CUST-0129,PROD-003,North,2,275.82,0.05,524.06
ORD-004794,2023-09-10,CUST-0140,PROD-009,East,1,376.26,0.1,338.63
ORD-004795,2023-12-17,CUST-0172,PROD-013,South,12,373.52,0.1,4034.02
ORD-004796,2024-07-31,CUST-0190,PROD-003,North,13,94.68,0.1,1107.76
ORD-004797,2024-02-14,CUST-0064,PROD-006,East,8,355.95,0.0,2847.6
ORD-004798,2023-08-20,CUST-0085,PROD-013,East,11,167.65,0.0,1844.15
ORD-004799,2023-01-25,CUST-0004,PROD-023,South,1,15.71,0.2,12.57
ORD-004800,2023-12-11,CUST-0097,PROD-018,West,1,277.83,0.15,236.16
ORD-004801,2023-12-27,CUST-0005,PROD-016,North,6,15000.0,0.05,150000.0
ORD-004802,2024-08-12,CUST-0062,PROD-015,East,8,108.27,0.15,736.24
ORD-004803,2024-04-19,CUST-0041,PROD-014,North,3,248.57,0.05,708.42
ORD-004804,2024-04-13,CUST-0004,PROD-006,South,3,329.12,0.0,987.36
ORD-004805,2024-01-19,CUST-0035,PROD-007,South,1,188.09,0.1,169.28
ORD-004806,2023-11-01,CUST-0165,PROD-011,North,6,359.07,0.0,2154.42
ORD-004807,2023-02-22,CUST-0193,PROD-005,South,12,516.31,0.05,5885.93
ORD-004808,2024-06-27,CUST-0005,PROD-016,North,12,298.67,0.05,3404.84
ORD-004809,2024-04-10,CUST-0144,PROD-012,South,4,253.98,0.0,1015.92
ORD-004810,2023-02-24,CUST-0054,PROD-017,North,7,88.79,0.15,528.3
ORD-004811,2024-04-22,CUST-0018,PROD-021,West,1,24.88,0.2,19.9
ORD-004812,2024-10-01,CUST-0072,PROD-006,South,4,412.79,0.0,1651.16
ORD-004813,2024-03-25,CUST-0003,PROD-019,West,10,139.35,0.0,1393.5
ORD-004814,2023-02-02,CUST-0002,PROD-025,South,2,24.79,0.2,39.66
ORD-004815,2023-05-10,CUST-0145,PROD-004,South,2,213.77,0.05,406.16
ORD-004816,2023-03-04,CUST-0181,PROD-001,East,2,289.58,0.05,550.2
ORD-004817,2024-07-23,CUST-0045,PROD-005,East,3,378.39,0.15,964.89
ORD-004818,2023-04-29,CUST-0003,PROD-009,South,14,113.22,0.1,1426.57
ORD-004819,2023-08-30,CUST-0014,PROD-004,West,14,161.28,0.05,2145.02
ORD-004820,2023-03-03,CUST-0183,PROD-017,East,1,280.42,0.1,252.38
ORD-004821,2024-04-12,CUST-0042,PROD-008,East,14,200.06,0.05,2660.8
ORD-004822,2023-06-28,CUST-0068,PROD-019,North,8,156.5,0.15,1064.2
ORD-004823,2024-06-11,CUST-0004,PROD-010,North,13,215.04,0.15,2376.19
ORD-004824,2023-11-30,CUST-0030,PROD-017,North,9,350.52,0.1,2839.21
ORD-004825,2023-05-26,CUST-0003,PROD-017,South,4,245.87,0.15,835.96
ORD-004826,2024-01-13,CUST-0002,PROD-010,South,5,180.91,0.1,814.1
ORD-004827,2023-10-20,CUST-0133,PROD-010,South,11,430.27,0.1,4259.67
ORD-004828,2024-09-23,CUST-0167,PROD-018,South,8,410.74,0.1,2957.33
ORD-004829,2024-01-23,CUST-0107,PROD-006,West,10,245.1,0.05,2328.45
ORD-004830,2023-12-31,CUST-0092,PROD-011,South,6,321.2,0.15,1638.12
ORD-004831,2024-10-02,CUST-0002,PROD-010,East,10,52.04,0.15,442.34
ORD-004832,2024-01-12,CUST-0118,PROD-007,North,4,141.45,0.0,565.8
ORD-004833,2024-10-11,CUST-0001,PROD-017,East,3,83.64,0.05,238.37
ORD-004834,2024-03-18,CUST-0150,PROD-012,South,2,419.99,0.1,755.98
ORD-004835,2024-06-13,CUST-0014,PROD-019,South,4,307.21,0.0,1228.84
ORD-004836,2023-02-11,CUST-0107,PROD-002,North,6,170.43,0.0,1022.58
ORD-004837,2023-01-12,CUST-0005,PROD-007,South,10,395.28,0.05,3755.16
ORD-004838,2024-02-18,CUST-0143,PROD-006,North,6,268.45,0.05,1530.16
ORD-004839,2023-03-18,CUST-0003,PROD-015,South,4,330.4,0.15,1123.36
ORD-004840,2023-12-20,CUST-0173,PROD-011,South,13,143.69,0.1,1681.17
ORD-004841,2023-07-04,CUST-0104,PROD-014,East,2,77.43,0.0,154.86
ORD-004842,2024-10-08,CUST-0081,PROD-004,East,1,228.92,0.05,217.47
ORD-004843,2024-03-09,CUST-0002,PROD-017,West,10,378.05,0.15,3213.42
ORD-004844,2024-08-04,CUST-0069,PROD-025,North,2,35.99,0.2,57.58
ORD-004845,2023-02-05,CUST-0013,PROD-001,South,7,185.35,0.05,1232.58
ORD-004846,2024-05-08,CUST-0186,PROD-010,South,13,332.18,0.1,3886.51
ORD-004847,2024-07-02,CUST-0122,PROD-004,South,5,221.47,0.05,1051.98
ORD-004848,2024-02-24,CUST-0197,PROD-003,East,2,258.41,0.0,516.82
ORD-004849,2023-10-19,CUST-0093,PROD-011,South,7,463.77,0.15,2759.43
ORD-004850,2024-12-22,CUST-0002,PROD-004,South,7,414.71,0.15,2467.52
ORD-004851,2023-09-28,CUST-0114,PROD-017,North,7,204.13,0.1,1286.02
ORD-004852,2024-10-03,CUST-0001,PROD-002,South,10,83.3,0.0,833.0
ORD-004853,2023-02-08,CUST-0115,PROD-019,East,8,184.54,0.0,1476.32
ORD-004854,2024-08-13,CUST-0024,PROD-008,North,1,431.81,0.15,367.04
ORD-004855,2023-05-24,CUST-0005,PROD-012,South,11,409.85,0.0,4508.35
ORD-004856,2023-03-04,CUST-0138,PROD-005,East,13,126.89,0.0,1649.57
ORD-004857,2023-07-19,CUST-0105,PROD-016,East,8,209.26,0.1,1506.67
ORD-004858,2023-03-15,CUST-0106,PROD-008,North,9,356.14,0.15,2724.47
ORD-004859,2023-07-10,CUST-0079,PROD-024,East,2,38.09,0.2,60.94
ORD-004860,2023-02-07,CUST-0073,PROD-003,South,6,456.83,0.0,2740.98
ORD-004861,2024-11-04,CUST-0001,PROD-014,North,13,100.35,0.15,1108.87
ORD-004862,2023-12-12,CUST-0167,PROD-016,East,10,222.85,0.1,2005.65
ORD-004863,2024-09-10,CUST-0029,PROD-008,East,9,143.67,0.15,1099.08
ORD-004864,2023-02-08,CUST-0069,PROD-015,West,8,100.93,0.0,807.44
ORD-004865,2024-03-15,CUST-0128,PROD-016,North,2,427.25,0.15,726.32
ORD-004866,2023-11-13,CUST-0067,PROD-014,South,4,247.72,0.05,941.34
ORD-004867,2024-08-09,CUST-0185,PROD-004,East,8,270.78,0.05,2057.93
ORD-004868,2023-09-14,CUST-0034,PROD-002,South,4,310.1,0.05,1178.38
ORD-004869,2023-05-07,CUST-0107,PROD-010,East,13,262.66,0.05,3243.85
ORD-004870,2023-06-03,CUST-0134,PROD-002,South,9,174.32,0.1,1411.99
ORD-004871,2024-04-28,CUST-0002,PROD-013,North,11,120.68,0.15,1128.36
ORD-004872,2023-06-30,CUST-0006,PROD-011,South,6,297.61,0.0,1785.66
ORD-004873,2023-04-30,CUST-0154,PROD-003,South,11,387.04,0.1,3831.7
ORD-004874,2024-09-05,CUST-0178,PROD-009,South,10,376.11,0.15,3196.94
ORD-004875,2023-10-08,CUST-0005,PROD-017,West,11,283.79,0.15,2653.44
ORD-004876,2024-04-10,CUST-0002,PROD-006,North,5,250.86,0.15,1066.16
ORD-004877,2023-06-20,CUST-0085,PROD-006,South,3,136.23,0.05,388.26
ORD-004878,2024-10-30,CUST-0134,PROD-012,South,8,357.76,0.1,2575.87
ORD-004879,2024-10-31,CUST-0066,PROD-001,South,12,130.01,0.0,1560.12
ORD-004880,2023-02-19,CUST-0159,PROD-005,North,3,177.6,0.15,452.88
ORD-004881,2024-08-11,CUST-0116,PROD-008,West,9,65.32,0.0,587.88
ORD-004882,2023-12-20,CUST-0112,PROD-006,West,14,253.1,0.0,3543.4
ORD-004883,2023-06-30,CUST-0103,PROD-007,South,3,505.11,0.05,1439.56
ORD-004884,2024-09-03,CUST-0055,PROD-003,North,6,286.95,0.0,1721.7
ORD-004885,2024-10-08,CUST-0117,PROD-005,North,12,104.88,0.0,1258.56
ORD-004886,2023-08-27,CUST-0133,PROD-013,North,3,338.51,0.15,863.2
ORD-004887,2023-01-02,CUST-0085,PROD-019,East,12,89.92,0.05,1025.09
ORD-004888,2023-04-07,CUST-0040,PROD-001,South,10,356.97,0.05,3391.22
ORD-004889,2024-08-31,CUST-0183,PROD-006,East,8,244.29,0.15,1661.17
ORD-004890,2024-06-21,CUST-0009,PROD-006,North,14,159.5,0.1,2009.7
ORD-004891,2024-08-31,CUST-0025,PROD-015,South,6,410.38,0.15,2092.94
ORD-004892,2024-09-20,CUST-0068,PROD-003,North,6,421.81,0.15,2151.23
ORD-004893,2024-03-11,CUST-0142,PROD-007,North,11,181.93,0.15,1701.05
ORD-004894,2024-03-21,CUST-0152,PROD-012,North,10,314.55,0.15,2673.68
ORD-004895,2023-02-24,CUST-0001,PROD-006,South,11,82.23,0.15,768.85
ORD-004896,2023-07-25,CUST-0001,PROD-013,North,12,57.82,0.05,659.15
ORD-004897,2024-03-02,CUST-0111,PROD-018,South,14,405.76,0.0,5680.64
ORD-004898,2023-09-13,CUST-0004,PROD-014,East,4,81.34,0.0,325.36
ORD-004899,2024-07-18,CUST-0052,PROD-004,South,1,252.57,0.05,239.94
ORD-004900,2024-08-03,CUST-0004,PROD-010,South,1,199.63,0.1,179.67
ORD-004901,2023-04-19,CUST-0164,PROD-003,West,11,114.63,0.0,1260.93
ORD-004902,2023-05-21,CUST-0135,PROD-008,North,7,149.13,0.0,1043.91
ORD-004903,2024-11-22,CUST-0003,PROD-022,South,2,27.04,0.2,43.26
ORD-004904,2023-04-26,CUST-0103,PROD-007,West,14,67.32,0.0,942.48
ORD-004905,2023-08-26,CUST-0005,PROD-002,North,8,377.52,0.05,2869.15
ORD-004906,2024-07-07,CUST-0027,PROD-015,East,10,173.32,0.15,1473.22
ORD-004907,2023-09-25,CUST-0162,PROD-004,West,11,182.69,0.05,1909.11
ORD-004908,2023-08-30,CUST-0107,PROD-016,South,9,306.5,0.0,2758.5
ORD-004909,2024-05-01,CUST-0042,PROD-001,South,10,369.03,0.1,3321.27
ORD-004910,2023-02-28,CUST-0105,PROD-006,North,3,192.06,0.1,518.56
ORD-004911,2024-05-04,CUST-0162,PROD-024,West,2,39.77,0.2,63.63
ORD-004912,2023-09-15,CUST-0086,PROD-005,North,1,262.85,0.15,223.42
ORD-004913,2023-04-11,CUST-0071,PROD-025,West,2,30.96,0.2,49.54
ORD-004914,2024-08-17,CUST-0031,PROD-007,West,1,316.49,0.05,300.67
ORD-004915,2024-01-08,CUST-0005,PROD-017,North,5,436.79,0.0,2183.95
ORD-004916,2024-03-20,CUST-0156,PROD-010,South,13,173.39,0.1,2028.66
ORD-004917,2024-08-26,CUST-0001,PROD-021,South,1,23.69,0.2,18.95
ORD-004918,2024-01-19,CUST-0001,PROD-014,South,1,507.83,0.1,457.05
ORD-004919,2023-01-10,CUST-0002,PROD-017,East,9,303.21,0.1,2456.0
ORD-004920,2023-10-29,CUST-0004,PROD-011,North,8,359.62,0.15,2445.42
ORD-004921,2024-02-20,CUST-0005,PROD-013,South,14,434.59,0.15,5171.62
ORD-004922,2024-07-20,CUST-0002,PROD-012,East,3,142.17,0.15,362.53
ORD-004923,2023-10-26,CUST-0184,PROD-017,North,14,210.47,0.15,2504.59
ORD-004924,2024-12-20,CUST-0188,PROD-022,West,2,16.06,0.2,25.7
ORD-004925,2024-07-31,CUST-0161,PROD-010,East,9,327.19,0.15,2503.0
ORD-004926,2023-08-26,CUST-0004,PROD-016,North,4,438.67,0.05,1666.95
ORD-004927,2024-04-21,CUST-0087,PROD-019,North,12,252.02,0.05,2873.03
ORD-004928,2023-07-06,CUST-0176,PROD-013,East,7,218.38,0.05,1452.23
ORD-004929,2023-06-27,CUST-0084,PROD-010,East,10,279.93,0.05,2659.34
ORD-004930,2023-11-14,CUST-0086,PROD-007,South,5,354.32,0.15,1505.86
ORD-004931,2023-08-17,CUST-0088,PROD-014,North,1,160.01,0.1,144.01
ORD-004932,2023-07-18,CUST-0094,PROD-014,East,2,327.87,0.05,622.95
ORD-004933,2023-03-03,CUST-0099,PROD-015,South,6,126.76,0.05,722.53
ORD-004934,2023-03-16,CUST-0111,PROD-013,South,2,494.93,0.0,989.86
ORD-004935,2023-03-02,CUST-0167,PROD-022,South,2,20.51,0.2,32.82
ORD-004936,2024-11-10,CUST-0005,PROD-018,East,7,295.47,0.05,1964.88
ORD-004937,2023-12-16,CUST-0185,PROD-003,South,5,74.75,0.0,373.75
ORD-004938,2024-11-26,CUST-0136,PROD-008,South,2,441.96,0.15,751.33
ORD-004939,2024-06-20,CUST-0108,PROD-017,North,14,427.03,0.05,5679.5
ORD-004940,2023-08-17,CUST-0005,PROD-019,North,6,64.06,0.0,384.36
ORD-004941,2024-02-22,CUST-0122,PROD-017,North,10,398.24,0.0,3982.4
ORD-004942,2024-10-06,CUST-0149,PROD-018,North,12,235.26,0.15,2399.65
ORD-004943,2024-08-05,CUST-0002,PROD-008,South,2,261.59,0.15,444.7
ORD-004944,2024-06-11,CUST-0071,PROD-008,South,10,249.35,0.05,2368.82
ORD-004945,2024-11-03,CUST-0005,PROD-012,North,10,178.55,0.0,1785.5
ORD-004946,2023-12-03,CUST-0002,PROD-008,South,14,311.36,0.05,4141.09
ORD-004947,2023-02-18,CUST-0112,PROD-008,East,12,159.97,0.0,1919.64
ORD-004948,2024-02-24,CUST-0110,PROD-003,West,12,296.42,0.05,3379.19
ORD-004949,2023-06-09,CUST-0108,PROD-011,North,1,202.11,0.05,192.0
ORD-004950,2024-07-05,CUST-0008,PROD-018,East,5,103.61,0.15,440.34
ORD-004951,2024-05-12,CUST-0029,PROD-007,South,10,222.85,0.1,2005.65
ORD-004952,2023-12-12,CUST-0114,PROD-012,South,5,418.73,0.1,1884.28
ORD-004953,2023-05-20,CUST-0002,PROD-017,North,11,349.8,0.05,3655.41
ORD-004954,2023-11-07,CUST-0002,PROD-009,South,3,147.36,0.15,375.77
ORD-004955,2024-04-10,CUST-0064,PROD-008,South,13,252.99,0.15,2795.54
ORD-004956,2023-06-19,CUST-0001,PROD-002,North,10,404.13,0.1,3637.17
ORD-004957,2024-08-25,CUST-0003,PROD-016,North,10,294.77,0.15,2505.54
ORD-004958,2024-08-21,CUST-0092,PROD-018,South,4,285.99,0.15,972.37
ORD-004959,2024-06-19,CUST-0129,PROD-008,West,2,243.36,0.15,413.71
ORD-004960,2023-02-22,CUST-0029,PROD-001,South,12,463.64,0.15,4729.13
ORD-004961,2023-06-07,CUST-0022,PROD-010,South,3,328.22,0.15,836.96
ORD-004962,2024-08-23,CUST-0081,PROD-024,North,2,17.83,0.2,28.53
ORD-004963,2023-08-21,CUST-0005,PROD-003,South,13,244.4,0.15,2700.62
ORD-004964,2024-03-30,CUST-0002,PROD-013,South,6,249.8,0.05,1423.86
ORD-004965,2024-02-22,CUST-0184,PROD-015,North,10,384.39,0.15,3267.31
ORD-004966,2023-06-01,CUST-0002,PROD-010,North,10,263.93,0.1,2375.37
ORD-004967,2024-03-10,CUST-0135,PROD-017,East,14,257.19,0.15,3060.56
ORD-004968,2024-11-14,CUST-0047,PROD-019,West,6,168.56,0.15,859.66
ORD-004969,2024-10-30,CUST-0111,PROD-017,West,12,154.47,0.0,1853.64
ORD-004970,2023-04-27,CUST-0001,PROD-011,East,13,166.51,0.05,2056.4
ORD-004971,2023-10-22,CUST-0091,PROD-002,North,1,70.93,0.15,60.29
ORD-004972,2023-02-11,CUST-0132,PROD-012,North,13,434.47,0.15,4800.89
ORD-004973,2024-04-03,CUST-0092,PROD-002,South,6,296.48,0.1,1600.99
ORD-004974,2023-12-13,CUST-0187,PROD-003,South,2,456.12,0.1,821.02
ORD-004975,2023-04-18,CUST-0069,PROD-019,West,1,274.42,0.05,260.7
ORD-004976,2023-03-19,CUST-0003,PROD-006,West,6,163.15,0.05,929.96
ORD-004977,2023-04-06,CUST-0200,PROD-002,East,14,299.68,0.1,3775.97
ORD-004978,2023-01-17,CUST-0003,PROD-003,North,9,375.27,0.15,2870.82
ORD-004979,2024-06-13,CUST-0052,PROD-024,North,1,15.91,0.2,12.73
ORD-004980,2023-12-23,CUST-0128,PROD-004,North,13,177.09,0.1,2071.95
ORD-004981,2024-01-07,CUST-0165,PROD-009,North,10,216.43,0.15,1839.66
ORD-004982,2024-02-25,CUST-0063,PROD-021,East,2,37.48,0.2,59.97
ORD-004983,2023-02-11,CUST-0072,PROD-011,North,8,250.72,0.05,1905.47
ORD-004984,2023-12-20,CUST-0038,PROD-010,North,14,304.78,0.1,3840.23
ORD-004985,2023-02-05,CUST-0174,PROD-011,South,14,277.72,0.05,3693.68
ORD-004986,2024-08-09,CUST-0022,PROD-002,South,11,518.87,0.15,4851.43
ORD-004987,2023-09-11,CUST-0003,PROD-001,North,14,330.27,0.1,4161.4
ORD-004988,2023-05-23,CUST-0019,PROD-009,North,11,175.71,0.0,1932.81
ORD-004989,2024-10-20,CUST-0141,PROD-016,North,11,128.28,0.1,1269.97
ORD-004990,2024-02-09,CUST-0131,PROD-007,West,4,63.01,0.15,214.23
ORD-004991,2023-01-05,CUST-0091,PROD-004,North,3,228.59,0.15,582.9
ORD-004992,2024-05-19,CUST-0161,PROD-004,East,11,168.14,0.0,1849.54
ORD-004993,2024-02-10,CUST-0001,PROD-002,South,6,249.51,0.1,1347.35
ORD-004994,2023-09-08,CUST-0088,PROD-006,South,2,348.9,0.05,662.91
ORD-004995,2023-08-09,CUST-0170,PROD-006,South,14,364.24,0.05,4844.39
ORD-004996,2023-08-02,CUST-0002,PROD-019,South,10,429.11,0.15,3647.44
ORD-004997,2023-07-07,CUST-0024,PROD-015,South,3,478.55,0.15,1220.3
ORD-004998,2024-09-16,CUST-0155,PROD-001,South,8,418.97,0.05,3184.17
ORD-004999,2023-02-24,CUST-0155,PROD-014,West,2,83.08,0.1,149.54
ORD-005000,2023-11-19,CUST-0145,PROD-003,East,8,311.64,0.1,2243.81
ORD-000013,2024-03-18,CUST-0032,PROD-022,South,2,28.01,0.2,44.82
ORD-000106,2024-09-25,CUST-0027,PROD-014,East,9,354.02,0.0,3186.18
ORD-000331,2023-05-13,CUST-0118,PROD-016,South,8,411.93,0.05,3130.67
